t,pos_cmd,samples_consumed
2451,17,102
2451,17,102
2451,17,102
2452,17,103
2452,17,103
2452,17,103
2452,17,103
2452,17,103
2452,17,103
2452,17,103
2453,17,104
2453,17,104
2453,17,104
2453,17,104
2453,17,104
2454,17,105
2454,18,105
2454,18,105
2454,18,105
2454,18,105
2454,18,105
2454,18,105
2454,18,105
2455,18,106
2455,18,106
2455,18,106
2455,18,106
2455,18,106
2455,18,106
2455,18,106
2456,18,107
2456,18,107
2456,18,107
2456,18,107
2456,18,107
2456,18,107
2456,18,107
2457,18,108
2457,19,108
2457,19,108
2457,19,108
2457,19,108
2457,19,108
2457,19,108
2457,19,108
2458,19,109
2458,19,109
2458,19,109
2458,19,109
2458,19,109
2458,19,109
2458,19,109
2458,19,109
2459,19,110
2459,19,110
2459,19,110
2459,19,110
2459,19,110
2459,19,110
2459,19,110
2460,19,111
2460,20,111
2460,20,111
2460,20,111
2460,20,111
2460,20,111
2460,20,111
2461,20,112
2461,20,112
2461,20,112
2461,20,112
2461,20,112
2461,20,112
2461,20,112
2461,20,112
2462,20,113
2462,21,113
2462,21,113
2462,21,113
2462,21,113
2462,21,113
2462,21,113
2462,21,113
2463,21,114
2463,21,114
2463,21,114
2463,21,114
2463,21,114
2463,21,114
2464,21,115
2464,21,115
2464,21,115
2464,21,115
2464,21,115
2464,21,115
2464,21,115
2464,21,115
2465,21,116
2465,22,116
2465,22,116
2465,22,116
2465,22,116
2465,22,116
2465,22,116
2465,22,116
2466,22,117
2466,22,117
2466,22,117
2466,22,117
2466,22,117
2466,22,117
2466,22,117
2466,22,117
2467,22,118
2467,22,118
2467,22,118
2467,22,118
2467,22,118
2467,22,118
2467,22,118
2467,22,118
2468,22,119
2468,23,119
2468,23,119
2468,23,119
2468,23,119
2468,23,119
2468,23,119
2468,23,119
2469,23,120
2469,23,120
2469,23,120
2469,23,120
2469,23,120
2469,23,120
2469,23,120
2469,23,120
2469,23,120
2470,23,121
2470,24,121
2470,24,121
2470,24,121
2470,24,121
2470,24,121
2470,24,121
2470,24,121
2471,24,122
2471,24,122
2471,24,122
2471,24,122
2471,24,122
2471,24,122
2471,24,122
2472,24,123
2472,24,123
2472,24,123
2472,24,123
2472,24,123
2472,24,123
2472,24,123
2472,24,123
2472,24,123
2473,24,124
2473,25,124
2473,25,124
2473,25,124
2473,25,124
2473,25,124
2473,25,124
2474,25,125
2474,25,125
2474,25,125
2474,25,125
2474,25,125
2474,25,125
2474,25,125
2474,25,125
2475,25,126
2475,26,126
2475,26,126
2475,26,126
2475,26,126
2475,26,126
2475,26,126
2475,26,126
2476,26,127
2476,26,127
2476,26,127
2476,26,127
2476,26,127
2476,26,127
2476,26,127
2477,26,128
2477,26,128
2477,26,128
2477,26,128
2477,26,128
2477,26,128
2477,26,128
2477,26,128
2478,26,129
2478,27,129
2478,27,129
2478,27,129
2478,27,129
2478,27,129
2478,27,129
2478,27,129
2479,27,130
2479,27,130
2479,27,130
2479,27,130
2479,27,130
2479,27,130
2479,27,130
2479,27,130
2480,27,131
2480,28,131
2480,28,131
2480,28,131
2480,28,131
2480,28,131
2480,28,131
2480,28,131
2481,28,132
2481,28,132
2481,28,132
2481,28,132
2481,28,132
2481,28,132
2481,28,132
2481,28,132
2482,28,133
2482,29,133
2482,29,133
2482,29,133
2482,29,133
2482,29,133
2482,29,133
2482,29,133
2483,29,134
2483,29,134
2483,29,134
2483,29,134
2483,29,134
2483,29,134
2483,29,134
2483,29,134
2484,29,135
2484,29,135
2484,29,135
2484,29,135
2484,29,135
2484,29,135
2484,29,135
2484,29,135
2485,29,136
2485,30,136
2485,30,136
2485,30,136
2485,30,136
2485,30,136
2485,30,136
2485,30,136
2486,30,137
2486,30,137
2486,30,137
2486,30,137
2486,30,137
2486,30,137
2486,30,137
2486,30,137
2487,30,138
2487,31,138
2487,31,138
2487,31,138
2487,31,138
2487,31,138
2487,31,138
2487,31,138
2488,31,139
2488,31,139
2488,31,139
2488,31,139
2488,31,139
2488,31,139
2488,31,139
2489,31,140
2489,32,140
2489,32,140
2489,32,140
2489,32,140
2489,32,140
2489,32,140
2489,32,140
2490,32,141
2490,32,141
2490,32,141
2490,32,141
2490,32,141
2490,32,141
2490,32,141
2490,32,141
2491,32,142
2491,33,142
2491,33,142
2491,33,142
2491,33,142
2491,33,142
2491,33,142
2491,33,142
2492,33,143
2492,33,143
2492,33,143
2492,33,143
2492,33,143
2492,33,143
2492,33,143
2492,33,143
2493,33,144
2493,34,144
2493,34,144
2493,34,144
2493,34,144
2493,34,144
2493,34,144
2493,34,144
2494,34,145
2494,34,145
2494,34,145
2494,34,145
2494,34,145
2494,34,145
2494,34,145
2494,34,145
2494,34,145
2495,34,146
2495,34,146
2495,34,146
2495,34,146
2495,34,146
2495,34,146
2495,34,146
2495,34,146
2496,34,147
2496,35,147
2496,35,147
2496,35,147
2496,35,147
2496,35,147
2496,35,147
2496,35,147
2496,35,147
2497,35,148
2497,35,148
2497,35,148
2497,35,148
2497,35,148
2497,35,148
2497,35,148
2497,35,148
2498,35,149
2498,36,149
2498,36,149
2498,36,149
2498,36,149
2498,36,149
2498,36,149
2498,36,149
2499,36,150
2499,36,150
2499,36,150
2499,36,150
2499,36,150
2499,36,150
2499,36,150
2499,36,150
2499,36,150
2500,36,151
2500,37,151
2500,37,151
2500,37,151
2500,37,151
2500,37,151
2500,37,151
2500,37,151
2501,37,152
2501,37,152
2501,37,152
2501,37,152
2501,37,152
2501,37,152
2501,37,152
2501,37,152
2501,37,152
2502,37,153
2502,38,153
2502,38,153
2502,38,153
2502,38,153
2502,38,153
2502,38,153
2502,38,153
2503,38,154
2503,38,154
2503,38,154
2503,38,154
2503,38,154
2503,38,154
2503,38,154
2503,38,154
2503,38,154
2504,38,155
2504,39,155
2504,39,155
2504,39,155
2504,39,155
2504,39,155
2504,39,155
2504,39,155
2505,39,156
2505,39,156
2505,39,156
2505,39,156
2505,39,156
2505,39,156
2505,39,156
2505,39,156
2505,39,156
2506,39,157
2506,40,157
2506,40,157
2506,40,157
2506,40,157
2506,40,157
2506,40,157
2506,40,157
2507,40,158
2507,40,158
2507,40,158
2507,40,158
2507,40,158
2507,40,158
2507,40,158
2507,40,158
2507,40,158
2508,41,159
2508,41,159
2508,41,159
2508,41,159
2508,41,159
2508,41,159
2508,41,159
2508,41,159
2509,41,160
2509,41,160
2509,41,160
2509,41,160
2509,41,160
2509,41,160
2509,41,160
2509,41,160
2510,41,161
2510,42,161
2510,42,161
2510,42,161
2510,42,161
2510,42,161
2510,42,161
2510,42,161
2511,42,162
2511,42,162
2511,42,162
2511,42,162
2511,42,162
2511,42,162
2511,42,162
2511,42,162
2512,42,163
2512,43,163
2512,43,163
2512,43,163
2512,43,163
2512,43,163
2512,43,163
2512,43,163
2513,43,164
2513,44,164
2513,44,164
2513,44,164
2513,44,164
2513,44,164
2513,44,164
2513,44,164
2514,44,165
2514,44,165
2514,44,165
2514,44,165
2514,44,165
2514,44,165
2514,44,165
2514,44,165
2515,44,166
2515,45,166
2515,45,166
2515,45,166
2515,45,166
2515,45,166
2515,45,166
2515,45,166
2515,45,166
2516,45,167
2516,45,167
2516,45,167
2516,45,167
2516,45,167
2516,45,167
2516,45,167
2516,45,167
2517,45,168
2517,46,168
2517,46,168
2517,46,168
2517,46,168
2517,46,168
2517,46,168
2517,46,168
2518,46,169
2518,46,169
2518,46,169
2518,46,169
2518,46,169
2518,46,169
2518,46,169
2518,46,169
2518,46,169
2519,46,170
2519,47,170
2519,47,170
2519,47,170
2519,47,170
2519,47,170
2519,47,170
2519,47,170
2520,47,171
2520,47,171
2520,47,171
2520,47,171
2520,47,171
2520,47,171
2520,47,171
2520,47,171
2521,47,172
2521,48,172
2521,48,172
2521,48,172
2521,48,172
2521,48,172
2521,48,172
2521,48,172
2521,48,172
2522,48,173
2522,48,173
2522,48,173
2522,48,173
2522,48,173
2522,48,173
2522,48,173
2522,48,173
2523,48,174
2523,49,174
2523,49,174
2523,49,174
2523,49,174
2523,49,174
2523,49,174
2523,49,174
2523,49,174
2524,49,175
2524,50,175
2524,50,175
2524,50,175
2524,50,175
2524,50,175
2524,50,175
2524,50,175
2525,50,176
2525,50,176
2525,50,176
2525,50,176
2525,50,176
2525,50,176
2525,50,176
2525,50,176
2525,50,176
2526,51,177
2526,51,177
2526,51,177
2526,51,177
2526,51,177
2526,51,177
2526,51,177
2526,51,177
2527,51,178
2527,51,178
2527,51,178
2527,51,178
2527,51,178
2527,51,178
2527,51,178
2527,51,178
2528,51,179
2528,52,179
2528,52,179
2528,52,179
2528,52,179
2528,52,179
2528,52,179
2528,52,179
2528,52,179
2529,52,180
2529,52,180
2529,52,180
2529,52,180
2529,52,180
2529,52,180
2529,52,180
2529,52,180
2530,52,181
2530,53,181
2530,53,181
2530,53,181
2530,53,181
2530,53,181
2530,53,181
2530,53,181
2530,53,181
2531,53,182
2531,54,182
2531,54,182
2531,54,182
2531,54,182
2531,54,182
2531,54,182
2531,54,182
2532,54,183
2532,54,183
2532,54,183
2532,54,183
2532,54,183
2532,54,183
2532,54,183
2532,54,183
2532,54,183
2533,55,184
2533,55,184
2533,55,184
2533,55,184
2533,55,184
2533,55,184
2533,55,184
2533,55,184
2534,55,185
2534,55,185
2534,55,185
2534,55,185
2534,55,185
2534,55,185
2534,55,185
2534,55,185
2535,55,186
2535,56,186
2535,56,186
2535,56,186
2535,56,186
2535,56,186
2535,56,186
2535,56,186
2535,56,186
2536,56,187
2536,57,187
2536,57,187
2536,57,187
2536,57,187
2536,57,187
2536,57,187
2536,57,187
2537,57,188
2537,57,188
2537,57,188
2537,57,188
2537,57,188
2537,57,188
2537,57,188
2537,57,188
2538,57,189
2538,58,189
2538,58,189
2538,58,189
2538,58,189
2538,58,189
2538,58,189
2538,58,189
2539,58,190
2539,59,190
2539,59,190
2539,59,190
2539,59,190
2539,59,190
2539,59,190
2539,59,190
2540,59,191
2540,59,191
2540,59,191
2540,59,191
2540,59,191
2540,59,191
2540,59,191
2540,59,191
2541,59,192
2541,60,192
2541,60,192
2541,60,192
2541,60,192
2541,60,192
2541,60,192
2541,60,192
2542,60,193
2542,60,193
2542,60,193
2542,60,193
2542,60,193
2542,60,193
2542,60,193
2542,60,193
2543,60,194
2543,61,194
2543,61,194
2543,61,194
2543,61,194
2543,61,194
2543,61,194
2543,61,194
2543,61,194
2544,61,195
2544,62,195
2544,62,195
2544,62,195
2544,62,195
2544,62,195
2544,62,195
2544,62,195
2545,62,196
2545,62,196
2545,62,196
2545,62,196
2545,62,196
2545,62,196
2545,62,196
2545,62,196
2546,62,197
2546,63,197
2546,63,197
2546,63,197
2546,63,197
2546,63,197
2546,63,197
2546,63,197
2546,63,197
2547,63,198
2547,64,198
2547,64,198
2547,64,198
2547,64,198
2547,64,198
2547,64,198
2547,64,198
2548,64,199
2548,64,199
2548,64,199
2548,64,199
2548,64,199
2548,64,199
2548,64,199
2548,64,199
2548,64,199
2549,64,200
2549,65,200
2549,65,200
2549,65,200
2549,65,200
2549,65,200
2549,65,200
2549,65,200
2550,65,201
2550,66,201
2550,66,201
2550,66,201
2550,66,201
2550,66,201
2550,66,201
2550,66,201
2551,66,202
2551,66,202
2551,66,202
2551,66,202
2551,66,202
2551,66,202
2551,66,202
2551,66,202
2551,66,202
2552,66,203
2552,67,203
2552,67,203
2552,67,203
2552,67,203
2552,67,203
2552,67,203
2552,67,203
2553,67,204
2553,68,204
2553,68,204
2553,68,204
2553,68,204
2553,68,204
2553,68,204
2553,68,204
2553,68,204
2554,68,205
2554,68,205
2554,68,205
2554,68,205
2554,68,205
2554,68,205
2554,68,205
2554,68,205
2555,68,206
2555,69,206
2555,69,206
2555,69,206
2555,69,206
2555,69,206
2555,69,206
2555,69,206
2555,69,206
2556,69,207
2556,70,207
2556,70,207
2556,70,207
2556,70,207
2556,70,207
2556,70,207
2557,70,208
2557,70,208
2557,70,208
2557,70,208
2557,70,208
2557,70,208
2557,70,208
2557,70,208
2558,70,209
2558,71,209
2558,71,209
2558,71,209
2558,71,209
2558,71,209
2558,71,209
2558,71,209
2559,71,210
2559,72,210
2559,72,210
2559,72,210
2559,72,210
2559,72,210
2559,72,210
2559,72,210
2559,72,210
2560,72,211
2560,72,211
2560,72,211
2560,72,211
2560,72,211
2560,72,211
2560,72,211
2560,72,211
2561,72,212
2561,73,212
2561,73,212
2561,73,212
2561,73,212
2561,73,212
2561,73,212
2561,73,212
2562,73,213
2562,74,213
2562,74,213
2562,74,213
2562,74,213
2562,74,213
2563,74,214
2563,74,214
2563,74,214
2563,74,214
2563,74,214
2563,74,214
2563,74,214
2563,74,214
2564,74,215
2564,75,215
2564,75,215
2564,75,215
2564,75,215
2564,75,215
2564,75,215
2564,75,215
2565,75,216
2565,76,216
2565,76,216
2565,76,216
2565,76,216
2565,76,216
2565,76,216
2565,76,216
2566,76,217
2566,76,217
2566,76,217
2566,76,217
2566,76,217
2566,76,217
2566,76,217
2566,76,217
2567,76,218
2567,77,218
2567,77,218
2567,77,218
2567,77,218
2567,77,218
2567,77,218
2567,77,218
2567,77,218
2568,77,219
2568,78,219
2568,78,219
2568,78,219
2568,78,219
2568,78,219
2568,78,219
2569,78,220
2569,79,220
2569,79,220
2569,79,220
2569,79,220
2569,79,220
2569,79,220
2569,79,220
2569,79,220
2570,79,221
2570,79,221
2570,79,221
2570,79,221
2570,79,221
2570,79,221
2570,79,221
2571,79,222
2571,80,222
2571,80,222
2571,80,222
2571,80,222
2571,80,222
2571,80,222
2571,80,222
2572,80,223
2572,81,223
2572,81,223
2572,81,223
2572,81,223
2572,81,223
2572,81,223
2572,81,223
2573,81,224
2573,81,224
2573,81,224
2573,81,224
2573,81,224
2573,81,224
2573,81,224
2573,81,224
2574,81,225
2574,82,225
2574,82,225
2574,82,225
2574,82,225
2574,82,225
2574,82,225
2574,82,225
2575,83,226
2575,83,226
2575,83,226
2575,83,226
2575,83,226
2575,83,226
2575,83,226
2575,83,226
2576,83,227
2576,84,227
2576,84,227
2576,84,227
2576,84,227
2576,84,227
2576,84,227
2576,84,227
2577,84,228
2577,84,228
2577,84,228
2577,84,228
2577,84,228
2577,84,228
2577,84,228
2577,84,228
2578,84,229
2578,85,229
2578,85,229
2578,85,229
2578,85,229
2578,85,229
2578,85,229
2578,85,229
2579,85,230
2579,86,230
2579,86,230
2579,86,230
2579,86,230
2579,86,230
2579,86,230
2579,86,230
2580,86,231
2580,87,231
2580,87,231
2580,87,231
2580,87,231
2580,87,231
2580,87,231
2580,87,231
2581,87,232
2581,87,232
2581,87,232
2581,87,232
2581,87,232
2581,87,232
2581,87,232
2581,87,232
2582,87,233
2582,88,233
2582,88,233
2582,88,233
2582,88,233
2582,88,233
2582,88,233
2582,88,233
2583,88,234
2583,89,234
2583,89,234
2583,89,234
2583,89,234
2583,89,234
2583,89,234
2583,89,234
2584,89,235
2584,90,235
2584,90,235
2584,90,235
2584,90,235
2584,90,235
2584,90,235
2584,90,235
2584,90,235
2585,90,236
2585,90,236
2585,90,236
2585,90,236
2585,90,236
2585,90,236
2585,90,236
2585,90,236
2586,91,237
2586,91,237
2586,91,237
2586,91,237
2586,91,237
2586,91,237
2586,91,237
2587,91,238
2587,92,238
2587,92,238
2587,92,238
2587,92,238
2587,92,238
2587,92,238
2587,92,238
2588,92,239
2588,93,239
2588,93,239
2588,93,239
2588,93,239
2588,93,239
2588,93,239
2588,93,239
2589,93,240
2589,94,240
2589,94,240
2589,94,240
2589,94,240
2589,94,240
2589,94,240
2589,94,240
2589,94,240
2590,94,241
2590,94,241
2590,94,241
2590,94,241
2590,94,241
2590,94,241
2590,94,241
2590,94,241
2591,94,242
2591,95,242
2591,95,242
2591,95,242
2591,95,242
2591,95,242
2591,95,242
2591,95,242
2592,95,243
2592,96,243
2592,96,243
2592,96,243
2592,96,243
2592,96,243
2592,96,243
2592,96,243
2593,96,244
2593,97,244
2593,97,244
2593,97,244
2593,97,244
2593,97,244
2593,97,244
2593,97,244
2593,97,244
2594,97,245
2594,98,245
2594,98,245
2594,98,245
2594,98,245
2594,98,245
2594,98,245
2594,98,245
2595,98,246
2595,98,246
2595,98,246
2595,98,246
2595,98,246
2595,98,246
2595,98,246
2595,98,246
2596,98,247
2596,99,247
2596,99,247
2596,99,247
2596,99,247
2596,99,247
2596,99,247
2596,99,247
2596,99,247
2597,99,248
2597,100,248
2597,100,248
2597,100,248
2597,100,248
2597,100,248
2597,100,248
2597,100,248
2598,100,249
2598,101,249
2598,101,249
2598,101,249
2598,101,249
2598,101,249
2598,101,249
2598,101,249
2599,101,250
2599,102,250
2599,102,250
2599,102,250
2599,102,250
2599,102,250
2599,102,250
2599,102,250
2599,102,250
2600,102,251
2600,102,251
2600,102,251
2600,102,251
2600,102,251
2600,102,251
2600,102,251
2600,102,251
2601,102,252
2601,103,252
2601,103,252
2601,103,252
2601,103,252
2601,103,252
2601,103,252
2601,103,252
2602,103,253
2602,104,253
2602,104,253
2602,104,253
2602,104,253
2602,104,253
2602,104,253
2602,104,253
2603,104,254
2603,105,254
2603,105,254
2603,105,254
2603,105,254
2603,105,254
2603,105,254
2603,105,254
2604,105,255
2604,106,255
2604,106,255
2604,106,255
2604,106,255
2604,106,255
2604,106,255
2604,106,255
2604,106,255
2605,106,256
2605,107,256
2605,107,256
2605,107,256
2605,107,256
2605,107,256
2605,107,256
2605,107,256
2606,107,257
2606,107,257
2606,107,257
2606,107,257
2606,107,257
2606,107,257
2606,107,257
2606,107,257
2607,107,258
2607,108,258
2607,108,258
2607,108,258
2607,108,258
2607,108,258
2607,108,258
2607,108,258
2607,108,258
2608,108,259
2608,109,259
2608,109,259
2608,109,259
2608,109,259
2608,109,259
2608,109,259
2608,109,259
2609,109,260
2609,110,260
2609,110,260
2609,110,260
2609,110,260
2609,110,260
2609,110,260
2609,110,260
2610,110,261
2610,111,261
2610,111,261
2610,111,261
2610,111,261
2610,111,261
2610,111,261
2610,111,261
2611,111,262
2611,112,262
2611,112,262
2611,112,262
2611,112,262
2611,112,262
2611,112,262
2611,112,262
2611,112,262
2612,112,263
2612,112,263
2612,112,263
2612,112,263
2612,112,263
2612,112,263
2612,112,263
2612,112,263
2613,112,264
2613,113,264
2613,113,264
2613,113,264
2613,113,264
2613,113,264
2613,113,264
2613,113,264
2614,113,265
2614,114,265
2614,114,265
2614,114,265
2614,114,265
2614,114,265
2614,114,265
2614,114,265
2614,114,265
2615,115,266
2615,115,266
2615,115,266
2615,115,266
2615,115,266
2615,115,266
2615,115,266
2615,115,266
2616,115,267
2616,116,267
2616,116,267
2616,116,267
2616,116,267
2616,116,267
2616,116,267
2616,116,267
2617,116,268
2617,117,268
2617,117,268
2617,117,268
2617,117,268
2617,117,268
2617,117,268
2617,117,268
2617,117,268
2618,117,269
2618,118,269
2618,118,269
2618,118,269
2618,118,269
2618,118,269
2618,118,269
2618,118,269
2619,118,270
2619,119,270
2619,119,270
2619,119,270
2619,119,270
2619,119,270
2619,119,270
2619,119,270
2620,119,271
2620,119,271
2620,119,271
2620,119,271
2620,119,271
2620,119,271
2620,119,271
2620,119,271
2621,119,272
2621,120,272
2621,120,272
2621,120,272
2621,120,272
2621,120,272
2621,120,272
2621,120,272
2622,120,273
2622,121,273
2622,121,273
2622,121,273
2622,121,273
2622,121,273
2622,121,273
2622,121,273
2622,121,273
2623,121,274
2623,122,274
2623,122,274
2623,122,274
2623,122,274
2623,122,274
2623,122,274
2623,122,274
2624,122,275
2624,123,275
2624,123,275
2624,123,275
2624,123,275
2624,123,275
2624,123,275
2624,123,275
2625,123,276
2625,124,276
2625,124,276
2625,124,276
2625,124,276
2625,124,276
2625,124,276
2625,124,276
2626,124,277
2626,125,277
2626,125,277
2626,125,277
2626,125,277
2626,125,277
2626,125,277
2626,125,277
2627,125,278
2627,126,278
2627,126,278
2627,126,278
2627,126,278
2627,126,278
2627,126,278
2627,126,278
2627,126,278
2628,126,279
2628,127,279
2628,127,279
2628,127,279
2628,127,279
2628,127,279
2628,127,279
2628,127,279
2629,127,280
2629,128,280
2629,128,280
2629,128,280
2629,128,280
2629,128,280
2629,128,280
2629,128,280
2630,128,281
2630,128,281
2630,128,281
2630,128,281
2630,128,281
2630,128,281
2630,128,281
2630,128,281
2631,128,282
2631,129,282
2631,129,282
2631,129,282
2631,129,282
2631,129,282
2631,129,282
2631,129,282
2631,129,282
2632,129,283
2632,130,283
2632,130,283
2632,130,283
2632,130,283
2632,130,283
2632,130,283
2632,130,283
2633,130,284
2633,131,284
2633,131,284
2633,131,284
2633,131,284
2633,131,284
2633,131,284
2633,131,284
2634,131,285
2634,132,285
2634,132,285
2634,132,285
2634,132,285
2634,132,285
2634,132,285
2634,132,285
2634,132,285
2635,132,286
2635,133,286
2635,133,286
2635,133,286
2635,133,286
2635,133,286
2635,133,286
2635,133,286
2636,133,287
2636,134,287
2636,134,287
2636,134,287
2636,134,287
2636,134,287
2636,134,287
2636,134,287
2637,134,288
2637,135,288
2637,135,288
2637,135,288
2637,135,288
2637,135,288
2637,135,288
2637,135,288
2637,135,289
2638,136,289
2638,136,289
2638,136,289
2638,136,289
2638,136,289
2638,136,289
2638,136,289
2638,136,289
2639,136,290
2639,137,290
2639,137,290
2639,137,290
2639,137,290
2639,137,290
2639,137,290
2639,137,290
2640,137,291
2640,138,291
2640,138,291
2640,138,291
2640,138,291
2640,138,291
2640,138,291
2640,138,291
2641,138,292
2641,139,292
2641,139,292
2641,139,292
2641,139,292
2641,139,292
2641,139,292
2641,139,292
2641,139,292
2642,139,293
2642,140,293
2642,140,293
2642,140,293
2642,140,293
2642,140,293
2642,140,293
2642,140,293
2643,140,294
2643,141,294
2643,141,294
2643,141,294
2643,141,294
2643,141,294
2643,141,294
2643,141,294
2643,141,294
2644,141,295
2644,142,295
2644,142,295
2644,142,295
2644,142,295
2644,142,295
2644,142,295
2644,142,295
2645,142,296
2645,143,296
2645,143,296
2645,143,296
2645,143,296
2645,143,296
2645,143,296
2645,143,296
2645,143,296
2646,143,297
2646,144,297
2646,144,297
2646,144,297
2646,144,297
2646,144,297
2646,144,297
2646,144,297
2647,144,298
2647,145,298
2647,145,298
2647,145,298
2647,145,298
2647,145,298
2647,145,298
2647,145,298
2647,145,298
2648,145,299
2648,146,299
2648,146,299
2648,146,299
2648,146,299
2648,146,299
2648,146,299
2648,146,299
2649,146,300
2649,146,300
2649,146,300
2649,146,300
2649,146,300
2649,146,300
2649,146,300
2649,146,300
2649,146,300
2650,146,301
2650,147,301
2650,147,301
2650,147,301
2650,147,301
2650,147,301
2650,147,301
2650,147,301
2651,147,302
2651,148,302
2651,148,302
2651,148,302
2651,148,302
2651,148,302
2651,148,302
2651,148,302
2652,148,303
2652,149,303
2652,149,303
2652,149,303
2652,149,303
2652,149,303
2652,149,303
2652,149,303
2652,149,303
2653,149,304
2653,150,304
2653,150,304
2653,150,304
2653,150,304
2653,150,304
2653,150,304
2653,150,304
2654,150,305
2654,151,305
2654,151,305
2654,151,305
2654,151,305
2654,151,305
2654,151,305
2654,151,305
2655,151,306
2655,152,306
2655,152,306
2655,152,306
2655,152,306
2655,152,306
2655,152,306
2655,152,306
2655,152,306
2656,152,307
2656,153,307
2656,153,307
2656,153,307
2656,153,307
2656,153,307
2656,153,307
2656,153,307
2657,153,308
2657,154,308
2657,154,308
2657,154,308
2657,154,308
2657,154,308
2657,154,308
2657,154,308
2658,154,309
2658,155,309
2658,155,309
2658,155,309
2658,155,309
2658,155,309
2658,155,309
2658,155,309
2658,155,309
2659,155,310
2659,156,310
2659,156,310
2659,156,310
2659,156,310
2659,156,310
2659,156,310
2659,156,310
2660,156,311
2660,157,311
2660,157,311
2660,157,311
2660,157,311
2660,157,311
2660,157,311
2660,157,311
2660,157,312
2661,158,312
2661,158,312
2661,158,312
2661,158,312
2661,158,312
2661,158,312
2661,158,312
2661,158,312
2662,158,313
2662,159,313
2662,159,313
2662,159,313
2662,159,313
2662,159,313
2662,159,313
2662,159,313
2663,159,314
2663,161,314
2663,161,314
2663,161,314
2663,161,314
2663,161,314
2663,161,314
2663,161,314
2663,161,314
2664,162,315
2664,162,315
2664,162,315
2664,162,315
2664,162,315
2664,162,315
2664,162,315
2664,162,315
2665,162,316
2665,163,316
2665,163,316
2665,163,316
2665,163,316
2665,163,316
2665,163,316
2665,163,316
2666,163,317
2666,164,317
2666,164,317
2666,164,317
2666,164,317
2666,164,317
2666,164,317
2666,164,317
2667,164,318
2667,165,318
2667,165,318
2667,165,318
2667,165,318
2667,165,318
2667,165,318
2668,165,319
2668,166,319
2668,166,319
2668,166,319
2668,166,319
2668,166,319
2668,166,319
2668,166,319
2669,166,320
2669,167,320
2669,167,320
2669,167,320
2669,167,320
2669,167,320
2669,167,320
2669,167,320
2669,167,320
2670,167,321
2670,168,321
2670,168,321
2670,168,321
2670,168,321
2670,168,321
2670,168,321
2670,168,321
2671,168,322
2671,169,322
2671,169,322
2671,169,322
2671,169,322
2671,169,322
2671,169,322
2671,169,322
2672,169,323
2672,170,323
2672,170,323
2672,170,323
2672,170,323
2672,170,323
2672,170,323
2672,170,323
2673,170,324
2673,171,324
2673,171,324
2673,171,324
2673,171,324
2673,171,324
2673,171,324
2673,171,324
2674,171,325
2674,172,325
2674,172,325
2674,172,325
2674,172,325
2674,172,325
2674,172,325
2674,172,325
2675,172,326
2675,173,326
2675,173,326
2675,173,326
2675,173,326
2675,173,326
2675,173,326
2675,173,326
2676,173,327
2676,174,327
2676,174,327
2676,174,327
2676,174,327
2676,174,327
2676,174,327
2676,174,327
2677,174,328
2677,175,328
2677,175,328
2677,175,328
2677,175,328
2677,175,328
2677,175,328
2677,175,328
2677,175,329
2678,176,329
2678,176,329
2678,176,329
2678,176,329
2678,176,329
2678,176,329
2678,176,329
2678,176,329
2679,176,330
2679,177,330
2679,177,330
2679,177,330
2679,177,330
2679,177,330
2679,177,330
2679,177,330
2680,177,331
2680,178,331
2680,178,331
2680,178,331
2680,178,331
2680,178,331
2680,178,331
2680,178,331
2680,178,331
2681,178,332
2681,180,332
2681,180,332
2681,180,332
2681,180,332
2681,180,332
2681,180,332
2681,180,332
2682,180,333
2682,181,333
2682,181,333
2682,181,333
2682,181,333
2682,181,333
2682,181,333
2682,181,333
2683,181,334
2683,182,334
2683,182,334
2683,182,334
2683,182,334
2683,182,334
2683,182,334
2683,182,334
2683,182,334
2684,182,335
2684,183,335
2684,183,335
2684,183,335
2684,183,335
2684,183,335
2684,183,335
2684,183,335
2685,183,336
2685,184,336
2685,184,336
2685,184,336
2685,184,336
2685,184,336
2685,184,336
2685,184,336
2686,184,337
2686,185,337
2686,185,337
2686,185,337
2686,185,337
2686,185,337
2686,185,337
2686,185,337
2686,185,337
2687,185,338
2687,186,338
2687,186,338
2687,186,338
2687,186,338
2687,186,338
2687,186,338
2687,186,338
2688,186,339
2688,187,339
2688,187,339
2688,187,339
2688,187,339
2688,187,339
2688,187,339
2688,187,339
2689,187,340
2689,188,340
2689,188,340
2689,188,340
2689,188,340
2689,188,340
2689,188,340
2689,188,340
2689,188,340
2690,188,341
2690,189,341
2690,189,341
2690,189,341
2690,189,341
2690,189,341
2690,189,341
2690,189,341
2691,189,342
2691,191,342
2691,191,342
2691,191,342
2691,191,342
2691,191,342
2691,191,342
2691,191,342
2691,191,342
2692,191,343
2692,192,343
2692,192,343
2692,192,343
2692,192,343
2692,192,343
2692,192,343
2692,192,343
2693,192,344
2693,193,344
2693,193,344
2693,193,344
2693,193,344
2693,193,344
2693,193,344
2693,193,344
2693,193,344
2694,193,345
2694,194,345
2694,194,345
2694,194,345
2694,194,345
2694,194,345
2694,194,345
2694,194,345
2695,194,346
2695,195,346
2695,195,346
2695,195,346
2695,195,346
2695,195,346
2695,195,346
2695,195,346
2696,195,347
2696,196,347
2696,196,347
2696,196,347
2696,196,347
2696,196,347
2696,196,347
2696,196,347
2696,196,347
2697,196,348
2697,197,348
2697,197,348
2697,197,348
2697,197,348
2697,197,348
2697,197,348
2697,197,348
2698,197,349
2698,198,349
2698,198,349
2698,198,349
2698,198,349
2698,198,349
2698,198,349
2698,198,349
2698,198,349
2699,198,350
2699,200,350
2699,200,350
2699,200,350
2699,200,350
2699,200,350
2699,200,350
2699,200,350
2700,200,351
2700,201,351
2700,201,351
2700,201,351
2700,201,351
2700,201,351
2700,201,351
2700,201,351
2701,201,352
2701,202,352
2701,202,352
2701,202,352
2701,202,352
2701,202,352
2701,202,352
2701,202,352
2701,202,352
2702,202,353
2702,203,353
2702,203,353
2702,203,353
2702,203,353
2702,203,353
2702,203,353
2702,203,353
2703,203,354
2703,204,354
2703,204,354
2703,204,354
2703,204,354
2703,204,354
2703,204,354
2703,204,354
2704,204,355
2704,205,355
2704,205,355
2704,205,355
2704,205,355
2704,205,355
2704,205,355
2704,205,355
2705,205,356
2705,206,356
2705,206,356
2705,206,356
2705,206,356
2705,206,356
2705,206,356
2705,206,356
2705,206,357
2706,208,357
2706,208,357
2706,208,357
2706,208,357
2706,208,357
2706,208,357
2706,208,357
2707,208,358
2707,209,358
2707,209,358
2707,209,358
2707,209,358
2707,209,358
2707,209,358
2707,209,358
2707,209,358
2708,209,359
2708,210,359
2708,210,359
2708,210,359
2708,210,359
2708,210,359
2708,210,359
2708,210,359
2709,210,360
2709,211,360
2709,211,360
2709,211,360
2709,211,360
2709,211,360
2709,211,360
2709,211,360
2710,211,361
2710,212,361
2710,212,361
2710,212,361
2710,212,361
2710,212,361
2710,212,361
2710,212,361
2711,212,362
2711,214,362
2711,214,362
2711,214,362
2711,214,362
2711,214,362
2711,214,362
2711,214,362
2712,214,363
2712,215,363
2712,215,363
2712,215,363
2712,215,363
2712,215,363
2712,215,363
2712,215,363
2712,215,363
2713,216,364
2713,216,364
2713,216,364
2713,216,364
2713,216,364
2713,216,364
2713,216,364
2713,216,364
2714,216,365
2714,217,365
2714,217,365
2714,217,365
2714,217,365
2714,217,365
2714,217,365
2714,217,365
2715,218,366
2715,218,366
2715,218,366
2715,218,366
2715,218,366
2715,218,366
2715,218,366
2715,218,366
2716,218,367
2716,219,367
2716,219,367
2716,219,367
2716,219,367
2716,219,367
2716,219,367
2716,219,367
2717,219,368
2717,221,368
2717,221,368
2717,221,368
2717,221,368
2717,221,368
2717,221,368
2717,221,368
2718,221,369
2718,222,369
2718,222,369
2718,222,369
2718,222,369
2718,222,369
2718,222,369
2718,222,369
2719,222,370
2719,223,370
2719,223,370
2719,223,370
2719,223,370
2719,223,370
2719,223,370
2719,223,370
2720,223,371
2720,224,371
2720,224,371
2720,224,371
2720,224,371
2720,224,371
2720,224,371
2720,224,371
2721,224,372
2721,226,372
2721,226,372
2721,226,372
2721,226,372
2721,226,372
2721,226,372
2721,226,372
2722,226,373
2722,227,373
2722,227,373
2722,227,373
2722,227,373
2722,227,373
2722,227,373
2723,227,374
2723,228,374
2723,228,374
2723,228,374
2723,228,374
2723,228,374
2723,228,374
2723,228,374
2724,228,375
2724,229,375
2724,229,375
2724,229,375
2724,229,375
2724,229,375
2724,229,375
2724,229,375
2725,229,376
2725,230,376
2725,230,376
2725,230,376
2725,230,376
2725,230,376
2725,230,376
2725,230,376
2726,230,377
2726,232,377
2726,232,377
2726,232,377
2726,232,377
2726,232,377
2726,232,377
2726,232,377
2726,232,378
2727,233,378
2727,233,378
2727,233,378
2727,233,378
2727,233,378
2727,233,378
2727,233,378
2727,233,378
2728,233,379
2728,234,379
2728,234,379
2728,234,379
2728,234,379
2728,234,379
2728,234,379
2728,234,379
2729,234,380
2729,235,380
2729,235,380
2729,235,380
2729,235,380
2729,235,380
2729,235,380
2729,235,380
2730,235,381
2730,237,381
2730,237,381
2730,237,381
2730,237,381
2730,237,381
2730,237,381
2730,237,381
2730,237,381
2731,237,382
2731,238,382
2731,238,382
2731,238,382
2731,238,382
2731,238,382
2731,238,382
2732,238,383
2732,239,383
2732,239,383
2732,239,383
2732,239,383
2732,239,383
2732,239,383
2732,239,383
2733,239,384
2733,240,384
2733,240,384
2733,240,384
2733,240,384
2733,240,384
2733,240,384
2733,240,384
2734,240,385
2734,242,385
2734,242,385
2734,242,385
2734,242,385
2734,242,385
2734,242,385
2734,242,385
2734,242,385
2735,242,386
2735,243,386
2735,243,386
2735,243,386
2735,243,386
2735,243,386
2735,243,386
2735,243,386
2736,243,387
2736,244,387
2736,244,387
2736,244,387
2736,244,387
2736,244,387
2736,244,387
2736,244,387
2736,244,387
2737,244,388
2737,245,388
2737,245,388
2737,245,388
2737,245,388
2737,245,388
2737,245,388
2737,245,388
2738,245,389
2738,247,389
2738,247,389
2738,247,389
2738,247,389
2738,247,389
2738,247,389
2738,247,389
2738,247,390
2739,248,390
2739,248,390
2739,248,390
2739,248,390
2739,248,390
2739,248,390
2739,248,390
2739,248,390
2740,248,391
2740,249,391
2740,249,391
2740,249,391
2740,249,391
2740,249,391
2740,249,391
2740,249,391
2741,249,392
2741,250,392
2741,250,392
2741,250,392
2741,250,392
2741,250,392
2741,250,392
2741,250,392
2742,250,393
2742,252,393
2742,252,393
2742,252,393
2742,252,393
2742,252,393
2742,252,393
2742,252,393
2743,252,394
2743,253,394
2743,253,394
2743,253,394
2743,253,394
2743,253,394
2743,253,394
2743,253,394
2743,253,395
2744,254,395
2744,254,395
2744,254,395
2744,254,395
2744,254,395
2744,254,395
2744,254,395
2744,254,395
2745,254,396
2745,256,396
2745,256,396
2745,256,396
2745,256,396
2745,256,396
2745,256,396
2745,256,396
2746,256,397
2746,257,397
2746,257,397
2746,257,397
2746,257,397
2746,257,397
2746,257,397
2746,257,397
2747,258,398
2747,258,398
2747,258,398
2747,258,398
2747,258,398
2747,258,398
2747,258,398
2748,258,399
2748,260,399
2748,260,399
2748,260,399
2748,260,399
2748,260,399
2748,260,399
2748,260,399
2749,260,400
2749,261,400
2749,261,400
2749,261,400
2749,261,400
2749,261,400
2749,261,400
2749,261,400
2749,261,400
2750,262,401
2750,262,401
2750,262,401
2750,262,401
2750,262,401
2750,262,401
2750,262,401
2750,262,401
2751,262,402
2751,263,402
2751,263,402
2751,263,402
2751,263,402
2751,263,402
2751,263,402
2751,263,402
2752,263,403
2752,265,403
2752,265,403
2752,265,403
2752,265,403
2752,265,403
2752,265,403
2752,265,403
2753,265,404
2753,266,404
2753,266,404
2753,266,404
2753,266,404
2753,266,404
2753,266,404
2753,266,404
2754,266,405
2754,267,405
2754,267,405
2754,267,405
2754,267,405
2754,267,405
2754,267,405
2754,267,405
2755,267,406
2755,269,406
2755,269,406
2755,269,406
2755,269,406
2755,269,406
2755,269,406
2755,269,406
2756,269,407
2756,270,407
2756,270,407
2756,270,407
2756,270,407
2756,270,407
2756,270,407
2756,270,407
2756,270,407
2757,270,408
2757,271,408
2757,271,408
2757,271,408
2757,271,408
2757,271,408
2757,271,408
2757,271,408
2758,271,409
2758,273,409
2758,273,409
2758,273,409
2758,273,409
2758,273,409
2758,273,409
2758,273,409
2758,273,409
2759,274,410
2759,274,410
2759,274,410
2759,274,410
2759,274,410
2759,274,410
2759,274,410
2759,274,410
2760,274,411
2760,275,411
2760,275,411
2760,275,411
2760,275,411
2760,275,411
2760,275,411
2760,275,411
2761,275,412
2761,277,412
2761,277,412
2761,277,412
2761,277,412
2761,277,412
2761,277,412
2761,277,412
2761,277,413
2762,278,413
2762,278,413
2762,278,413
2762,278,413
2762,278,413
2762,278,413
2762,278,413
2762,278,413
2763,278,414
2763,279,414
2763,279,414
2763,279,414
2763,279,414
2763,279,414
2763,279,414
2763,279,414
2764,279,415
2764,281,415
2764,281,415
2764,281,415
2764,281,415
2764,281,415
2764,281,415
2764,281,415
2764,281,415
2765,281,416
2765,282,416
2765,282,416
2765,282,416
2765,282,416
2765,282,416
2765,282,416
2765,282,416
2766,282,417
2766,284,417
2766,284,417
2766,284,417
2766,284,417
2766,284,417
2766,284,417
2766,284,417
2767,284,418
2767,285,418
2767,285,418
2767,285,418
2767,285,418
2767,285,418
2767,285,418
2767,285,418
2768,285,419
2768,286,419
2768,286,419
2768,286,419
2768,286,419
2768,286,419
2768,286,419
2768,286,419
2768,286,419
2769,286,420
2769,288,420
2769,288,420
2769,288,420
2769,288,420
2769,288,420
2769,288,420
2769,288,420
2770,288,421
2770,289,421
2770,289,421
2770,289,421
2770,289,421
2770,289,421
2770,289,421
2770,289,421
2771,289,422
2771,290,422
2771,290,422
2771,290,422
2771,290,422
2771,290,422
2771,290,422
2771,290,422
2772,290,423
2772,292,423
2772,292,423
2772,292,423
2772,292,423
2772,292,423
2772,292,423
2772,292,423
2772,292,423
2773,292,424
2773,293,424
2773,293,424
2773,293,424
2773,293,424
2773,293,424
2773,293,424
2773,293,424
2774,293,425
2774,295,425
2774,295,425
2774,295,425
2774,295,425
2774,295,425
2774,295,425
2774,295,425
2775,295,426
2775,296,426
2775,296,426
2775,296,426
2775,296,426
2775,296,426
2775,296,426
2775,296,426
2775,296,427
2776,297,427
2776,297,427
2776,297,427
2776,297,427
2776,297,427
2776,297,427
2776,297,427
2776,297,427
2777,297,428
2777,299,428
2777,299,428
2777,299,428
2777,299,428
2777,299,428
2777,299,428
2777,299,428
2778,299,429
2778,300,429
2778,300,429
2778,300,429
2778,300,429
2778,300,429
2778,300,429
2778,300,429
2779,300,430
2779,302,430
2779,302,430
2779,302,430
2779,302,430
2779,302,430
2779,302,430
2780,302,431
2780,303,431
2780,303,431
2780,303,431
2780,303,431
2780,303,431
2780,303,431
2780,303,431
2780,303,431
2781,303,432
2781,304,432
2781,304,432
2781,304,432
2781,304,432
2781,304,432
2781,304,432
2781,304,432
2782,304,433
2782,306,433
2782,306,433
2782,306,433
2782,306,433
2782,306,433
2782,306,433
2782,306,433
2783,306,434
2783,307,434
2783,307,434
2783,307,434
2783,307,434
2783,307,434
2783,307,434
2783,307,434
2783,307,434
2784,307,435
2784,309,435
2784,309,435
2784,309,435
2784,309,435
2784,309,435
2784,309,435
2784,309,435
2784,309,436
2785,310,436
2785,310,436
2785,310,436
2785,310,436
2785,310,436
2785,310,436
2785,310,436
2785,310,436
2786,310,437
2786,311,437
2786,311,437
2786,311,437
2786,311,437
2786,311,437
2786,311,437
2786,311,437
2787,311,438
2787,313,438
2787,313,438
2787,313,438
2787,313,438
2787,313,438
2787,313,438
2787,313,438
2787,313,439
2788,314,439
2788,314,439
2788,314,439
2788,314,439
2788,314,439
2788,314,439
2788,314,439
2788,314,439
2789,314,440
2789,316,440
2789,316,440
2789,316,440
2789,316,440
2789,316,440
2789,316,440
2790,316,441
2790,317,441
2790,317,441
2790,317,441
2790,317,441
2790,317,441
2790,317,441
2790,317,441
2791,317,442
2791,319,442
2791,319,442
2791,319,442
2791,319,442
2791,319,442
2791,319,442
2791,319,442
2792,319,443
2792,320,443
2792,320,443
2792,320,443
2792,320,443
2792,320,443
2792,320,443
2792,320,443
2793,320,444
2793,322,444
2793,322,444
2793,322,444
2793,322,444
2793,322,444
2793,322,444
2793,322,444
2794,322,445
2794,323,445
2794,323,445
2794,323,445
2794,323,445
2794,323,445
2794,323,445
2794,323,445
2795,323,446
2795,324,446
2795,324,446
2795,324,446
2795,324,446
2795,324,446
2795,324,446
2795,324,446
2795,324,447
2796,326,447
2796,326,447
2796,326,447
2796,326,447
2796,326,447
2796,326,447
2796,326,447
2797,326,448
2797,327,448
2797,327,448
2797,327,448
2797,327,448
2797,327,448
2797,327,448
2797,327,448
2798,327,449
2798,329,449
2798,329,449
2798,329,449
2798,329,449
2798,329,449
2798,329,449
2798,329,449
2799,329,450
2799,330,450
2799,330,450
2799,330,450
2799,330,450
2799,330,450
2799,330,450
2799,330,450
2799,330,450
2800,330,451
2800,332,451
2800,332,451
2800,332,451
2800,332,451
2800,332,451
2800,332,451
2800,332,451
2801,332,452
2801,333,452
2801,333,452
2801,333,452
2801,333,452
2801,333,452
2801,333,452
2801,333,452
2802,333,453
2802,335,453
2802,335,453
2802,335,453
2802,335,453
2802,335,453
2802,335,453
2802,335,453
2803,335,454
2803,336,454
2803,336,454
2803,336,454
2803,336,454
2803,336,454
2803,336,454
2803,336,454
2804,336,455
2804,338,455
2804,338,455
2804,338,455
2804,338,455
2804,338,455
2804,338,455
2804,338,455
2805,338,456
2805,339,456
2805,339,456
2805,339,456
2805,339,456
2805,339,456
2805,339,456
2805,339,456
2805,339,456
2806,339,457
2806,341,457
2806,341,457
2806,341,457
2806,341,457
2806,341,457
2806,341,457
2806,341,457
2807,341,458
2807,342,458
2807,342,458
2807,342,458
2807,342,458
2807,342,458
2807,342,458
2807,342,458
2808,342,459
2808,344,459
2808,344,459
2808,344,459
2808,344,459
2808,344,459
2808,344,459
2808,344,459
2809,344,460
2809,345,460
2809,345,460
2809,345,460
2809,345,460
2809,345,460
2809,345,460
2809,345,460
2810,345,461
2810,347,461
2810,347,461
2810,347,461
2810,347,461
2810,347,461
2810,347,461
2810,347,461
2810,347,461
2811,347,462
2811,348,462
2811,348,462
2811,348,462
2811,348,462
2811,348,462
2811,348,462
2812,348,463
2812,350,463
2812,350,463
2812,350,463
2812,350,463
2812,350,463
2812,350,463
2812,350,463
2812,350,463
2813,350,464
2813,351,464
2813,351,464
2813,351,464
2813,351,464
2813,351,464
2813,351,464
2813,351,464
2814,351,465
2814,353,465
2814,353,465
2814,353,465
2814,353,465
2814,353,465
2814,353,465
2814,353,465
2815,353,466
2815,354,466
2815,354,466
2815,354,466
2815,354,466
2815,354,466
2815,354,466
2815,354,466
2816,354,467
2816,356,467
2816,356,467
2816,356,467
2816,356,467
2816,356,467
2816,356,467
2816,356,467
2817,357,468
2817,357,468
2817,357,468
2817,357,468
2817,357,468
2817,357,468
2817,357,468
2817,357,468
2818,357,469
2818,359,469
2818,359,469
2818,359,469
2818,359,469
2818,359,469
2818,359,469
2818,359,469
2819,360,470
2819,360,470
2819,360,470
2819,360,470
2819,360,470
2819,360,470
2819,360,470
2819,360,470
2820,360,471
2820,362,471
2820,362,471
2820,362,471
2820,362,471
2820,362,471
2820,362,471
2820,362,471
2821,362,472
2821,363,472
2821,363,472
2821,363,472
2821,363,472
2821,363,472
2821,363,472
2821,363,472
2822,363,473
2822,365,473
2822,365,473
2822,365,473
2822,365,473
2822,365,473
2822,365,473
2822,365,473
2822,365,473
2823,365,474
2823,367,474
2823,367,474
2823,367,474
2823,367,474
2823,367,474
2823,367,474
2823,367,474
2824,367,475
2824,368,475
2824,368,475
2824,368,475
2824,368,475
2824,368,475
2824,368,475
2824,368,475
2824,368,475
2825,368,476
2825,370,476
2825,370,476
2825,370,476
2825,370,476
2825,370,476
2825,370,476
2825,370,476
2826,370,477
2826,371,477
2826,371,477
2826,371,477
2826,371,477
2826,371,477
2826,371,477
2826,371,477
2827,371,478
2827,373,478
2827,373,478
2827,373,478
2827,373,478
2827,373,478
2827,373,478
2827,373,478
2828,373,479
2828,374,479
2828,374,479
2828,374,479
2828,374,479
2828,374,479
2828,374,479
2828,374,479
2828,374,479
2829,374,480
2829,376,480
2829,376,480
2829,376,480
2829,376,480
2829,376,480
2829,376,480
2829,376,480
2830,376,481
2830,378,481
2830,378,481
2830,378,481
2830,378,481
2830,378,481
2830,378,481
2830,378,481
2830,378,481
2831,378,482
2831,379,482
2831,379,482
2831,379,482
2831,379,482
2831,379,482
2831,379,482
2831,379,482
2832,379,483
2832,381,483
2832,381,483
2832,381,483
2832,381,483
2832,381,483
2832,381,483
2832,381,483
2833,381,484
2833,382,484
2833,382,484
2833,382,484
2833,382,484
2833,382,484
2833,382,484
2833,382,484
2834,382,485
2834,384,485
2834,384,485
2834,384,485
2834,384,485
2834,384,485
2834,384,485
2834,384,485
2835,384,486
2835,385,486
2835,385,486
2835,385,486
2835,385,486
2835,385,486
2835,385,486
2835,385,486
2836,385,487
2836,387,487
2836,387,487
2836,387,487
2836,387,487
2836,387,487
2836,387,487
2836,387,487
2837,387,488
2837,389,488
2837,389,488
2837,389,488
2837,389,488
2837,389,488
2837,389,488
2837,389,488
2838,389,489
2838,390,489
2838,390,489
2838,390,489
2838,390,489
2838,390,489
2838,390,489
2838,390,489
2839,390,490
2839,392,490
2839,392,490
2839,392,490
2839,392,490
2839,392,490
2839,392,490
2839,392,490
2840,392,491
2840,393,491
2840,393,491
2840,393,491
2840,393,491
2840,393,491
2840,393,491
2840,393,491
2841,393,492
2841,395,492
2841,395,492
2841,395,492
2841,395,492
2841,395,492
2841,395,492
2841,395,492
2842,395,493
2842,397,493
2842,397,493
2842,397,493
2842,397,493
2842,397,493
2842,397,493
2842,397,493
2843,397,494
2843,398,494
2843,398,494
2843,398,494
2843,398,494
2843,398,494
2843,398,494
2843,398,494
2844,398,495
2844,400,495
2844,400,495
2844,400,495
2844,400,495
2844,400,495
2844,400,495
2844,400,495
2845,400,496
2845,401,496
2845,401,496
2845,401,496
2845,401,496
2845,401,496
2845,401,496
2845,401,496
2846,401,497
2846,403,497
2846,403,497
2846,403,497
2846,403,497
2846,403,497
2846,403,497
2846,403,497
2847,403,498
2847,405,498
2847,405,498
2847,405,498
2847,405,498
2847,405,498
2847,405,498
2847,405,498
2848,405,499
2848,406,499
2848,406,499
2848,406,499
2848,406,499
2848,406,499
2848,406,499
2848,406,499
2849,406,500
2849,408,500
2849,408,500
2849,408,500
2849,408,500
2849,408,500
2849,408,500
2849,408,500
2849,408,500
2850,408,501
2850,410,501
2850,410,501
2850,410,501
2850,410,501
2850,410,501
2850,410,501
2850,410,501
2851,410,502
2851,411,502
2851,411,502
2851,411,502
2851,411,502
2851,411,502
2851,411,502
2851,411,502
2852,411,503
2852,413,503
2852,413,503
2852,413,503
2852,413,503
2852,413,503
2852,413,503
2852,413,503
2853,413,504
2853,415,504
2853,415,504
2853,415,504
2853,415,504
2853,415,504
2853,415,504
2853,415,504
2854,415,505
2854,416,505
2854,416,505
2854,416,505
2854,416,505
2854,416,505
2854,416,505
2855,416,506
2855,418,506
2855,418,506
2855,418,506
2855,418,506
2855,418,506
2855,418,506
2855,418,506
2856,418,507
2856,420,507
2856,420,507
2856,420,507
2856,420,507
2856,420,507
2856,420,507
2856,420,507
2857,420,508
2857,421,508
2857,421,508
2857,421,508
2857,421,508
2857,421,508
2857,421,508
2857,421,508
2858,423,509
2858,423,509
2858,423,509
2858,423,509
2858,423,509
2858,423,509
2858,423,509
2859,423,510
2859,425,510
2859,425,510
2859,425,510
2859,425,510
2859,425,510
2859,425,510
2859,425,510
2860,425,511
2860,426,511
2860,426,511
2860,426,511
2860,426,511
2860,426,511
2860,426,511
2861,426,512
2861,428,512
2861,428,512
2861,428,512
2861,428,512
2861,428,512
2861,428,512
2862,428,513
2862,430,513
2862,430,513
2862,430,513
2862,430,513
2862,430,513
2862,430,513
2862,430,513
2863,430,514
2863,431,514
2863,431,514
2863,431,514
2863,431,514
2863,431,514
2863,431,514
2863,431,514
2864,431,515
2864,433,515
2864,433,515
2864,433,515
2864,433,515
2864,433,515
2864,433,515
2864,433,515
2865,433,516
2865,435,516
2865,435,516
2865,435,516
2865,435,516
2865,435,516
2865,435,516
2866,435,517
2866,436,517
2866,436,517
2866,436,517
2866,436,517
2866,436,517
2866,436,517
2866,436,517
2867,436,518
2867,438,518
2867,438,518
2867,438,518
2867,438,518
2867,438,518
2867,438,518
2868,438,519
2868,440,519
2868,440,519
2868,440,519
2868,440,519
2868,440,519
2869,440,520
2869,441,520
2869,441,520
2869,441,520
2869,441,520
2869,441,520
2870,441,521
2870,443,521
2870,443,521
2870,443,521
2870,443,521
2870,443,521
2870,443,521
2871,443,522
2871,445,522
2871,445,522
2871,445,522
2871,445,522
2871,445,522
2871,445,522
2872,445,523
2872,446,523
2872,446,523
2872,446,523
2872,446,523
2872,446,523
2872,446,523
2872,446,523
2872,446,523
2873,446,524
2873,448,524
2873,448,524
2873,448,524
2873,448,524
2873,448,524
2873,448,524
2874,448,525
2874,450,525
2874,450,525
2874,450,525
2874,450,525
2874,450,525
2874,450,525
2874,450,525
2875,450,526
2875,452,526
2875,452,526
2875,452,526
2875,452,526
2875,452,526
2875,452,526
2875,452,526
2876,452,527
2876,453,527
2876,453,527
2876,453,527
2876,453,527
2876,453,527
2876,453,527
2876,453,527
2877,453,528
2877,455,528
2877,455,528
2877,455,528
2877,455,528
2877,455,528
2877,455,528
2877,455,528
2878,455,529
2878,457,529
2878,457,529
2878,457,529
2878,457,529
2878,457,529
2878,457,529
2878,457,529
2879,459,530
2879,459,530
2879,459,530
2879,459,530
2879,459,530
2879,459,530
2879,459,530
2879,459,530
2880,459,531
2880,460,531
2880,460,531
2880,460,531
2880,460,531
2880,460,531
2880,460,531
2880,460,531
2881,460,532
2881,462,532
2881,462,532
2881,462,532
2881,462,532
2881,462,532
2881,462,532
2881,462,532
2882,462,533
2882,464,533
2882,464,533
2882,464,533
2882,464,533
2882,464,533
2882,464,533
2882,464,533
2883,464,534
2883,465,534
2883,465,534
2883,465,534
2883,465,534
2883,465,534
2883,465,534
2883,465,534
2884,465,535
2884,467,535
2884,467,535
2884,467,535
2884,467,535
2884,467,535
2884,467,535
2884,467,535
2884,467,535
2885,467,536
2885,469,536
2885,469,536
2885,469,536
2885,469,536
2885,469,536
2885,469,536
2885,469,536
2886,469,537
2886,471,537
2886,471,537
2886,471,537
2886,471,537
2886,471,537
2886,471,537
2886,471,537
2886,471,538
2887,472,538
2887,472,538
2887,472,538
2887,472,538
2887,472,538
2887,472,538
2887,472,538
2887,472,538
2888,472,539
2888,474,539
2888,474,539
2888,474,539
2888,474,539
2888,474,539
2888,474,539
2888,474,539
2889,474,540
2889,476,540
2889,476,540
2889,476,540
2889,476,540
2889,476,540
2889,476,540
2889,476,540
2889,476,540
2890,476,541
2890,478,541
2890,478,541
2890,478,541
2890,478,541
2890,478,541
2890,478,541
2890,478,541
2891,478,542
2891,480,542
2891,480,542
2891,480,542
2891,480,542
2891,480,542
2891,480,542
2891,480,542
2891,480,542
2892,481,543
2892,481,543
2892,481,543
2892,481,543
2892,481,543
2892,481,543
2892,481,543
2892,481,543
2893,481,544
2893,483,544
2893,483,544
2893,483,544
2893,483,544
2893,483,544
2893,483,544
2893,483,544
2894,483,545
2894,485,545
2894,485,545
2894,485,545
2894,485,545
2894,485,545
2894,485,545
2894,485,545
2895,485,546
2895,487,546
2895,487,546
2895,487,546
2895,487,546
2895,487,546
2895,487,546
2895,487,546
2896,487,547
2896,488,547
2896,488,547
2896,488,547
2896,488,547
2896,488,547
2896,488,547
2896,488,547
2897,488,548
2897,490,548
2897,490,548
2897,490,548
2897,490,548
2897,490,548
2897,490,548
2897,490,548
2898,490,549
2898,492,549
2898,492,549
2898,492,549
2898,492,549
2898,492,549
2898,492,549
2898,492,549
2899,492,550
2899,494,550
2899,494,550
2899,494,550
2899,494,550
2899,494,550
2899,494,550
2899,494,550
2900,494,551
2900,496,551
2900,496,551
2900,496,551
2900,496,551
2900,496,551
2900,496,551
2900,496,551
2901,496,552
2901,497,552
2901,497,552
2901,497,552
2901,497,552
2901,497,552
2901,497,552
2901,497,552
2902,497,553
2902,499,553
2902,499,553
2902,499,553
2902,499,553
2902,499,553
2902,499,553
2903,499,554
2903,501,554
2903,501,554
2903,501,554
2903,501,554
2903,501,554
2903,501,554
2903,501,554
2904,501,555
2904,503,555
2904,503,555
2904,503,555
2904,503,555
2904,503,555
2904,503,555
2904,503,555
2905,503,556
2905,505,556
2905,505,556
2905,505,556
2905,505,556
2905,505,556
2905,505,556
2905,505,556
2906,505,557
2906,507,557
2906,507,557
2906,507,557
2906,507,557
2906,507,557
2906,507,557
2906,507,557
2907,507,558
2907,508,558
2907,508,558
2907,508,558
2907,508,558
2907,508,558
2907,508,558
2907,508,558
2908,508,559
2908,510,559
2908,510,559
2908,510,559
2908,510,559
2908,510,559
2908,510,559
2908,510,559
2909,510,560
2909,512,560
2909,512,560
2909,512,560
2909,512,560
2909,512,560
2909,512,560
2909,512,560
2910,512,561
2910,514,561
2910,514,561
2910,514,561
2910,514,561
2910,514,561
2910,514,561
2910,514,561
2911,514,562
2911,516,562
2911,516,562
2911,516,562
2911,516,562
2911,516,562
2911,516,562
2911,516,562
2912,516,563
2912,518,563
2912,518,563
2912,518,563
2912,518,563
2912,518,563
2912,518,563
2912,518,563
2912,518,563
2913,518,564
2913,519,564
2913,519,564
2913,519,564
2913,519,564
2913,519,564
2913,519,564
2913,519,564
2914,519,565
2914,521,565
2914,521,565
2914,521,565
2914,521,565
2914,521,565
2914,521,565
2914,521,565
2915,521,566
2915,523,566
2915,523,566
2915,523,566
2915,523,566
2915,523,566
2915,523,566
2915,523,566
2916,523,567
2916,525,567
2916,525,567
2916,525,567
2916,525,567
2916,525,567
2916,525,567
2916,525,567
2917,525,568
2917,527,568
2917,527,568
2917,527,568
2917,527,568
2917,527,568
2917,527,568
2917,527,568
2918,527,569
2918,529,569
2918,529,569
2918,529,569
2918,529,569
2918,529,569
2918,529,569
2918,529,569
2919,529,570
2919,530,570
2919,530,570
2919,530,570
2919,530,570
2919,530,570
2919,530,570
2919,530,570
2920,530,571
2920,532,571
2920,532,571
2920,532,571
2920,532,571
2920,532,571
2920,532,571
2920,532,571
2921,532,572
2921,534,572
2921,534,572
2921,534,572
2921,534,572
2921,534,572
2921,534,572
2921,534,572
2922,534,573
2922,536,573
2922,536,573
2922,536,573
2922,536,573
2922,536,573
2922,536,573
2922,536,573
2923,536,574
2923,538,574
2923,538,574
2923,538,574
2923,538,574
2923,538,574
2923,538,574
2923,538,574
2924,538,575
2924,540,575
2924,540,575
2924,540,575
2924,540,575
2924,540,575
2924,540,575
2924,540,575
2924,540,575
2925,540,576
2925,542,576
2925,542,576
2925,542,576
2925,542,576
2925,542,576
2925,542,576
2925,542,576
2926,542,577
2926,544,577
2926,544,577
2926,544,577
2926,544,577
2926,544,577
2926,544,577
2926,544,577
2927,544,578
2927,546,578
2927,546,578
2927,546,578
2927,546,578
2927,546,578
2927,546,578
2927,546,578
2928,546,579
2928,547,579
2928,547,579
2928,547,579
2928,547,579
2928,547,579
2928,547,579
2928,547,579
2929,547,580
2929,549,580
2929,549,580
2929,549,580
2929,549,580
2929,549,580
2929,549,580
2929,549,580
2930,549,581
2930,551,581
2930,551,581
2930,551,581
2930,551,581
2930,551,581
2930,551,581
2931,551,582
2931,553,582
2931,553,582
2931,553,582
2931,553,582
2931,553,582
2931,553,582
2931,553,582
2932,553,583
2932,555,583
2932,555,583
2932,555,583
2932,555,583
2932,555,583
2932,555,583
2933,555,584
2933,557,584
2933,557,584
2933,557,584
2933,557,584
2933,557,584
2933,557,584
2934,557,585
2934,559,585
2934,559,585
2934,559,585
2934,559,585
2934,559,585
2934,559,585
2934,559,585
2935,559,586
2935,561,586
2935,561,586
2935,561,586
2935,561,586
2935,561,586
2935,561,586
2935,561,586
2936,563,587
2936,563,587
2936,563,587
2936,563,587
2936,563,587
2936,563,587
2936,563,587
2937,563,588
2937,565,588
2937,565,588
2937,565,588
2937,565,588
2937,565,588
2937,565,588
2937,565,588
2938,565,589
2938,567,589
2938,567,589
2938,567,589
2938,567,589
2938,567,589
2938,567,589
2939,567,590
2939,568,590
2939,568,590
2939,568,590
2939,568,590
2939,568,590
2939,568,590
2939,568,590
2940,568,591
2940,570,591
2940,570,591
2940,570,591
2940,570,591
2940,570,591
2940,570,591
2940,570,591
2941,572,592
2941,572,592
2941,572,592
2941,572,592
2941,572,592
2941,572,592
2941,572,592
2942,572,593
2942,574,593
2942,574,593
2942,574,593
2942,574,593
2942,574,593
2942,574,593
2942,574,593
2943,574,594
2943,576,594
2943,576,594
2943,576,594
2943,576,594
2943,576,594
2943,576,594
2943,576,594
2944,576,595
2944,578,595
2944,578,595
2944,578,595
2944,578,595
2944,578,595
2944,578,595
2944,578,595
2945,578,596
2945,580,596
2945,580,596
2945,580,596
2945,580,596
2945,580,596
2945,580,596
2945,580,596
2946,580,597
2946,582,597
2946,582,597
2946,582,597
2946,582,597
2946,582,597
2946,582,597
2946,582,597
2947,582,598
2947,584,598
2947,584,598
2947,584,598
2947,584,598
2947,584,598
2947,584,598
2948,584,599
2948,586,599
2948,586,599
2948,586,599
2948,586,599
2948,586,599
2948,586,599
2948,586,599
2949,586,600
2949,588,600
2949,588,600
2949,588,600
2949,588,600
2949,588,600
2949,588,600
2949,588,600
2950,588,601
2950,590,601
2950,590,601
2950,590,601
2950,590,601
2950,590,601
2950,590,601
2951,590,602
2951,592,602
2951,592,602
2951,592,602
2951,592,602
2951,592,602
2951,592,602
2951,592,602
2952,592,603
2952,594,603
2952,594,603
2952,594,603
2952,594,603
2952,594,603
2952,594,603
2953,594,604
2953,596,604
2953,596,604
2953,596,604
2953,596,604
2953,596,604
2953,596,604
2953,596,604
2954,596,605
2954,598,605
2954,598,605
2954,598,605
2954,598,605
2954,598,605
2954,598,605
2955,598,606
2955,600,606
2955,600,606
2955,600,606
2955,600,606
2955,600,606
2955,600,606
2956,600,607
2956,602,607
2956,602,607
2956,602,607
2956,602,607
2956,602,607
2956,602,607
2956,602,607
2957,602,608
2957,604,608
2957,604,608
2957,604,608
2957,604,608
2957,604,608
2957,604,608
2958,604,609
2958,606,609
2958,606,609
2958,606,609
2958,606,609
2958,606,609
2958,606,609
2958,606,609
2959,606,610
2959,608,610
2959,608,610
2959,608,610
2959,608,610
2959,608,610
2959,608,610
2960,608,611
2960,610,611
2960,610,611
2960,610,611
2960,610,611
2960,610,611
2960,610,611
2960,610,611
2961,610,612
2961,612,612
2961,612,612
2961,612,612
2961,612,612
2961,612,612
2962,612,613
2962,614,613
2962,614,613
2962,614,613
2962,614,613
2962,614,613
2962,614,613
2963,614,614
2963,616,614
2963,616,614
2963,616,614
2963,616,614
2963,616,614
2963,616,614
2964,616,615
2964,618,615
2964,618,615
2964,618,615
2964,618,615
2964,618,615
2964,618,615
2965,618,616
2965,620,616
2965,620,616
2965,620,616
2965,620,616
2965,620,616
2965,620,616
2966,620,617
2966,622,617
2966,622,617
2966,622,617
2966,622,617
2966,622,617
2966,622,617
2966,622,617
2967,622,618
2967,624,618
2967,624,618
2967,624,618
2967,624,618
2967,624,618
2967,624,618
2968,624,619
2968,626,619
2968,626,619
2968,626,619
2968,626,619
2968,626,619
2968,626,619
2968,626,619
2969,626,620
2969,628,620
2969,628,620
2969,628,620
2969,628,620
2969,628,620
2969,628,620
2969,628,620
2970,628,621
2970,630,621
2970,630,621
2970,630,621
2970,630,621
2970,630,621
2970,630,621
2970,630,621
2971,630,622
2971,632,622
2971,632,622
2971,632,622
2971,632,622
2971,632,622
2971,632,622
2971,632,622
2972,632,623
2972,634,623
2972,634,623
2972,634,623
2972,634,623
2972,634,623
2972,634,623
2972,634,623
2973,634,624
2973,636,624
2973,636,624
2973,636,624
2973,636,624
2973,636,624
2973,636,624
2974,636,625
2974,638,625
2974,638,625
2974,638,625
2974,638,625
2974,638,625
2974,638,625
2974,638,625
2975,638,626
2975,640,626
2975,640,626
2975,640,626
2975,640,626
2975,640,626
2975,640,626
2975,640,626
2976,640,627
2976,642,627
2976,642,627
2976,642,627
2976,642,627
2976,642,627
2976,642,627
2976,642,627
2977,642,628
2977,644,628
2977,644,628
2977,644,628
2977,644,628
2977,644,628
2977,644,628
2977,644,628
2978,644,629
2978,646,629
2978,646,629
2978,646,629
2978,646,629
2978,646,629
2978,646,629
2978,646,629
2979,646,630
2979,648,630
2979,648,630
2979,648,630
2979,648,630
2979,648,630
2979,648,630
2980,648,631
2980,650,631
2980,650,631
2980,650,631
2980,650,631
2980,650,631
2980,650,631
2980,650,631
2981,650,632
2981,652,632
2981,652,632
2981,652,632
2981,652,632
2981,652,632
2981,652,632
2981,652,632
2982,654,633
2982,654,633
2982,654,633
2982,654,633
2982,654,633
2982,654,633
2982,654,633
2983,654,634
2983,657,634
2983,657,634
2983,657,634
2983,657,634
2983,657,634
2983,657,634
2983,657,634
2984,657,635
2984,659,635
2984,659,635
2984,659,635
2984,659,635
2984,659,635
2984,659,635
2984,659,635
2985,659,636
2985,661,636
2985,661,636
2985,661,636
2985,661,636
2985,661,636
2985,661,636
2986,661,637
2986,663,637
2986,663,637
2986,663,637
2986,663,637
2986,663,637
2986,663,637
2986,663,637
2987,663,638
2987,665,638
2987,665,638
2987,665,638
2987,665,638
2987,665,638
2987,665,638
2987,665,638
2987,665,638
2988,665,639
2988,667,639
2988,667,639
2988,667,639
2988,667,639
2988,667,639
2988,667,639
2988,667,639
2989,667,640
2989,669,640
2989,669,640
2989,669,640
2989,669,640
2989,669,640
2989,669,640
2989,669,640
2990,669,641
2990,671,641
2990,671,641
2990,671,641
2990,671,641
2990,671,641
2990,671,641
2990,671,641
2991,671,642
2991,673,642
2991,673,642
2991,673,642
2991,673,642
2991,673,642
2991,673,642
2991,673,642
2992,673,643
2992,675,643
2992,675,643
2992,675,643
2992,675,643
2992,675,643
2992,675,643
2992,675,643
2993,675,644
2993,677,644
2993,677,644
2993,677,644
2993,677,644
2993,677,644
2993,677,644
2993,677,644
2994,677,645
2994,680,645
2994,680,645
2994,680,645
2994,680,645
2994,680,645
2994,680,645
2994,680,645
2995,680,646
2995,682,646
2995,682,646
2995,682,646
2995,682,646
2995,682,646
2995,682,646
2995,682,646
2996,682,647
2996,684,647
2996,684,647
2996,684,647
2996,684,647
2996,684,647
2996,684,647
2996,684,647
2996,684,647
2997,684,648
2997,686,648
2997,686,648
2997,686,648
2997,686,648
2997,686,648
2997,686,648
2997,686,648
2998,686,649
2998,688,649
2998,688,649
2998,688,649
2998,688,649
2998,688,649
2998,688,649
2998,688,649
2999,688,650
2999,690,650
2999,690,650
2999,690,650
2999,690,650
2999,690,650
2999,690,650
2999,690,650
3000,690,651
3000,692,651
3000,692,651
3000,692,651
3000,692,651
3000,692,651
3000,692,651
3000,692,651
3001,692,652
3001,694,652
3001,694,652
3001,694,652
3001,694,652
3001,694,652
3001,694,652
3001,694,653
3002,697,653
3002,697,653
3002,697,653
3002,697,653
3002,697,653
3002,697,653
3002,697,653
3003,697,654
3003,699,654
3003,699,654
3003,699,654
3003,699,654
3003,699,654
3003,699,654
3004,699,655
3004,701,655
3004,701,655
3004,701,655
3004,701,655
3004,701,655
3004,701,655
3004,701,655
3005,701,656
3005,703,656
3005,703,656
3005,703,656
3005,703,656
3005,703,656
3005,703,656
3006,703,657
3006,705,657
3006,705,657
3006,705,657
3006,705,657
3006,705,657
3006,705,657
3006,705,657
3006,705,658
3007,707,658
3007,707,658
3007,707,658
3007,707,658
3007,707,658
3007,707,658
3007,707,658
3007,707,658
3008,709,659
3008,709,659
3008,709,659
3008,709,659
3008,709,659
3008,709,659
3008,709,659
3008,709,659
3009,709,660
3009,712,660
3009,712,660
3009,712,660
3009,712,660
3009,712,660
3009,712,660
3009,712,660
3010,712,661
3010,714,661
3010,714,661
3010,714,661
3010,714,661
3010,714,661
3010,714,661
3010,714,661
3011,714,662
3011,716,662
3011,716,662
3011,716,662
3011,716,662
3011,716,662
3011,716,662
3011,716,662
3012,716,663
3012,718,663
3012,718,663
3012,718,663
3012,718,663
3012,718,663
3012,718,663
3012,718,664
3013,720,664
3013,720,664
3013,720,664
3013,720,664
3013,720,664
3013,720,664
3013,720,664
3013,720,664
3014,720,665
3014,722,665
3014,722,665
3014,722,665
3014,722,665
3014,722,665
3014,722,665
3014,722,665
3015,722,666
3015,725,666
3015,725,666
3015,725,666
3015,725,666
3015,725,666
3015,725,666
3015,725,666
3016,725,667
3016,727,667
3016,727,667
3016,727,667
3016,727,667
3016,727,667
3016,727,667
3016,727,667
3017,727,668
3017,729,668
3017,729,668
3017,729,668
3017,729,668
3017,729,668
3017,729,668
3017,729,668
3018,729,669
3018,731,669
3018,731,669
3018,731,669
3018,731,669
3018,731,669
3018,731,669
3018,731,669
3019,731,670
3019,733,670
3019,733,670
3019,733,670
3019,733,670
3019,733,670
3019,733,670
3019,733,670
3020,733,671
3020,736,671
3020,736,671
3020,736,671
3020,736,671
3020,736,671
3020,736,671
3020,736,671
3021,736,672
3021,738,672
3021,738,672
3021,738,672
3021,738,672
3021,738,672
3021,738,672
3021,738,672
3022,738,673
3022,740,673
3022,740,673
3022,740,673
3022,740,673
3022,740,673
3022,740,673
3022,740,673
3023,740,674
3023,742,674
3023,742,674
3023,742,674
3023,742,674
3023,742,674
3023,742,674
3024,742,675
3024,744,675
3024,744,675
3024,744,675
3024,744,675
3024,744,675
3024,744,675
3024,744,675
3025,747,676
3025,747,676
3025,747,676
3025,747,676
3025,747,676
3025,747,676
3025,747,676
3026,747,677
3026,749,677
3026,749,677
3026,749,677
3026,749,677
3026,749,677
3026,749,677
3026,749,677
3027,749,678
3027,751,678
3027,751,678
3027,751,678
3027,751,678
3027,751,678
3028,751,679
3028,753,679
3028,753,679
3028,753,679
3028,753,679
3028,753,679
3028,753,679
3029,753,680
3029,755,680
3029,755,680
3029,755,680
3029,755,680
3029,755,680
3029,755,680
3030,755,681
3030,758,681
3030,758,681
3030,758,681
3030,758,681
3030,758,681
3030,758,681
3030,758,681
3031,758,682
3031,760,682
3031,760,682
3031,760,682
3031,760,682
3031,760,682
3031,760,682
3031,760,682
3032,760,683
3032,762,683
3032,762,683
3032,762,683
3032,762,683
3032,762,683
3032,762,683
3032,762,683
3033,762,684
3033,764,684
3033,764,684
3033,764,684
3033,764,684
3033,764,684
3033,764,684
3033,764,685
3034,767,685
3034,767,685
3034,767,685
3034,767,685
3034,767,685
3034,767,685
3034,767,685
3035,767,686
3035,769,686
3035,769,686
3035,769,686
3035,769,686
3035,769,686
3035,769,686
3035,769,686
3036,769,687
3036,771,687
3036,771,687
3036,771,687
3036,771,687
3036,771,687
3036,771,687
3037,771,688
3037,773,688
3037,773,688
3037,773,688
3037,773,688
3037,773,688
3037,773,688
3037,773,688
3038,773,689
3038,776,689
3038,776,689
3038,776,689
3038,776,689
3038,776,689
3038,776,689
3039,776,690
3039,778,690
3039,778,690
3039,778,690
3039,778,690
3039,778,690
3039,778,690
3040,778,691
3040,780,691
3040,780,691
3040,780,691
3040,780,691
3040,780,691
3040,780,691
3040,780,691
3041,780,692
3041,782,692
3041,782,692
3041,782,692
3041,782,692
3041,782,692
3041,782,692
3041,782,692
3042,782,693
3042,785,693
3042,785,693
3042,785,693
3042,785,693
3042,785,693
3042,785,693
3042,785,693
3043,787,694
3043,787,694
3043,787,694
3043,787,694
3043,787,694
3043,787,694
3043,787,694
3044,787,695
3044,789,695
3044,789,695
3044,789,695
3044,789,695
3044,789,695
3044,789,695
3044,789,695
3045,789,696
3045,791,696
3045,791,696
3045,791,696
3045,791,696
3045,791,696
3045,791,696
3045,791,696
3046,791,697
3046,794,697
3046,794,697
3046,794,697
3046,794,697
3046,794,697
3046,794,697
3047,794,698
3047,796,698
3047,796,698
3047,796,698
3047,796,698
3047,796,698
3047,796,698
3047,796,698
3048,796,699
3048,798,699
3048,798,699
3048,798,699
3048,798,699
3048,798,699
3048,798,699
3048,798,699
3049,798,700
3049,801,700
3049,801,700
3049,801,700
3049,801,700
3049,801,700
3049,801,700
3049,801,700
3050,801,701
3050,803,701
3050,803,701
3050,803,701
3050,803,701
3050,803,701
3050,803,701
3050,803,701
3051,803,702
3051,805,702
3051,805,702
3051,805,702
3051,805,702
3051,805,702
3051,805,702
3052,805,703
3052,807,703
3052,807,703
3052,807,703
3052,807,703
3052,807,703
3052,807,703
3052,807,703
3053,807,704
3053,810,704
3053,810,704
3053,810,704
3053,810,704
3053,810,704
3053,810,704
3053,810,704
3054,810,705
3054,812,705
3054,812,705
3054,812,705
3054,812,705
3054,812,705
3054,812,705
3054,812,705
3055,812,706
3055,814,706
3055,814,706
3055,814,706
3055,814,706
3055,814,706
3055,814,706
3055,814,706
3056,814,707
3056,817,707
3056,817,707
3056,817,707
3056,817,707
3056,817,707
3056,817,707
3056,817,707
3057,817,708
3057,819,708
3057,819,708
3057,819,708
3057,819,708
3057,819,708
3057,819,708
3057,819,708
3058,819,709
3058,821,709
3058,821,709
3058,821,709
3058,821,709
3058,821,709
3058,821,709
3058,821,709
3059,821,710
3059,824,710
3059,824,710
3059,824,710
3059,824,710
3059,824,710
3059,824,710
3059,824,710
3060,824,711
3060,826,711
3060,826,711
3060,826,711
3060,826,711
3060,826,711
3060,826,711
3060,826,711
3061,826,712
3061,828,712
3061,828,712
3061,828,712
3061,828,712
3061,828,712
3061,828,712
3061,828,712
3062,828,713
3062,831,713
3062,831,713
3062,831,713
3062,831,713
3062,831,713
3062,831,713
3062,831,713
3063,831,714
3063,833,714
3063,833,714
3063,833,714
3063,833,714
3063,833,714
3063,833,714
3063,833,714
3064,833,715
3064,835,715
3064,835,715
3064,835,715
3064,835,715
3064,835,715
3064,835,715
3064,835,715
3065,835,716
3065,838,716
3065,838,716
3065,838,716
3065,838,716
3065,838,716
3065,838,716
3065,838,716
3065,838,716
3066,838,717
3066,840,717
3066,840,717
3066,840,717
3066,840,717
3066,840,717
3066,840,717
3066,840,717
3067,840,718
3067,842,718
3067,842,718
3067,842,718
3067,842,718
3067,842,718
3067,842,718
3067,842,718
3068,842,719
3068,845,719
3068,845,719
3068,845,719
3068,845,719
3068,845,719
3068,845,719
3068,845,719
3069,845,720
3069,847,720
3069,847,720
3069,847,720
3069,847,720
3069,847,720
3069,847,720
3069,847,720
3069,847,720
3070,847,721
3070,849,721
3070,849,721
3070,849,721
3070,849,721
3070,849,721
3070,849,721
3070,849,721
3071,849,722
3071,852,722
3071,852,722
3071,852,722
3071,852,722
3071,852,722
3071,852,722
3072,852,723
3072,854,723
3072,854,723
3072,854,723
3072,854,723
3072,854,723
3072,854,723
3072,854,723
3073,854,724
3073,856,724
3073,856,724
3073,856,724
3073,856,724
3073,856,724
3073,856,724
3073,856,724
3073,856,724
3074,856,725
3074,859,725
3074,859,725
3074,859,725
3074,859,725
3074,859,725
3074,859,725
3074,859,725
3075,859,726
3075,861,726
3075,861,726
3075,861,726
3075,861,726
3075,861,726
3075,861,726
3075,861,726
3076,861,727
3076,864,727
3076,864,727
3076,864,727
3076,864,727
3076,864,727
3076,864,727
3076,864,727
3077,864,728
3077,866,728
3077,866,728
3077,866,728
3077,866,728
3077,866,728
3077,866,728
3077,866,728
3078,866,729
3078,868,729
3078,868,729
3078,868,729
3078,868,729
3078,868,729
3078,868,729
3078,868,729
3079,868,730
3079,871,730
3079,871,730
3079,871,730
3079,871,730
3079,871,730
3079,871,730
3079,871,730
3080,871,731
3080,873,731
3080,873,731
3080,873,731
3080,873,731
3080,873,731
3080,873,731
3080,873,731
3081,873,732
3081,876,732
3081,876,732
3081,876,732
3081,876,732
3081,876,732
3081,876,732
3081,876,732
3082,876,733
3082,878,733
3082,878,733
3082,878,733
3082,878,733
3082,878,733
3082,878,733
3082,878,733
3083,878,734
3083,880,734
3083,880,734
3083,880,734
3083,880,734
3083,880,734
3083,880,734
3083,880,734
3084,880,735
3084,883,735
3084,883,735
3084,883,735
3084,883,735
3084,883,735
3084,883,735
3084,883,735
3085,883,736
3085,885,736
3085,885,736
3085,885,736
3085,885,736
3085,885,736
3085,885,736
3086,885,737
3086,888,737
3086,888,737
3086,888,737
3086,888,737
3086,888,737
3086,888,737
3086,888,737
3087,888,738
3087,890,738
3087,890,738
3087,890,738
3087,890,738
3087,890,738
3087,890,738
3088,890,739
3088,892,739
3088,892,739
3088,892,739
3088,892,739
3088,892,739
3088,892,739
3088,892,739
3089,892,740
3089,895,740
3089,895,740
3089,895,740
3089,895,740
3089,895,740
3089,895,740
3089,895,740
3090,895,741
3090,897,741
3090,897,741
3090,897,741
3090,897,741
3090,897,741
3090,897,741
3091,897,742
3091,900,742
3091,900,742
3091,900,742
3091,900,742
3091,900,742
3091,900,742
3091,900,742
3092,900,743
3092,902,743
3092,902,743
3092,902,743
3092,902,743
3092,902,743
3092,902,743
3092,902,743
3093,902,744
3093,905,744
3093,905,744
3093,905,744
3093,905,744
3093,905,744
3093,905,744
3093,905,744
3094,905,745
3094,907,745
3094,907,745
3094,907,745
3094,907,745
3094,907,745
3094,907,745
3094,907,745
3095,907,746
3095,909,746
3095,909,746
3095,909,746
3095,909,746
3095,909,746
3095,909,746
3095,909,746
3096,909,747
3096,912,747
3096,912,747
3096,912,747
3096,912,747
3096,912,747
3096,912,747
3096,912,747
3097,912,748
3097,914,748
3097,914,748
3097,914,748
3097,914,748
3097,914,748
3097,914,748
3097,914,748
3098,914,749
3098,917,749
3098,917,749
3098,917,749
3098,917,749
3098,917,749
3098,917,749
3098,917,749
3099,917,750
3099,919,750
3099,919,750
3099,919,750
3099,919,750
3099,919,750
3099,919,750
3099,919,750
3099,919,750
3100,919,751
3100,922,751
3100,922,751
3100,922,751
3100,922,751
3100,922,751
3100,922,751
3100,922,751
3101,922,752
3101,924,752
3101,924,752
3101,924,752
3101,924,752
3101,924,752
3102,924,753
3102,927,753
3102,927,753
3102,927,753
3102,927,753
3102,927,753
3102,927,753
3102,927,753
3103,927,754
3103,929,754
3103,929,754
3103,929,754
3103,929,754
3103,929,754
3103,929,754
3104,929,755
3104,932,755
3104,932,755
3104,932,755
3104,932,755
3104,932,755
3104,932,755
3104,932,755
3105,934,756
3105,934,756
3105,934,756
3105,934,756
3105,934,756
3105,934,756
3105,934,756
3106,934,757
3106,936,757
3106,936,757
3106,936,757
3106,936,757
3106,936,757
3106,936,757
3106,936,757
3107,936,758
3107,939,758
3107,939,758
3107,939,758
3107,939,758
3107,939,758
3107,939,758
3108,939,759
3108,941,759
3108,941,759
3108,941,759
3108,941,759
3108,941,759
3108,941,759
3108,941,759
3109,941,760
3109,944,760
3109,944,760
3109,944,760
3109,944,760
3109,944,760
3109,944,760
3109,944,760
3110,944,761
3110,946,761
3110,946,761
3110,946,761
3110,946,761
3110,946,761
3110,946,761
3110,946,761
3110,946,761
3111,949,762
3111,949,762
3111,949,762
3111,949,762
3111,949,762
3111,949,762
3111,949,762
3111,949,762
3112,949,763
3112,951,763
3112,951,763
3112,951,763
3112,951,763
3112,951,763
3112,951,763
3112,951,763
3113,951,764
3113,954,764
3113,954,764
3113,954,764
3113,954,764
3113,954,764
3113,954,764
3113,954,764
3114,954,765
3114,956,765
3114,956,765
3114,956,765
3114,956,765
3114,956,765
3114,956,765
3114,956,765
3115,956,766
3115,959,766
3115,959,766
3115,959,766
3115,959,766
3115,959,766
3115,959,766
3115,959,766
3116,959,767
3116,961,767
3116,961,767
3116,961,767
3116,961,767
3116,961,767
3116,961,767
3116,961,767
3117,961,768
3117,964,768
3117,964,768
3117,964,768
3117,964,768
3117,964,768
3117,964,768
3117,964,768
3118,964,769
3118,966,769
3118,966,769
3118,966,769
3118,966,769
3118,966,769
3118,966,769
3118,966,770
3119,969,770
3119,969,770
3119,969,770
3119,969,770
3119,969,770
3119,969,770
3119,969,770
3120,969,771
3120,971,771
3120,971,771
3120,971,771
3120,971,771
3120,971,771
3120,971,771
3120,971,771
3121,971,772
3121,974,772
3121,974,772
3121,974,772
3121,974,772
3121,974,772
3121,974,772
3121,974,772
3122,974,773
3122,977,773
3122,977,773
3122,977,773
3122,977,773
3122,977,773
3122,977,773
3122,977,773
3123,977,774
3123,979,774
3123,979,774
3123,979,774
3123,979,774
3123,979,774
3123,979,774
3123,979,774
3124,979,775
3124,982,775
3124,982,775
3124,982,775
3124,982,775
3124,982,775
3124,982,775
3124,982,775
3125,982,776
3125,984,776
3125,984,776
3125,984,776
3125,984,776
3125,984,776
3125,984,776
3125,984,776
3126,984,777
3126,987,777
3126,987,777
3126,987,777
3126,987,777
3126,987,777
3126,987,777
3126,987,777
3127,987,778
3127,989,778
3127,989,778
3127,989,778
3127,989,778
3127,989,778
3127,989,778
3127,989,778
3127,989,778
3128,989,779
3128,992,779
3128,992,779
3128,992,779
3128,992,779
3128,992,779
3128,992,779
3128,992,779
3129,992,780
3129,994,780
3129,994,780
3129,994,780
3129,994,780
3129,994,780
3129,994,780
3129,994,780
3130,994,781
3130,997,781
3130,997,781
3130,997,781
3130,997,781
3130,997,781
3130,997,781
3130,997,781
3131,997,782
3131,999,782
3131,999,782
3131,999,782
3131,999,782
3131,999,782
3131,999,782
3131,999,782
3132,999,783
3132,1002,783
3132,1002,783
3132,1002,783
3132,1002,783
3132,1002,783
3132,1002,783
3132,1002,783
3133,1002,784
3133,1005,784
3133,1005,784
3133,1005,784
3133,1005,784
3133,1005,784
3133,1005,784
3133,1005,784
3134,1005,785
3134,1007,785
3134,1007,785
3134,1007,785
3134,1007,785
3134,1007,785
3134,1007,785
3134,1007,785
3135,1007,786
3135,1010,786
3135,1010,786
3135,1010,786
3135,1010,786
3135,1010,786
3135,1010,786
3135,1010,786
3136,1010,787
3136,1012,787
3136,1012,787
3136,1012,787
3136,1012,787
3136,1012,787
3136,1012,787
3136,1012,787
3137,1012,788
3137,1015,788
3137,1015,788
3137,1015,788
3137,1015,788
3137,1015,788
3137,1015,788
3137,1015,788
3138,1015,789
3138,1017,789
3138,1017,789
3138,1017,789
3138,1017,789
3138,1017,789
3138,1017,789
3138,1017,789
3139,1017,790
3139,1020,790
3139,1020,790
3139,1020,790
3139,1020,790
3139,1020,790
3139,1020,790
3139,1020,790
3140,1020,791
3140,1023,791
3140,1023,791
3140,1023,791
3140,1023,791
3140,1023,791
3140,1023,791
3141,1023,792
3141,1025,792
3141,1025,792
3141,1025,792
3141,1025,792
3141,1025,792
3141,1025,792
3141,1025,792
3142,1025,793
3142,1028,793
3142,1028,793
3142,1028,793
3142,1028,793
3142,1028,793
3142,1028,793
3142,1028,793
3143,1028,794
3143,1030,794
3143,1030,794
3143,1030,794
3143,1030,794
3143,1030,794
3143,1030,794
3144,1030,795
3144,1033,795
3144,1033,795
3144,1033,795
3144,1033,795
3144,1033,795
3144,1033,795
3144,1033,795
3145,1033,796
3145,1036,796
3145,1036,796
3145,1036,796
3145,1036,796
3145,1036,796
3145,1036,796
3145,1036,796
3146,1036,797
3146,1038,797
3146,1038,797
3146,1038,797
3146,1038,797
3146,1038,797
3146,1038,797
3146,1038,797
3147,1041,798
3147,1041,798
3147,1041,798
3147,1041,798
3147,1041,798
3147,1041,798
3147,1041,798
3147,1041,798
3148,1041,799
3148,1043,799
3148,1043,799
3148,1043,799
3148,1043,799
3148,1043,799
3148,1043,799
3149,1043,800
3149,1046,800
3149,1046,800
3149,1046,800
3149,1046,800
3149,1046,800
3149,1046,800
3149,1046,800
3150,1046,801
3150,1049,801
3150,1049,801
3150,1049,801
3150,1049,801
3150,1049,801
3150,1049,801
3150,1049,801
3151,1049,802
3151,1051,802
3151,1051,802
3151,1051,802
3151,1051,802
3151,1051,802
3151,1051,802
3151,1051,802
3152,1051,803
3152,1054,803
3152,1054,803
3152,1054,803
3152,1054,803
3152,1054,803
3152,1054,803
3152,1054,804
3153,1057,804
3153,1057,804
3153,1057,804
3153,1057,804
3153,1057,804
3153,1057,804
3153,1057,804
3154,1057,805
3154,1059,805
3154,1059,805
3154,1059,805
3154,1059,805
3154,1059,805
3154,1059,805
3154,1059,805
3155,1059,806
3155,1062,806
3155,1062,806
3155,1062,806
3155,1062,806
3155,1062,806
3155,1062,806
3155,1062,806
3156,1062,807
3156,1064,807
3156,1064,807
3156,1064,807
3156,1064,807
3156,1064,807
3156,1064,807
3156,1064,807
3157,1064,808
3157,1067,808
3157,1067,808
3157,1067,808
3157,1067,808
3157,1067,808
3157,1067,808
3157,1067,808
3158,1067,809
3158,1070,809
3158,1070,809
3158,1070,809
3158,1070,809
3158,1070,809
3158,1070,809
3158,1070,809
3159,1070,810
3159,1072,810
3159,1072,810
3159,1072,810
3159,1072,810
3159,1072,810
3159,1072,810
3159,1072,810
3160,1075,811
3160,1075,811
3160,1075,811
3160,1075,811
3160,1075,811
3160,1075,811
3160,1075,811
3161,1075,812
3161,1078,812
3161,1078,812
3161,1078,812
3161,1078,812
3161,1078,812
3161,1078,812
3161,1078,812
3162,1078,813
3162,1080,813
3162,1080,813
3162,1080,813
3162,1080,813
3162,1080,813
3162,1080,813
3162,1080,813
3163,1080,814
3163,1083,814
3163,1083,814
3163,1083,814
3163,1083,814
3163,1083,814
3163,1083,814
3163,1083,814
3164,1083,815
3164,1086,815
3164,1086,815
3164,1086,815
3164,1086,815
3164,1086,815
3164,1086,815
3165,1086,816
3165,1088,816
3165,1088,816
3165,1088,816
3165,1088,816
3165,1088,816
3165,1088,816
3165,1088,817
3166,1091,817
3166,1091,817
3166,1091,817
3166,1091,817
3166,1091,817
3166,1091,817
3166,1091,817
3167,1091,818
3167,1094,818
3167,1094,818
3167,1094,818
3167,1094,818
3167,1094,818
3167,1094,818
3167,1094,818
3168,1094,819
3168,1096,819
3168,1096,819
3168,1096,819
3168,1096,819
3168,1096,819
3168,1096,819
3168,1096,819
3169,1096,820
3169,1099,820
3169,1099,820
3169,1099,820
3169,1099,820
3169,1099,820
3169,1099,820
3170,1099,821
3170,1102,821
3170,1102,821
3170,1102,821
3170,1102,821
3170,1102,821
3170,1102,821
3170,1102,821
3171,1102,822
3171,1104,822
3171,1104,822
3171,1104,822
3171,1104,822
3171,1104,822
3171,1104,822
3172,1104,823
3172,1107,823
3172,1107,823
3172,1107,823
3172,1107,823
3172,1107,823
3172,1107,823
3172,1107,823
3173,1107,824
3173,1110,824
3173,1110,824
3173,1110,824
3173,1110,824
3173,1110,824
3173,1110,824
3174,1110,825
3174,1113,825
3174,1113,825
3174,1113,825
3174,1113,825
3174,1113,825
3174,1113,825
3175,1113,826
3175,1115,826
3175,1115,826
3175,1115,826
3175,1115,826
3175,1115,826
3175,1115,826
3175,1115,826
3176,1115,827
3176,1118,827
3176,1118,827
3176,1118,827
3176,1118,827
3176,1118,827
3176,1118,827
3177,1118,828
3177,1121,828
3177,1121,828
3177,1121,828
3177,1121,828
3177,1121,828
3177,1121,828
3178,1121,829
3178,1123,829
3178,1123,829
3178,1123,829
3178,1123,829
3178,1123,829
3178,1123,829
3178,1123,829
3179,1123,830
3179,1126,830
3179,1126,830
3179,1126,830
3179,1126,830
3179,1126,830
3179,1126,830
3179,1126,830
3180,1126,831
3180,1129,831
3180,1129,831
3180,1129,831
3180,1129,831
3180,1129,831
3180,1129,831
3180,1129,831
3181,1129,832
3181,1131,832
3181,1131,832
3181,1131,832
3181,1131,832
3181,1131,832
3181,1131,832
3181,1131,832
3182,1131,833
3182,1134,833
3182,1134,833
3182,1134,833
3182,1134,833
3182,1134,833
3182,1134,833
3182,1134,833
3183,1134,834
3183,1137,834
3183,1137,834
3183,1137,834
3183,1137,834
3183,1137,834
3183,1137,834
3183,1137,834
3184,1137,835
3184,1140,835
3184,1140,835
3184,1140,835
3184,1140,835
3184,1140,835
3184,1140,835
3184,1140,835
3185,1140,836
3185,1142,836
3185,1142,836
3185,1142,836
3185,1142,836
3185,1142,836
3185,1142,836
3185,1142,836
3186,1142,837
3186,1145,837
3186,1145,837
3186,1145,837
3186,1145,837
3186,1145,837
3186,1145,837
3186,1145,837
3187,1145,838
3187,1148,838
3187,1148,838
3187,1148,838
3187,1148,838
3187,1148,838
3187,1148,838
3188,1148,839
3188,1151,839
3188,1151,839
3188,1151,839
3188,1151,839
3188,1151,839
3188,1151,839
3188,1151,839
3189,1151,840
3189,1153,840
3189,1153,840
3189,1153,840
3189,1153,840
3189,1153,840
3189,1153,840
3189,1153,840
3189,1153,840
3190,1153,841
3190,1156,841
3190,1156,841
3190,1156,841
3190,1156,841
3190,1156,841
3190,1156,841
3190,1156,841
3191,1156,842
3191,1159,842
3191,1159,842
3191,1159,842
3191,1159,842
3191,1159,842
3191,1159,842
3191,1159,842
3192,1159,843
3192,1162,843
3192,1162,843
3192,1162,843
3192,1162,843
3192,1162,843
3192,1162,843
3192,1162,843
3193,1162,844
3193,1164,844
3193,1164,844
3193,1164,844
3193,1164,844
3193,1164,844
3193,1164,844
3193,1164,845
3194,1167,845
3194,1167,845
3194,1167,845
3194,1167,845
3194,1167,845
3194,1167,845
3194,1167,845
3195,1167,846
3195,1170,846
3195,1170,846
3195,1170,846
3195,1170,846
3195,1170,846
3195,1170,846
3195,1170,846
3196,1170,847
3196,1173,847
3196,1173,847
3196,1173,847
3196,1173,847
3196,1173,847
3196,1173,847
3196,1173,847
3197,1173,848
3197,1175,848
3197,1175,848
3197,1175,848
3197,1175,848
3197,1175,848
3197,1175,848
3197,1175,848
3198,1175,849
3198,1178,849
3198,1178,849
3198,1178,849
3198,1178,849
3198,1178,849
3198,1178,849
3199,1178,850
3199,1181,850
3199,1181,850
3199,1181,850
3199,1181,850
3199,1181,850
3199,1181,850
3199,1181,850
3200,1181,851
3200,1184,851
3200,1184,851
3200,1184,851
3200,1184,851
3200,1184,851
3201,1184,852
3201,1187,852
3201,1187,852
3201,1187,852
3201,1187,852
3201,1187,852
3201,1187,852
3201,1187,852
3202,1187,853
3202,1189,853
3202,1189,853
3202,1189,853
3202,1189,853
3202,1189,853
3202,1189,853
3202,1189,853
3203,1189,854
3203,1192,854
3203,1192,854
3203,1192,854
3203,1192,854
3203,1192,854
3203,1192,854
3203,1192,854
3203,1192,854
3204,1195,855
3204,1195,855
3204,1195,855
3204,1195,855
3204,1195,855
3204,1195,855
3204,1195,855
3204,1195,855
3205,1195,856
3205,1198,856
3205,1198,856
3205,1198,856
3205,1198,856
3205,1198,856
3205,1198,856
3205,1198,856
3206,1198,857
3206,1201,857
3206,1201,857
3206,1201,857
3206,1201,857
3206,1201,857
3206,1201,857
3206,1201,857
3207,1201,858
3207,1203,858
3207,1203,858
3207,1203,858
3207,1203,858
3207,1203,858
3207,1203,858
3207,1203,858
3207,1203,858
3208,1203,859
3208,1206,859
3208,1206,859
3208,1206,859
3208,1206,859
3208,1206,859
3208,1206,859
3208,1206,859
3209,1206,860
3209,1209,860
3209,1209,860
3209,1209,860
3209,1209,860
3209,1209,860
3209,1209,860
3209,1209,860
3210,1209,861
3210,1212,861
3210,1212,861
3210,1212,861
3210,1212,861
3210,1212,861
3210,1212,861
3210,1212,861
3211,1212,862
3211,1215,862
3211,1215,862
3211,1215,862
3211,1215,862
3211,1215,862
3211,1215,862
3211,1215,862
3212,1215,863
3212,1217,863
3212,1217,863
3212,1217,863
3212,1217,863
3212,1217,863
3212,1217,863
3212,1217,863
3213,1217,864
3213,1220,864
3213,1220,864
3213,1220,864
3213,1220,864
3213,1220,864
3213,1220,864
3213,1220,864
3214,1220,865
3214,1223,865
3214,1223,865
3214,1223,865
3214,1223,865
3214,1223,865
3214,1223,865
3214,1223,865
3215,1223,866
3215,1226,866
3215,1226,866
3215,1226,866
3215,1226,866
3215,1226,866
3215,1226,866
3215,1226,866
3216,1226,867
3216,1229,867
3216,1229,867
3216,1229,867
3216,1229,867
3216,1229,867
3216,1229,867
3217,1229,868
3217,1232,868
3217,1232,868
3217,1232,868
3217,1232,868
3217,1232,868
3217,1232,868
3217,1232,868
3218,1232,869
3218,1234,869
3218,1234,869
3218,1234,869
3218,1234,869
3218,1234,869
3218,1234,869
3218,1234,869
3219,1234,870
3219,1237,870
3219,1237,870
3219,1237,870
3219,1237,870
3219,1237,870
3219,1237,870
3219,1237,871
3220,1240,871
3220,1240,871
3220,1240,871
3220,1240,871
3220,1240,871
3220,1240,871
3220,1240,871
3221,1240,872
3221,1243,872
3221,1243,872
3221,1243,872
3221,1243,872
3221,1243,872
3221,1243,872
3221,1243,872
3221,1243,872
3222,1246,873
3222,1246,873
3222,1246,873
3222,1246,873
3222,1246,873
3222,1246,873
3222,1246,873
3222,1246,873
3223,1249,874
3223,1249,874
3223,1249,874
3223,1249,874
3223,1249,874
3223,1249,874
3223,1249,874
3224,1249,875
3224,1252,875
3224,1252,875
3224,1252,875
3224,1252,875
3224,1252,875
3224,1252,875
3224,1252,875
3225,1252,876
3225,1254,876
3225,1254,876
3225,1254,876
3225,1254,876
3225,1254,876
3225,1254,876
3226,1254,877
3226,1257,877
3226,1257,877
3226,1257,877
3226,1257,877
3226,1257,877
3226,1257,877
3226,1257,877
3227,1257,878
3227,1260,878
3227,1260,878
3227,1260,878
3227,1260,878
3227,1260,878
3227,1260,878
3227,1260,879
3228,1263,879
3228,1263,879
3228,1263,879
3228,1263,879
3228,1263,879
3228,1263,879
3228,1263,879
3229,1263,880
3229,1266,880
3229,1266,880
3229,1266,880
3229,1266,880
3229,1266,880
3229,1266,880
3229,1266,880
3230,1266,881
3230,1269,881
3230,1269,881
3230,1269,881
3230,1269,881
3230,1269,881
3230,1269,881
3230,1269,881
3231,1269,882
3231,1272,882
3231,1272,882
3231,1272,882
3231,1272,882
3231,1272,882
3231,1272,882
3231,1272,882
3232,1272,883
3232,1275,883
3232,1275,883
3232,1275,883
3232,1275,883
3232,1275,883
3232,1275,883
3232,1275,883
3233,1275,884
3233,1278,884
3233,1278,884
3233,1278,884
3233,1278,884
3233,1278,884
3233,1278,884
3233,1278,885
3234,1280,885
3234,1280,885
3234,1280,885
3234,1280,885
3234,1280,885
3234,1280,885
3234,1280,885
3235,1280,886
3235,1283,886
3235,1283,886
3235,1283,886
3235,1283,886
3235,1283,886
3235,1283,886
3235,1283,886
3236,1283,887
3236,1286,887
3236,1286,887
3236,1286,887
3236,1286,887
3236,1286,887
3236,1286,887
3236,1286,887
3237,1289,888
3237,1289,888
3237,1289,888
3237,1289,888
3237,1289,888
3237,1289,888
3237,1289,888
3238,1289,889
3238,1292,889
3238,1292,889
3238,1292,889
3238,1292,889
3238,1292,889
3238,1292,889
3238,1292,889
3239,1292,890
3239,1295,890
3239,1295,890
3239,1295,890
3239,1295,890
3239,1295,890
3239,1295,890
3239,1295,890
3239,1295,890
3240,1298,891
3240,1298,891
3240,1298,891
3240,1298,891
3240,1298,891
3240,1298,891
3240,1298,891
3240,1298,891
3241,1298,892
3241,1301,892
3241,1301,892
3241,1301,892
3241,1301,892
3241,1301,892
3241,1301,892
3241,1301,892
3242,1301,893
3242,1304,893
3242,1304,893
3242,1304,893
3242,1304,893
3242,1304,893
3242,1304,893
3242,1304,893
3243,1304,894
3243,1307,894
3243,1307,894
3243,1307,894
3243,1307,894
3243,1307,894
3243,1307,894
3243,1307,894
3244,1307,895
3244,1310,895
3244,1310,895
3244,1310,895
3244,1310,895
3244,1310,895
3244,1310,895
3244,1310,895
3245,1310,896
3245,1312,896
3245,1312,896
3245,1312,896
3245,1312,896
3245,1312,896
3245,1312,896
3245,1312,896
3246,1312,897
3246,1315,897
3246,1315,897
3246,1315,897
3246,1315,897
3246,1315,897
3246,1315,897
3246,1315,897
3247,1315,898
3247,1318,898
3247,1318,898
3247,1318,898
3247,1318,898
3247,1318,898
3247,1318,898
3248,1318,899
3248,1321,899
3248,1321,899
3248,1321,899
3248,1321,899
3248,1321,899
3248,1321,899
3248,1321,899
3249,1321,900
3249,1324,900
3249,1324,900
3249,1324,900
3249,1324,900
3249,1324,900
3249,1324,900
3249,1324,900
3250,1324,901
3250,1327,901
3250,1327,901
3250,1327,901
3250,1327,901
3250,1327,901
3250,1327,901
3250,1327,902
3251,1330,902
3251,1330,902
3251,1330,902
3251,1330,902
3251,1330,902
3251,1330,902
3251,1330,902
3252,1330,903
3252,1333,903
3252,1333,903
3252,1333,903
3252,1333,903
3252,1333,903
3252,1333,903
3252,1333,903
3253,1333,904
3253,1336,904
3253,1336,904
3253,1336,904
3253,1336,904
3253,1336,904
3253,1336,904
3253,1336,904
3254,1336,905
3254,1339,905
3254,1339,905
3254,1339,905
3254,1339,905
3254,1339,905
3254,1339,905
3254,1339,905
3255,1339,906
3255,1342,906
3255,1342,906
3255,1342,906
3255,1342,906
3255,1342,906
3255,1342,906
3255,1342,906
3256,1342,907
3256,1345,907
3256,1345,907
3256,1345,907
3256,1345,907
3256,1345,907
3256,1345,907
3256,1345,907
3257,1345,908
3257,1348,908
3257,1348,908
3257,1348,908
3257,1348,908
3257,1348,908
3257,1348,908
3258,1348,909
3258,1351,909
3258,1351,909
3258,1351,909
3258,1351,909
3258,1351,909
3258,1351,909
3258,1351,909
3259,1351,910
3259,1354,910
3259,1354,910
3259,1354,910
3259,1354,910
3259,1354,910
3259,1354,910
3259,1354,910
3260,1354,911
3260,1357,911
3260,1357,911
3260,1357,911
3260,1357,911
3260,1357,911
3260,1357,911
3260,1357,911
3261,1357,912
3261,1360,912
3261,1360,912
3261,1360,912
3261,1360,912
3261,1360,912
3261,1360,912
3261,1360,913
3262,1363,913
3262,1363,913
3262,1363,913
3262,1363,913
3262,1363,913
3262,1363,913
3262,1363,913
3263,1363,914
3263,1366,914
3263,1366,914
3263,1366,914
3263,1366,914
3263,1366,914
3263,1366,914
3263,1366,914
3264,1366,915
3264,1369,915
3264,1369,915
3264,1369,915
3264,1369,915
3264,1369,915
3264,1369,915
3265,1369,916
3265,1372,916
3265,1372,916
3265,1372,916
3265,1372,916
3265,1372,916
3265,1372,916
3265,1372,916
3266,1372,917
3266,1375,917
3266,1375,917
3266,1375,917
3266,1375,917
3266,1375,917
3266,1375,917
3266,1375,917
3267,1375,918
3267,1378,918
3267,1378,918
3267,1378,918
3267,1378,918
3267,1378,918
3267,1378,918
3267,1378,918
3268,1378,919
3268,1381,919
3268,1381,919
3268,1381,919
3268,1381,919
3268,1381,919
3268,1381,919
3268,1381,919
3269,1381,920
3269,1384,920
3269,1384,920
3269,1384,920
3269,1384,920
3269,1384,920
3269,1384,920
3270,1384,921
3270,1387,921
3270,1387,921
3270,1387,921
3270,1387,921
3270,1387,921
3270,1387,921
3270,1387,921
3271,1387,922
3271,1390,922
3271,1390,922
3271,1390,922
3271,1390,922
3271,1390,922
3271,1390,922
3271,1390,922
3272,1390,923
3272,1393,923
3272,1393,923
3272,1393,923
3272,1393,923
3272,1393,923
3272,1393,923
3272,1393,923
3273,1393,924
3273,1396,924
3273,1396,924
3273,1396,924
3273,1396,924
3273,1396,924
3273,1396,924
3273,1396,924
3274,1396,925
3274,1399,925
3274,1399,925
3274,1399,925
3274,1399,925
3274,1399,925
3274,1399,925
3275,1399,926
3275,1402,926
3275,1402,926
3275,1402,926
3275,1402,926
3275,1402,926
3275,1402,926
3276,1402,927
3276,1405,927
3276,1405,927
3276,1405,927
3276,1405,927
3276,1405,927
3276,1405,927
3276,1405,927
3277,1405,928
3277,1408,928
3277,1408,928
3277,1408,928
3277,1408,928
3277,1408,928
3277,1408,928
3277,1408,928
3278,1408,929
3278,1411,929
3278,1411,929
3278,1411,929
3278,1411,929
3278,1411,929
3278,1411,929
3278,1411,929
3279,1411,930
3279,1414,930
3279,1414,930
3279,1414,930
3279,1414,930
3279,1414,930
3279,1414,930
3280,1414,931
3280,1417,931
3280,1417,931
3280,1417,931
3280,1417,931
3280,1417,931
3280,1417,931
3280,1417,931
3281,1417,932
3281,1420,932
3281,1420,932
3281,1420,932
3281,1420,932
3281,1420,932
3281,1420,932
3282,1420,933
3282,1423,933
3282,1423,933
3282,1423,933
3282,1423,933
3282,1423,933
3282,1423,933
3283,1423,934
3283,1426,934
3283,1426,934
3283,1426,934
3283,1426,934
3283,1426,934
3283,1426,934
3283,1426,934
3284,1426,935
3284,1429,935
3284,1429,935
3284,1429,935
3284,1429,935
3284,1429,935
3284,1429,935
3285,1429,936
3285,1432,936
3285,1432,936
3285,1432,936
3285,1432,936
3285,1432,936
3285,1432,936
3286,1432,937
3286,1435,937
3286,1435,937
3286,1435,937
3286,1435,937
3286,1435,937
3286,1435,937
3286,1435,938
3287,1439,938
3287,1439,938
3287,1439,938
3287,1439,938
3287,1439,938
3287,1439,938
3287,1439,938
3288,1439,939
3288,1442,939
3288,1442,939
3288,1442,939
3288,1442,939
3288,1442,939
3288,1442,939
3288,1442,939
3289,1442,940
3289,1445,940
3289,1445,940
3289,1445,940
3289,1445,940
3289,1445,940
3289,1445,940
3289,1445,940
3290,1445,941
3290,1448,941
3290,1448,941
3290,1448,941
3290,1448,941
3290,1448,941
3290,1448,941
3290,1448,941
3291,1448,942
3291,1451,942
3291,1451,942
3291,1451,942
3291,1451,942
3291,1451,942
3291,1451,942
3291,1451,942
3292,1451,943
3292,1454,943
3292,1454,943
3292,1454,943
3292,1454,943
3292,1454,943
3292,1454,943
3292,1454,943
3293,1454,944
3293,1457,944
3293,1457,944
3293,1457,944
3293,1457,944
3293,1457,944
3293,1457,944
3293,1457,944
3294,1457,945
3294,1460,945
3294,1460,945
3294,1460,945
3294,1460,945
3294,1460,945
3294,1460,945
3294,1460,945
3295,1460,946
3295,1463,946
3295,1463,946
3295,1463,946
3295,1463,946
3295,1463,946
3295,1463,946
3296,1463,947
3296,1466,947
3296,1466,947
3296,1466,947
3296,1466,947
3296,1466,947
3296,1466,947
3296,1466,947
3297,1466,948
3297,1469,948
3297,1469,948
3297,1469,948
3297,1469,948
3297,1469,948
3297,1469,948
3298,1469,949
3298,1473,949
3298,1473,949
3298,1473,949
3298,1473,949
3298,1473,949
3298,1473,949
3298,1473,949
3299,1473,950
3299,1476,950
3299,1476,950
3299,1476,950
3299,1476,950
3299,1476,950
3299,1476,950
3299,1476,950
3300,1476,951
3300,1479,951
3300,1479,951
3300,1479,951
3300,1479,951
3300,1479,951
3300,1479,951
3300,1479,951
3301,1479,952
3301,1482,952
3301,1482,952
3301,1482,952
3301,1482,952
3301,1482,952
3301,1482,952
3301,1482,952
3302,1482,953
3302,1485,953
3302,1485,953
3302,1485,953
3302,1485,953
3302,1485,953
3302,1485,953
3302,1485,953
3302,1485,953
3303,1485,954
3303,1488,954
3303,1488,954
3303,1488,954
3303,1488,954
3303,1488,954
3303,1488,954
3303,1488,954
3304,1488,955
3304,1491,955
3304,1491,955
3304,1491,955
3304,1491,955
3304,1491,955
3304,1491,955
3305,1491,956
3305,1494,956
3305,1494,956
3305,1494,956
3305,1494,956
3305,1494,956
3305,1494,956
3305,1494,956
3306,1494,957
3306,1497,957
3306,1497,957
3306,1497,957
3306,1497,957
3306,1497,957
3306,1497,957
3306,1497,957
3307,1497,958
3307,1501,958
3307,1501,958
3307,1501,958
3307,1501,958
3307,1501,958
3307,1501,958
3307,1501,958
3308,1501,959
3308,1504,959
3308,1504,959
3308,1504,959
3308,1504,959
3308,1504,959
3308,1504,959
3308,1504,959
3308,1504,959
3309,1504,960
3309,1507,960
3309,1507,960
3309,1507,960
3309,1507,960
3309,1507,960
3309,1507,960
3309,1507,960
3310,1507,961
3310,1510,961
3310,1510,961
3310,1510,961
3310,1510,961
3310,1510,961
3310,1510,961
3310,1510,961
3311,1510,962
3311,1513,962
3311,1513,962
3311,1513,962
3311,1513,962
3311,1513,962
3311,1513,962
3312,1513,963
3312,1516,963
3312,1516,963
3312,1516,963
3312,1516,963
3312,1516,963
3312,1516,963
3312,1516,963
3313,1516,964
3313,1519,964
3313,1519,964
3313,1519,964
3313,1519,964
3313,1519,964
3314,1519,965
3314,1523,965
3314,1523,965
3314,1523,965
3314,1523,965
3314,1523,965
3314,1523,965
3314,1523,965
3315,1523,966
3315,1526,966
3315,1526,966
3315,1526,966
3315,1526,966
3315,1526,966
3315,1526,966
3315,1526,966
3316,1529,967
3316,1529,967
3316,1529,967
3316,1529,967
3316,1529,967
3316,1529,967
3317,1529,968
3317,1532,968
3317,1532,968
3317,1532,968
3317,1532,968
3317,1532,968
3317,1532,968
3318,1532,969
3318,1535,969
3318,1535,969
3318,1535,969
3318,1535,969
3318,1535,969
3318,1535,969
3319,1535,970
3319,1538,970
3319,1538,970
3319,1538,970
3319,1538,970
3319,1538,970
3319,1538,970
3320,1538,971
3320,1542,971
3320,1542,971
3320,1542,971
3320,1542,971
3320,1542,971
3320,1542,971
3321,1542,972
3321,1545,972
3321,1545,972
3321,1545,972
3321,1545,972
3321,1545,972
3321,1545,972
3321,1545,972
3322,1545,973
3322,1548,973
3322,1548,973
3322,1548,973
3322,1548,973
3322,1548,973
3322,1548,973
3322,1548,973
3322,1548,973
3323,1551,974
3323,1551,974
3323,1551,974
3323,1551,974
3323,1551,974
3323,1551,974
3323,1551,974
3323,1551,974
3324,1551,975
3324,1554,975
3324,1554,975
3324,1554,975
3324,1554,975
3324,1554,975
3324,1554,975
3324,1554,975
3325,1554,976
3325,1558,976
3325,1558,976
3325,1558,976
3325,1558,976
3325,1558,976
3325,1558,976
3325,1558,976
3325,1558,976
3326,1558,977
3326,1561,977
3326,1561,977
3326,1561,977
3326,1561,977
3326,1561,977
3326,1561,977
3326,1561,977
3327,1561,978
3327,1564,978
3327,1564,978
3327,1564,978
3327,1564,978
3327,1564,978
3327,1564,978
3327,1564,978
3328,1564,979
3328,1567,979
3328,1567,979
3328,1567,979
3328,1567,979
3328,1567,979
3328,1567,979
3328,1567,979
3329,1567,980
3329,1570,980
3329,1570,980
3329,1570,980
3329,1570,980
3329,1570,980
3329,1570,980
3329,1570,980
3330,1570,981
3330,1574,981
3330,1574,981
3330,1574,981
3330,1574,981
3330,1574,981
3330,1574,981
3330,1574,981
3330,1574,981
3331,1574,982
3331,1577,982
3331,1577,982
3331,1577,982
3331,1577,982
3331,1577,982
3331,1577,982
3331,1577,982
3332,1577,983
3332,1580,983
3332,1580,983
3332,1580,983
3332,1580,983
3332,1580,983
3332,1580,983
3332,1580,983
3333,1580,984
3333,1583,984
3333,1583,984
3333,1583,984
3333,1583,984
3333,1583,984
3333,1583,984
3333,1583,984
3334,1583,985
3334,1586,985
3334,1586,985
3334,1586,985
3334,1586,985
3334,1586,985
3334,1586,985
3334,1586,985
3334,1586,985
3335,1586,986
3335,1590,986
3335,1590,986
3335,1590,986
3335,1590,986
3335,1590,986
3335,1590,986
3335,1590,987
3336,1593,987
3336,1593,987
3336,1593,987
3336,1593,987
3336,1593,987
3336,1593,987
3336,1593,987
3336,1593,987
3337,1593,988
3337,1596,988
3337,1596,988
3337,1596,988
3337,1596,988
3337,1596,988
3337,1596,988
3337,1596,988
3338,1596,989
3338,1599,989
3338,1599,989
3338,1599,989
3338,1599,989
3338,1599,989
3338,1599,989
3338,1599,989
3339,1599,990
3339,1603,990
3339,1603,990
3339,1603,990
3339,1603,990
3339,1603,990
3339,1603,990
3339,1603,990
3340,1603,991
3340,1606,991
3340,1606,991
3340,1606,991
3340,1606,991
3340,1606,991
3340,1606,991
3340,1606,991
3340,1606,991
3341,1606,992
3341,1609,992
3341,1609,992
3341,1609,992
3341,1609,992
3341,1609,992
3341,1609,992
3341,1609,992
3342,1609,993
3342,1612,993
3342,1612,993
3342,1612,993
3342,1612,993
3342,1612,993
3342,1612,993
3342,1612,993
3343,1612,994
3343,1616,994
3343,1616,994
3343,1616,994
3343,1616,994
3343,1616,994
3343,1616,994
3343,1616,994
3343,1616,994
3344,1616,995
3344,1619,995
3344,1619,995
3344,1619,995
3344,1619,995
3344,1619,995
3344,1619,995
3344,1619,995
3345,1619,996
3345,1622,996
3345,1622,996
3345,1622,996
3345,1622,996
3345,1622,996
3345,1622,996
3345,1622,996
3346,1622,997
3346,1625,997
3346,1625,997
3346,1625,997
3346,1625,997
3346,1625,997
3346,1625,997
3346,1625,997
3346,1625,997
3347,1625,998
3347,1629,998
3347,1629,998
3347,1629,998
3347,1629,998
3347,1629,998
3347,1629,998
3347,1629,998
3348,1629,999
3348,1632,999
3348,1632,999
3348,1632,999
3348,1632,999
3348,1632,999
3348,1632,999
3348,1632,999
3349,1632,1000
3349,1635,1000
3349,1635,1000
3349,1635,1000
3349,1635,1000
3349,1635,1000
3349,1635,1000
3349,1635,1000
3350,1635,1001
3350,1639,1001
3350,1639,1001
3350,1639,1001
3350,1639,1001
3350,1639,1001
3350,1639,1001
3350,1639,1001
3350,1639,1001
3351,1639,1002
3351,1642,1002
3351,1642,1002
3351,1642,1002
3351,1642,1002
3351,1642,1002
3351,1642,1002
3351,1642,1002
3352,1642,1003
3352,1645,1003
3352,1645,1003
3352,1645,1003
3352,1645,1003
3352,1645,1003
3352,1645,1003
3352,1645,1003
3353,1645,1004
3353,1648,1004
3353,1648,1004
3353,1648,1004
3353,1648,1004
3353,1648,1004
3353,1648,1004
3353,1648,1004
3354,1648,1005
3354,1652,1005
3354,1652,1005
3354,1652,1005
3354,1652,1005
3354,1652,1005
3354,1652,1005
3354,1652,1005
3355,1652,1006
3355,1655,1006
3355,1655,1006
3355,1655,1006
3355,1655,1006
3355,1655,1006
3355,1655,1006
3355,1655,1006
3356,1655,1007
3356,1658,1007
3356,1658,1007
3356,1658,1007
3356,1658,1007
3356,1658,1007
3356,1658,1007
3356,1658,1007
3356,1658,1008
3357,1661,1008
3357,1661,1008
3357,1661,1008
3357,1661,1008
3357,1661,1008
3357,1661,1008
3357,1661,1008
3357,1661,1008
3358,1661,1009
3358,1665,1009
3358,1665,1009
3358,1665,1009
3358,1665,1009
3358,1665,1009
3358,1665,1009
3358,1665,1009
3359,1665,1010
3359,1668,1010
3359,1668,1010
3359,1668,1010
3359,1668,1010
3359,1668,1010
3359,1668,1010
3359,1668,1010
3360,1668,1011
3360,1671,1011
3360,1671,1011
3360,1671,1011
3360,1671,1011
3360,1671,1011
3360,1671,1011
3360,1671,1011
3361,1671,1012
3361,1675,1012
3361,1675,1012
3361,1675,1012
3361,1675,1012
3361,1675,1012
3361,1675,1012
3361,1675,1012
3362,1675,1013
3362,1678,1013
3362,1678,1013
3362,1678,1013
3362,1678,1013
3362,1678,1013
3362,1678,1013
3362,1678,1013
3363,1678,1014
3363,1681,1014
3363,1681,1014
3363,1681,1014
3363,1681,1014
3363,1681,1014
3363,1681,1014
3363,1681,1014
3364,1681,1015
3364,1684,1015
3364,1684,1015
3364,1684,1015
3364,1684,1015
3364,1684,1015
3364,1684,1015
3364,1684,1015
3364,1684,1015
3365,1688,1016
3365,1688,1016
3365,1688,1016
3365,1688,1016
3365,1688,1016
3365,1688,1016
3365,1688,1016
3365,1688,1016
3366,1688,1017
3366,1691,1017
3366,1691,1017
3366,1691,1017
3366,1691,1017
3366,1691,1017
3366,1691,1017
3366,1691,1017
3367,1691,1018
3367,1694,1018
3367,1694,1018
3367,1694,1018
3367,1694,1018
3367,1694,1018
3367,1694,1018
3367,1694,1018
3368,1694,1019
3368,1697,1019
3368,1697,1019
3368,1697,1019
3368,1697,1019
3368,1697,1019
3368,1697,1019
3368,1697,1019
3369,1697,1020
3369,1701,1020
3369,1701,1020
3369,1701,1020
3369,1701,1020
3369,1701,1020
3369,1701,1020
3369,1701,1020
3370,1701,1021
3370,1704,1021
3370,1704,1021
3370,1704,1021
3370,1704,1021
3370,1704,1021
3370,1704,1021
3370,1704,1021
3371,1704,1022
3371,1707,1022
3371,1707,1022
3371,1707,1022
3371,1707,1022
3371,1707,1022
3371,1707,1022
3371,1707,1022
3372,1707,1023
3372,1711,1023
3372,1711,1023
3372,1711,1023
3372,1711,1023
3372,1711,1023
3372,1711,1023
3372,1711,1023
3372,1711,1023
3373,1711,1024
3373,1714,1024
3373,1714,1024
3373,1714,1024
3373,1714,1024
3373,1714,1024
3373,1714,1024
3373,1714,1024
3374,1714,1025
3374,1717,1025
3374,1717,1025
3374,1717,1025
3374,1717,1025
3374,1717,1025
3374,1717,1025
3374,1717,1025
3375,1717,1026
3375,1720,1026
3375,1720,1026
3375,1720,1026
3375,1720,1026
3375,1720,1026
3375,1720,1026
3375,1720,1026
3376,1720,1027
3376,1724,1027
3376,1724,1027
3376,1724,1027
3376,1724,1027
3376,1724,1027
3376,1724,1027
3376,1724,1027
3377,1724,1028
3377,1727,1028
3377,1727,1028
3377,1727,1028
3377,1727,1028
3377,1727,1028
3377,1727,1028
3377,1727,1028
3378,1727,1029
3378,1730,1029
3378,1730,1029
3378,1730,1029
3378,1730,1029
3378,1730,1029
3378,1730,1029
3378,1730,1029
3379,1730,1030
3379,1734,1030
3379,1734,1030
3379,1734,1030
3379,1734,1030
3379,1734,1030
3379,1734,1030
3379,1734,1030
3380,1734,1031
3380,1737,1031
3380,1737,1031
3380,1737,1031
3380,1737,1031
3380,1737,1031
3380,1737,1031
3380,1737,1031
3380,1737,1031
3381,1737,1032
3381,1740,1032
3381,1740,1032
3381,1740,1032
3381,1740,1032
3381,1740,1032
3381,1740,1032
3381,1740,1032
3382,1740,1033
3382,1743,1033
3382,1743,1033
3382,1743,1033
3382,1743,1033
3382,1743,1033
3382,1743,1033
3382,1743,1033
3383,1743,1034
3383,1747,1034
3383,1747,1034
3383,1747,1034
3383,1747,1034
3383,1747,1034
3383,1747,1034
3383,1747,1034
3384,1747,1035
3384,1750,1035
3384,1750,1035
3384,1750,1035
3384,1750,1035
3384,1750,1035
3384,1750,1035
3384,1750,1035
3385,1750,1036
3385,1753,1036
3385,1753,1036
3385,1753,1036
3385,1753,1036
3385,1753,1036
3385,1753,1036
3385,1753,1036
3386,1753,1037
3386,1756,1037
3386,1756,1037
3386,1756,1037
3386,1756,1037
3386,1756,1037
3386,1756,1037
3386,1756,1037
3386,1756,1037
3387,1756,1038
3387,1760,1038
3387,1760,1038
3387,1760,1038
3387,1760,1038
3387,1760,1038
3387,1760,1038
3388,1760,1039
3388,1763,1039
3388,1763,1039
3388,1763,1039
3388,1763,1039
3388,1763,1039
3388,1763,1039
3388,1763,1039
3388,1763,1039
3389,1766,1040
3389,1766,1040
3389,1766,1040
3389,1766,1040
3389,1766,1040
3389,1766,1040
3389,1766,1040
3389,1766,1040
3390,1766,1041
3390,1770,1041
3390,1770,1041
3390,1770,1041
3390,1770,1041
3390,1770,1041
3390,1770,1041
3390,1770,1041
3391,1770,1042
3391,1773,1042
3391,1773,1042
3391,1773,1042
3391,1773,1042
3391,1773,1042
3391,1773,1042
3391,1773,1042
3392,1773,1043
3392,1776,1043
3392,1776,1043
3392,1776,1043
3392,1776,1043
3392,1776,1043
3392,1776,1043
3392,1776,1043
3392,1776,1043
3393,1776,1044
3393,1779,1044
3393,1779,1044
3393,1779,1044
3393,1779,1044
3393,1779,1044
3393,1779,1044
3393,1779,1044
3394,1779,1045
3394,1783,1045
3394,1783,1045
3394,1783,1045
3394,1783,1045
3394,1783,1045
3394,1783,1045
3394,1783,1045
3395,1783,1046
3395,1786,1046
3395,1786,1046
3395,1786,1046
3395,1786,1046
3395,1786,1046
3395,1786,1046
3395,1786,1046
3395,1786,1047
3396,1789,1047
3396,1789,1047
3396,1789,1047
3396,1789,1047
3396,1789,1047
3396,1789,1047
3396,1789,1047
3396,1789,1047
3397,1789,1048
3397,1793,1048
3397,1793,1048
3397,1793,1048
3397,1793,1048
3397,1793,1048
3397,1793,1048
3397,1793,1048
3398,1793,1049
3398,1796,1049
3398,1796,1049
3398,1796,1049
3398,1796,1049
3398,1796,1049
3398,1796,1049
3398,1796,1049
3399,1799,1050
3399,1799,1050
3399,1799,1050
3399,1799,1050
3399,1799,1050
3399,1799,1050
3399,1799,1050
3400,1799,1051
3400,1802,1051
3400,1802,1051
3400,1802,1051
3400,1802,1051
3400,1802,1051
3400,1802,1051
3400,1802,1051
3401,1802,1052
3401,1806,1052
3401,1806,1052
3401,1806,1052
3401,1806,1052
3401,1806,1052
3401,1806,1052
3401,1806,1052
3402,1806,1053
3402,1809,1053
3402,1809,1053
3402,1809,1053
3402,1809,1053
3402,1809,1053
3402,1809,1053
3402,1809,1053
3403,1809,1054
3403,1812,1054
3403,1812,1054
3403,1812,1054
3403,1812,1054
3403,1812,1054
3403,1812,1054
3403,1812,1054
3403,1812,1055
3404,1815,1055
3404,1815,1055
3404,1815,1055
3404,1815,1055
3404,1815,1055
3404,1815,1055
3404,1815,1055
3405,1815,1056
3405,1819,1056
3405,1819,1056
3405,1819,1056
3405,1819,1056
3405,1819,1056
3405,1819,1056
3405,1819,1056
3406,1819,1057
3406,1822,1057
3406,1822,1057
3406,1822,1057
3406,1822,1057
3406,1822,1057
3406,1822,1057
3406,1822,1057
3407,1822,1058
3407,1825,1058
3407,1825,1058
3407,1825,1058
3407,1825,1058
3407,1825,1058
3407,1825,1058
3407,1825,1058
3408,1825,1059
3408,1829,1059
3408,1829,1059
3408,1829,1059
3408,1829,1059
3408,1829,1059
3408,1829,1059
3408,1829,1059
3409,1829,1060
3409,1832,1060
3409,1832,1060
3409,1832,1060
3409,1832,1060
3409,1832,1060
3409,1832,1060
3409,1832,1060
3410,1832,1061
3410,1835,1061
3410,1835,1061
3410,1835,1061
3410,1835,1061
3410,1835,1061
3410,1835,1061
3411,1835,1062
3411,1838,1062
3411,1838,1062
3411,1838,1062
3411,1838,1062
3411,1838,1062
3411,1838,1062
3412,1838,1063
3412,1842,1063
3412,1842,1063
3412,1842,1063
3412,1842,1063
3412,1842,1063
3412,1842,1063
3412,1842,1063
3413,1842,1064
3413,1845,1064
3413,1845,1064
3413,1845,1064
3413,1845,1064
3413,1845,1064
3413,1845,1064
3413,1845,1064
3413,1845,1065
3414,1848,1065
3414,1848,1065
3414,1848,1065
3414,1848,1065
3414,1848,1065
3414,1848,1065
3414,1848,1065
3414,1848,1065
3415,1848,1066
3415,1852,1066
3415,1852,1066
3415,1852,1066
3415,1852,1066
3415,1852,1066
3415,1852,1066
3415,1852,1066
3416,1852,1067
3416,1855,1067
3416,1855,1067
3416,1855,1067
3416,1855,1067
3416,1855,1067
3416,1855,1067
3416,1855,1067
3416,1855,1067
3417,1855,1068
3417,1858,1068
3417,1858,1068
3417,1858,1068
3417,1858,1068
3417,1858,1068
3417,1858,1068
3417,1858,1068
3418,1858,1069
3418,1861,1069
3418,1861,1069
3418,1861,1069
3418,1861,1069
3418,1861,1069
3418,1861,1069
3418,1861,1069
3419,1861,1070
3419,1865,1070
3419,1865,1070
3419,1865,1070
3419,1865,1070
3419,1865,1070
3419,1865,1070
3419,1865,1070
3420,1865,1071
3420,1868,1071
3420,1868,1071
3420,1868,1071
3420,1868,1071
3420,1868,1071
3420,1868,1071
3420,1868,1071
3420,1868,1071
3421,1868,1072
3421,1871,1072
3421,1871,1072
3421,1871,1072
3421,1871,1072
3421,1871,1072
3421,1871,1072
3421,1871,1072
3422,1871,1073
3422,1874,1073
3422,1874,1073
3422,1874,1073
3422,1874,1073
3422,1874,1073
3422,1874,1073
3422,1874,1073
3423,1874,1074
3423,1878,1074
3423,1878,1074
3423,1878,1074
3423,1878,1074
3423,1878,1074
3423,1878,1074
3423,1878,1074
3424,1878,1075
3424,1881,1075
3424,1881,1075
3424,1881,1075
3424,1881,1075
3424,1881,1075
3424,1881,1075
3424,1881,1075
3425,1881,1076
3425,1884,1076
3425,1884,1076
3425,1884,1076
3425,1884,1076
3425,1884,1076
3425,1884,1076
3425,1884,1076
3426,1884,1077
3426,1888,1077
3426,1888,1077
3426,1888,1077
3426,1888,1077
3426,1888,1077
3426,1888,1077
3426,1888,1077
3426,1888,1077
3427,1888,1078
3427,1891,1078
3427,1891,1078
3427,1891,1078
3427,1891,1078
3427,1891,1078
3427,1891,1078
3427,1891,1078
3428,1891,1079
3428,1894,1079
3428,1894,1079
3428,1894,1079
3428,1894,1079
3428,1894,1079
3428,1894,1079
3428,1894,1079
3429,1894,1080
3429,1897,1080
3429,1897,1080
3429,1897,1080
3429,1897,1080
3429,1897,1080
3429,1897,1080
3429,1897,1080
3430,1897,1081
3430,1901,1081
3430,1901,1081
3430,1901,1081
3430,1901,1081
3430,1901,1081
3430,1901,1081
3430,1901,1081
3431,1901,1082
3431,1904,1082
3431,1904,1082
3431,1904,1082
3431,1904,1082
3431,1904,1082
3431,1904,1082
3431,1904,1082
3431,1904,1082
3432,1904,1083
3432,1907,1083
3432,1907,1083
3432,1907,1083
3432,1907,1083
3432,1907,1083
3432,1907,1083
3432,1907,1083
3433,1907,1084
3433,1910,1084
3433,1910,1084
3433,1910,1084
3433,1910,1084
3433,1910,1084
3433,1910,1084
3433,1910,1084
3434,1910,1085
3434,1914,1085
3434,1914,1085
3434,1914,1085
3434,1914,1085
3434,1914,1085
3434,1914,1085
3434,1914,1085
3434,1914,1086
3435,1917,1086
3435,1917,1086
3435,1917,1086
3435,1917,1086
3435,1917,1086
3435,1917,1086
3435,1917,1086
3435,1917,1086
3436,1917,1087
3436,1920,1087
3436,1920,1087
3436,1920,1087
3436,1920,1087
3436,1920,1087
3436,1920,1087
3436,1920,1087
3436,1920,1088
3437,1924,1088
3437,1924,1088
3437,1924,1088
3437,1924,1088
3437,1924,1088
3437,1924,1088
3437,1924,1088
3437,1924,1088
3438,1924,1089
3438,1927,1089
3438,1927,1089
3438,1927,1089
3438,1927,1089
3438,1927,1089
3438,1927,1089
3438,1927,1089
3439,1927,1090
3439,1930,1090
3439,1930,1090
3439,1930,1090
3439,1930,1090
3439,1930,1090
3439,1930,1090
3439,1930,1090
3439,1930,1090
3440,1930,1091
3440,1933,1091
3440,1933,1091
3440,1933,1091
3440,1933,1091
3440,1933,1091
3440,1933,1091
3440,1933,1091
3441,1933,1092
3441,1937,1092
3441,1937,1092
3441,1937,1092
3441,1937,1092
3441,1937,1092
3441,1937,1092
3441,1937,1092
3441,1937,1092
3442,1940,1093
3442,1940,1093
3442,1940,1093
3442,1940,1093
3442,1940,1093
3442,1940,1093
3442,1940,1093
3442,1940,1093
3443,1940,1094
3443,1943,1094
3443,1943,1094
3443,1943,1094
3443,1943,1094
3443,1943,1094
3443,1943,1094
3443,1943,1094
3444,1943,1095
3444,1947,1095
3444,1947,1095
3444,1947,1095
3444,1947,1095
3444,1947,1095
3444,1947,1095
3444,1947,1095
3445,1947,1096
3445,1950,1096
3445,1950,1096
3445,1950,1096
3445,1950,1096
3445,1950,1096
3445,1950,1096
3445,1950,1096
3446,1950,1097
3446,1953,1097
3446,1953,1097
3446,1953,1097
3446,1953,1097
3446,1953,1097
3446,1953,1097
3446,1953,1097
3446,1953,1097
3447,1953,1098
3447,1956,1098
3447,1956,1098
3447,1956,1098
3447,1956,1098
3447,1956,1098
3447,1956,1098
3447,1956,1098
3448,1956,1099
3448,1960,1099
3448,1960,1099
3448,1960,1099
3448,1960,1099
3448,1960,1099
3448,1960,1099
3448,1960,1099
3449,1960,1100
3449,1963,1100
3449,1963,1100
3449,1963,1100
3449,1963,1100
3449,1963,1100
3449,1963,1100
3449,1963,1100
3450,1963,1101
3450,1966,1101
3450,1966,1101
3450,1966,1101
3450,1966,1101
3450,1966,1101
3450,1966,1101
3450,1966,1101
3450,1966,1102
3451,1969,1102
3451,1969,1102
3451,1969,1102
3451,1969,1102
3451,1969,1102
3451,1969,1102
3451,1969,1102
3451,1969,1102
3452,1969,1103
3452,1973,1103
3452,1973,1103
3452,1973,1103
3452,1973,1103
3452,1973,1103
3452,1973,1103
3452,1973,1103
3453,1976,1104
3453,1976,1104
3453,1976,1104
3453,1976,1104
3453,1976,1104
3453,1976,1104
3453,1976,1104
3454,1976,1105
3454,1979,1105
3454,1979,1105
3454,1979,1105
3454,1979,1105
3454,1979,1105
3454,1979,1105
3454,1979,1105
3455,1979,1106
3455,1983,1106
3455,1983,1106
3455,1983,1106
3455,1983,1106
3455,1983,1106
3455,1983,1106
3455,1983,1106
3456,1983,1107
3456,1986,1107
3456,1986,1107
3456,1986,1107
3456,1986,1107
3456,1986,1107
3456,1986,1107
3456,1986,1107
3457,1986,1108
3457,1989,1108
3457,1989,1108
3457,1989,1108
3457,1989,1108
3457,1989,1108
3457,1989,1108
3458,1989,1109
3458,1992,1109
3458,1992,1109
3458,1992,1109
3458,1992,1109
3458,1992,1109
3458,1992,1109
3458,1992,1109
3459,1992,1110
3459,1996,1110
3459,1996,1110
3459,1996,1110
3459,1996,1110
3459,1996,1110
3459,1996,1110
3459,1996,1110
3460,1996,1111
3460,1999,1111
3460,1999,1111
3460,1999,1111
3460,1999,1111
3460,1999,1111
3460,1999,1111
3460,1999,1111
3461,1999,1112
3461,2002,1112
3461,2002,1112
3461,2002,1112
3461,2002,1112
3461,2002,1112
3461,2002,1112
3462,2002,1113
3462,2006,1113
3462,2006,1113
3462,2006,1113
3462,2006,1113
3462,2006,1113
3462,2006,1113
3462,2006,1113
3463,2006,1114
3463,2009,1114
3463,2009,1114
3463,2009,1114
3463,2009,1114
3463,2009,1114
3463,2009,1114
3464,2009,1115
3464,2012,1115
3464,2012,1115
3464,2012,1115
3464,2012,1115
3464,2012,1115
3464,2012,1115
3464,2012,1115
3465,2012,1116
3465,2015,1116
3465,2015,1116
3465,2015,1116
3465,2015,1116
3465,2015,1116
3465,2015,1116
3465,2015,1116
3465,2015,1117
3466,2019,1117
3466,2019,1117
3466,2019,1117
3466,2019,1117
3466,2019,1117
3466,2019,1117
3466,2019,1117
3466,2019,1117
3467,2019,1118
3467,2022,1118
3467,2022,1118
3467,2022,1118
3467,2022,1118
3467,2022,1118
3467,2022,1118
3467,2022,1118
3468,2022,1119
3468,2025,1119
3468,2025,1119
3468,2025,1119
3468,2025,1119
3468,2025,1119
3468,2025,1119
3468,2025,1119
3469,2025,1120
3469,2028,1120
3469,2028,1120
3469,2028,1120
3469,2028,1120
3469,2028,1120
3469,2028,1120
3469,2028,1120
3470,2028,1121
3470,2032,1121
3470,2032,1121
3470,2032,1121
3470,2032,1121
3470,2032,1121
3470,2032,1121
3470,2032,1121
3471,2032,1122
3471,2035,1122
3471,2035,1122
3471,2035,1122
3471,2035,1122
3471,2035,1122
3471,2035,1122
3471,2035,1122
3471,2035,1123
3472,2038,1123
3472,2038,1123
3472,2038,1123
3472,2038,1123
3472,2038,1123
3472,2038,1123
3472,2038,1123
3472,2038,1123
3473,2038,1124
3473,2042,1124
3473,2042,1124
3473,2042,1124
3473,2042,1124
3473,2042,1124
3473,2042,1124
3473,2042,1124
3474,2042,1125
3474,2045,1125
3474,2045,1125
3474,2045,1125
3474,2045,1125
3474,2045,1125
3474,2045,1125
3474,2045,1125
3475,2045,1126
3475,2048,1126
3475,2048,1126
3475,2048,1126
3475,2048,1126
3475,2048,1126
3475,2048,1126
3475,2048,1126
3476,2048,1127
3476,2051,1127
3476,2051,1127
3476,2051,1127
3476,2051,1127
3476,2051,1127
3476,2051,1127
3476,2051,1127
3476,2051,1128
3477,2055,1128
3477,2055,1128
3477,2055,1128
3477,2055,1128
3477,2055,1128
3477,2055,1128
3477,2055,1128
3477,2055,1129
3478,2058,1129
3478,2058,1129
3478,2058,1129
3478,2058,1129
3478,2058,1129
3478,2058,1129
3478,2058,1129
3478,2058,1129
3479,2058,1130
3479,2061,1130
3479,2061,1130
3479,2061,1130
3479,2061,1130
3479,2061,1130
3479,2061,1130
3479,2061,1130
3480,2061,1131
3480,2065,1131
3480,2065,1131
3480,2065,1131
3480,2065,1131
3480,2065,1131
3480,2065,1131
3480,2065,1131
3481,2065,1132
3481,2068,1132
3481,2068,1132
3481,2068,1132
3481,2068,1132
3481,2068,1132
3481,2068,1132
3481,2068,1132
3482,2068,1133
3482,2071,1133
3482,2071,1133
3482,2071,1133
3482,2071,1133
3482,2071,1133
3482,2071,1133
3482,2071,1133
3483,2071,1134
3483,2074,1134
3483,2074,1134
3483,2074,1134
3483,2074,1134
3483,2074,1134
3483,2074,1134
3483,2074,1134
3483,2074,1135
3484,2078,1135
3484,2078,1135
3484,2078,1135
3484,2078,1135
3484,2078,1135
3484,2078,1135
3484,2078,1135
3484,2078,1135
3485,2078,1136
3485,2081,1136
3485,2081,1136
3485,2081,1136
3485,2081,1136
3485,2081,1136
3485,2081,1136
3485,2081,1136
3486,2081,1137
3486,2084,1137
3486,2084,1137
3486,2084,1137
3486,2084,1137
3486,2084,1137
3486,2084,1137
3486,2084,1137
3487,2084,1138
3487,2087,1138
3487,2087,1138
3487,2087,1138
3487,2087,1138
3487,2087,1138
3487,2087,1138
3487,2087,1138
3488,2087,1139
3488,2091,1139
3488,2091,1139
3488,2091,1139
3488,2091,1139
3488,2091,1139
3488,2091,1139
3488,2091,1139
3489,2091,1140
3489,2094,1140
3489,2094,1140
3489,2094,1140
3489,2094,1140
3489,2094,1140
3489,2094,1140
3489,2094,1140
3490,2094,1141
3490,2097,1141
3490,2097,1141
3490,2097,1141
3490,2097,1141
3490,2097,1141
3490,2097,1141
3490,2097,1141
3491,2097,1142
3491,2101,1142
3491,2101,1142
3491,2101,1142
3491,2101,1142
3491,2101,1142
3491,2101,1142
3491,2101,1142
3491,2101,1142
3492,2101,1143
3492,2104,1143
3492,2104,1143
3492,2104,1143
3492,2104,1143
3492,2104,1143
3492,2104,1143
3492,2104,1143
3493,2104,1144
3493,2107,1144
3493,2107,1144
3493,2107,1144
3493,2107,1144
3493,2107,1144
3493,2107,1144
3493,2107,1144
3494,2107,1145
3494,2110,1145
3494,2110,1145
3494,2110,1145
3494,2110,1145
3494,2110,1145
3494,2110,1145
3494,2110,1145
3495,2110,1146
3495,2114,1146
3495,2114,1146
3495,2114,1146
3495,2114,1146
3495,2114,1146
3495,2114,1146
3495,2114,1146
3496,2114,1147
3496,2117,1147
3496,2117,1147
3496,2117,1147
3496,2117,1147
3496,2117,1147
3496,2117,1147
3496,2117,1147
3496,2117,1147
3497,2120,1148
3497,2120,1148
3497,2120,1148
3497,2120,1148
3497,2120,1148
3497,2120,1148
3497,2120,1148
3497,2120,1149
3498,2123,1149
3498,2123,1149
3498,2123,1149
3498,2123,1149
3498,2123,1149
3498,2123,1149
3498,2123,1149
3498,2123,1149
3499,2123,1150
3499,2127,1150
3499,2127,1150
3499,2127,1150
3499,2127,1150
3499,2127,1150
3499,2127,1150
3499,2127,1150
3500,2127,1151
3500,2130,1151
3500,2130,1151
3500,2130,1151
3500,2130,1151
3500,2130,1151
3500,2130,1151
3500,2130,1151
3501,2130,1152
3501,2133,1152
3501,2133,1152
3501,2133,1152
3501,2133,1152
3501,2133,1152
3501,2133,1152
3501,2133,1152
3502,2133,1153
3502,2137,1153
3502,2137,1153
3502,2137,1153
3502,2137,1153
3502,2137,1153
3502,2137,1153
3502,2137,1153
3503,2137,1154
3503,2140,1154
3503,2140,1154
3503,2140,1154
3503,2140,1154
3503,2140,1154
3503,2140,1154
3503,2140,1154
3503,2140,1155
3504,2143,1155
3504,2143,1155
3504,2143,1155
3504,2143,1155
3504,2143,1155
3504,2143,1155
3504,2143,1155
3504,2143,1155
3505,2143,1156
3505,2146,1156
3505,2146,1156
3505,2146,1156
3505,2146,1156
3505,2146,1156
3505,2146,1156
3505,2146,1156
3506,2146,1157
3506,2150,1157
3506,2150,1157
3506,2150,1157
3506,2150,1157
3506,2150,1157
3506,2150,1157
3506,2150,1157
3507,2150,1158
3507,2153,1158
3507,2153,1158
3507,2153,1158
3507,2153,1158
3507,2153,1158
3507,2153,1158
3507,2153,1158
3508,2153,1159
3508,2156,1159
3508,2156,1159
3508,2156,1159
3508,2156,1159
3508,2156,1159
3508,2156,1159
3508,2156,1159
3508,2156,1159
3509,2160,1160
3509,2160,1160
3509,2160,1160
3509,2160,1160
3509,2160,1160
3509,2160,1160
3509,2160,1160
3510,2160,1161
3510,2163,1161
3510,2163,1161
3510,2163,1161
3510,2163,1161
3510,2163,1161
3510,2163,1161
3510,2163,1161
3511,2163,1162
3511,2166,1162
3511,2166,1162
3511,2166,1162
3511,2166,1162
3511,2166,1162
3511,2166,1162
3511,2166,1162
3512,2166,1163
3512,2169,1163
3512,2169,1163
3512,2169,1163
3512,2169,1163
3512,2169,1163
3512,2169,1163
3512,2169,1163
3513,2169,1164
3513,2173,1164
3513,2173,1164
3513,2173,1164
3513,2173,1164
3513,2173,1164
3513,2173,1164
3514,2173,1165
3514,2176,1165
3514,2176,1165
3514,2176,1165
3514,2176,1165
3514,2176,1165
3514,2176,1165
3514,2176,1165
3515,2176,1166
3515,2179,1166
3515,2179,1166
3515,2179,1166
3515,2179,1166
3515,2179,1166
3515,2179,1166
3515,2179,1166
3516,2179,1167
3516,2182,1167
3516,2182,1167
3516,2182,1167
3516,2182,1167
3516,2182,1167
3516,2182,1167
3516,2182,1167
3517,2182,1168
3517,2186,1168
3517,2186,1168
3517,2186,1168
3517,2186,1168
3517,2186,1168
3517,2186,1168
3517,2186,1168
3518,2186,1169
3518,2189,1169
3518,2189,1169
3518,2189,1169
3518,2189,1169
3518,2189,1169
3518,2189,1169
3518,2189,1169
3519,2189,1170
3519,2192,1170
3519,2192,1170
3519,2192,1170
3519,2192,1170
3519,2192,1170
3519,2192,1170
3519,2192,1170
3520,2192,1171
3520,2196,1171
3520,2196,1171
3520,2196,1171
3520,2196,1171
3520,2196,1171
3520,2196,1171
3520,2196,1171
3520,2196,1171
3521,2196,1172
3521,2199,1172
3521,2199,1172
3521,2199,1172
3521,2199,1172
3521,2199,1172
3521,2199,1172
3521,2199,1172
3522,2199,1173
3522,2202,1173
3522,2202,1173
3522,2202,1173
3522,2202,1173
3522,2202,1173
3522,2202,1173
3522,2202,1173
3523,2202,1174
3523,2205,1174
3523,2205,1174
3523,2205,1174
3523,2205,1174
3523,2205,1174
3523,2205,1174
3523,2205,1174
3524,2205,1175
3524,2209,1175
3524,2209,1175
3524,2209,1175
3524,2209,1175
3524,2209,1175
3524,2209,1175
3524,2209,1175
3525,2209,1176
3525,2212,1176
3525,2212,1176
3525,2212,1176
3525,2212,1176
3525,2212,1176
3525,2212,1176
3525,2212,1176
3526,2212,1177
3526,2215,1177
3526,2215,1177
3526,2215,1177
3526,2215,1177
3526,2215,1177
3526,2215,1177
3526,2215,1177
3527,2215,1178
3527,2219,1178
3527,2219,1178
3527,2219,1178
3527,2219,1178
3527,2219,1178
3527,2219,1178
3527,2219,1178
3528,2219,1179
3528,2222,1179
3528,2222,1179
3528,2222,1179
3528,2222,1179
3528,2222,1179
3528,2222,1179
3528,2222,1179
3529,2222,1180
3529,2225,1180
3529,2225,1180
3529,2225,1180
3529,2225,1180
3529,2225,1180
3529,2225,1180
3529,2225,1180
3530,2225,1181
3530,2228,1181
3530,2228,1181
3530,2228,1181
3530,2228,1181
3530,2228,1181
3530,2228,1181
3530,2228,1181
3531,2228,1182
3531,2232,1182
3531,2232,1182
3531,2232,1182
3531,2232,1182
3531,2232,1182
3531,2232,1182
3531,2232,1182
3531,2232,1182
3532,2232,1183
3532,2235,1183
3532,2235,1183
3532,2235,1183
3532,2235,1183
3532,2235,1183
3532,2235,1183
3532,2235,1183
3533,2235,1184
3533,2238,1184
3533,2238,1184
3533,2238,1184
3533,2238,1184
3533,2238,1184
3533,2238,1184
3533,2238,1184
3533,2238,1184
3534,2238,1185
3534,2241,1185
3534,2241,1185
3534,2241,1185
3534,2241,1185
3534,2241,1185
3534,2241,1185
3534,2241,1185
3535,2241,1186
3535,2245,1186
3535,2245,1186
3535,2245,1186
3535,2245,1186
3535,2245,1186
3535,2245,1186
3535,2245,1186
3536,2245,1187
3536,2248,1187
3536,2248,1187
3536,2248,1187
3536,2248,1187
3536,2248,1187
3536,2248,1187
3536,2248,1187
3536,2248,1187
3537,2248,1188
3537,2251,1188
3537,2251,1188
3537,2251,1188
3537,2251,1188
3537,2251,1188
3537,2251,1188
3537,2251,1188
3538,2251,1189
3538,2255,1189
3538,2255,1189
3538,2255,1189
3538,2255,1189
3538,2255,1189
3538,2255,1189
3538,2255,1189
3539,2258,1190
3539,2258,1190
3539,2258,1190
3539,2258,1190
3539,2258,1190
3539,2258,1190
3539,2258,1190
3539,2258,1190
3540,2258,1191
3540,2261,1191
3540,2261,1191
3540,2261,1191
3540,2261,1191
3540,2261,1191
3540,2261,1191
3540,2261,1191
3541,2261,1192
3541,2264,1192
3541,2264,1192
3541,2264,1192
3541,2264,1192
3541,2264,1192
3541,2264,1192
3541,2264,1192
3542,2264,1193
3542,2268,1193
3542,2268,1193
3542,2268,1193
3542,2268,1193
3542,2268,1193
3542,2268,1193
3542,2268,1193
3543,2268,1194
3543,2271,1194
3543,2271,1194
3543,2271,1194
3543,2271,1194
3543,2271,1194
3543,2271,1194
3544,2271,1195
3544,2274,1195
3544,2274,1195
3544,2274,1195
3544,2274,1195
3544,2274,1195
3544,2274,1195
3544,2274,1195
3545,2274,1196
3545,2278,1196
3545,2278,1196
3545,2278,1196
3545,2278,1196
3545,2278,1196
3545,2278,1196
3545,2278,1196
3546,2278,1197
3546,2281,1197
3546,2281,1197
3546,2281,1197
3546,2281,1197
3546,2281,1197
3546,2281,1197
3546,2281,1197
3547,2281,1198
3547,2284,1198
3547,2284,1198
3547,2284,1198
3547,2284,1198
3547,2284,1198
3547,2284,1198
3548,2284,1199
3548,2287,1199
3548,2287,1199
3548,2287,1199
3548,2287,1199
3548,2287,1199
3548,2287,1199
3548,2287,1199
3549,2287,1200
3549,2291,1200
3549,2291,1200
3549,2291,1200
3549,2291,1200
3549,2291,1200
3549,2291,1200
3549,2291,1200
3550,2291,1201
3550,2294,1201
3550,2294,1201
3550,2294,1201
3550,2294,1201
3550,2294,1201
3550,2294,1201
3550,2294,1201
3550,2294,1201
3551,2294,1202
3551,2297,1202
3551,2297,1202
3551,2297,1202
3551,2297,1202
3551,2297,1202
3551,2297,1202
3551,2297,1202
3552,2297,1203
3552,2300,1203
3552,2300,1203
3552,2300,1203
3552,2300,1203
3552,2300,1203
3552,2300,1203
3552,2300,1203
3553,2300,1204
3553,2304,1204
3553,2304,1204
3553,2304,1204
3553,2304,1204
3553,2304,1204
3553,2304,1204
3553,2304,1204
3554,2304,1205
3554,2307,1205
3554,2307,1205
3554,2307,1205
3554,2307,1205
3554,2307,1205
3554,2307,1205
3554,2307,1205
3555,2307,1206
3555,2310,1206
3555,2310,1206
3555,2310,1206
3555,2310,1206
3555,2310,1206
3555,2310,1206
3555,2310,1206
3556,2310,1207
3556,2314,1207
3556,2314,1207
3556,2314,1207
3556,2314,1207
3556,2314,1207
3556,2314,1207
3556,2314,1207
3556,2314,1207
3557,2314,1208
3557,2317,1208
3557,2317,1208
3557,2317,1208
3557,2317,1208
3557,2317,1208
3557,2317,1208
3557,2317,1208
3558,2317,1209
3558,2320,1209
3558,2320,1209
3558,2320,1209
3558,2320,1209
3558,2320,1209
3558,2320,1209
3558,2320,1209
3559,2320,1210
3559,2323,1210
3559,2323,1210
3559,2323,1210
3559,2323,1210
3559,2323,1210
3559,2323,1210
3559,2323,1210
3559,2323,1210
3560,2323,1211
3560,2327,1211
3560,2327,1211
3560,2327,1211
3560,2327,1211
3560,2327,1211
3560,2327,1211
3560,2327,1211
3561,2327,1212
3561,2330,1212
3561,2330,1212
3561,2330,1212
3561,2330,1212
3561,2330,1212
3561,2330,1212
3561,2330,1212
3562,2330,1213
3562,2333,1213
3562,2333,1213
3562,2333,1213
3562,2333,1213
3562,2333,1213
3562,2333,1213
3562,2333,1213
3563,2333,1214
3563,2337,1214
3563,2337,1214
3563,2337,1214
3563,2337,1214
3563,2337,1214
3563,2337,1214
3563,2337,1214
3563,2337,1214
3564,2337,1215
3564,2340,1215
3564,2340,1215
3564,2340,1215
3564,2340,1215
3564,2340,1215
3564,2340,1215
3564,2340,1215
3565,2340,1216
3565,2343,1216
3565,2343,1216
3565,2343,1216
3565,2343,1216
3565,2343,1216
3565,2343,1216
3565,2343,1216
3566,2343,1217
3566,2346,1217
3566,2346,1217
3566,2346,1217
3566,2346,1217
3566,2346,1217
3566,2346,1217
3566,2346,1217
3566,2346,1217
3567,2346,1218
3567,2350,1218
3567,2350,1218
3567,2350,1218
3567,2350,1218
3567,2350,1218
3567,2350,1218
3567,2350,1218
3568,2350,1219
3568,2353,1219
3568,2353,1219
3568,2353,1219
3568,2353,1219
3568,2353,1219
3568,2353,1219
3568,2353,1219
3569,2353,1220
3569,2356,1220
3569,2356,1220
3569,2356,1220
3569,2356,1220
3569,2356,1220
3569,2356,1220
3569,2356,1220
3570,2356,1221
3570,2359,1221
3570,2359,1221
3570,2359,1221
3570,2359,1221
3570,2359,1221
3570,2359,1221
3570,2359,1221
3570,2359,1221
3571,2359,1222
3571,2363,1222
3571,2363,1222
3571,2363,1222
3571,2363,1222
3571,2363,1222
3571,2363,1222
3571,2363,1222
3572,2363,1223
3572,2366,1223
3572,2366,1223
3572,2366,1223
3572,2366,1223
3572,2366,1223
3572,2366,1223
3572,2366,1223
3572,2366,1223
3573,2366,1224
3573,2369,1224
3573,2369,1224
3573,2369,1224
3573,2369,1224
3573,2369,1224
3573,2369,1224
3573,2369,1224
3574,2369,1225
3574,2373,1225
3574,2373,1225
3574,2373,1225
3574,2373,1225
3574,2373,1225
3574,2373,1225
3575,2373,1226
3575,2376,1226
3575,2376,1226
3575,2376,1226
3575,2376,1226
3575,2376,1226
3575,2376,1226
3575,2376,1226
3575,2376,1226
3576,2376,1227
3576,2379,1227
3576,2379,1227
3576,2379,1227
3576,2379,1227
3576,2379,1227
3576,2379,1227
3576,2379,1227
3577,2379,1228
3577,2382,1228
3577,2382,1228
3577,2382,1228
3577,2382,1228
3577,2382,1228
3577,2382,1228
3577,2382,1228
3578,2382,1229
3578,2386,1229
3578,2386,1229
3578,2386,1229
3578,2386,1229
3578,2386,1229
3578,2386,1229
3578,2386,1229
3579,2386,1230
3579,2389,1230
3579,2389,1230
3579,2389,1230
3579,2389,1230
3579,2389,1230
3579,2389,1230
3579,2389,1230
3580,2389,1231
3580,2392,1231
3580,2392,1231
3580,2392,1231
3580,2392,1231
3580,2392,1231
3580,2392,1231
3580,2392,1231
3581,2392,1232
3581,2395,1232
3581,2395,1232
3581,2395,1232
3581,2395,1232
3581,2395,1232
3581,2395,1232
3581,2395,1232
3582,2395,1233
3582,2399,1233
3582,2399,1233
3582,2399,1233
3582,2399,1233
3582,2399,1233
3582,2399,1233
3582,2399,1233
3582,2399,1233
3583,2402,1234
3583,2402,1234
3583,2402,1234
3583,2402,1234
3583,2402,1234
3583,2402,1234
3583,2402,1234
3583,2402,1234
3584,2402,1235
3584,2405,1235
3584,2405,1235
3584,2405,1235
3584,2405,1235
3584,2405,1235
3584,2405,1235
3584,2405,1235
3585,2405,1236
3585,2409,1236
3585,2409,1236
3585,2409,1236
3585,2409,1236
3585,2409,1236
3585,2409,1236
3585,2409,1236
3586,2409,1237
3586,2412,1237
3586,2412,1237
3586,2412,1237
3586,2412,1237
3586,2412,1237
3586,2412,1237
3586,2412,1237
3587,2412,1238
3587,2415,1238
3587,2415,1238
3587,2415,1238
3587,2415,1238
3587,2415,1238
3587,2415,1238
3587,2415,1238
3587,2415,1238
3588,2415,1239
3588,2418,1239
3588,2418,1239
3588,2418,1239
3588,2418,1239
3588,2418,1239
3588,2418,1239
3588,2418,1239
3589,2418,1240
3589,2422,1240
3589,2422,1240
3589,2422,1240
3589,2422,1240
3589,2422,1240
3589,2422,1240
3589,2422,1240
3590,2422,1241
3590,2425,1241
3590,2425,1241
3590,2425,1241
3590,2425,1241
3590,2425,1241
3590,2425,1241
3590,2425,1241
3591,2425,1242
3591,2428,1242
3591,2428,1242
3591,2428,1242
3591,2428,1242
3591,2428,1242
3591,2428,1242
3591,2428,1242
3592,2428,1243
3592,2432,1243
3592,2432,1243
3592,2432,1243
3592,2432,1243
3592,2432,1243
3592,2432,1243
3592,2432,1243
3592,2432,1243
3593,2432,1244
3593,2435,1244
3593,2435,1244
3593,2435,1244
3593,2435,1244
3593,2435,1244
3593,2435,1244
3593,2435,1244
3594,2435,1245
3594,2438,1245
3594,2438,1245
3594,2438,1245
3594,2438,1245
3594,2438,1245
3594,2438,1245
3594,2438,1245
3594,2438,1246
3595,2441,1246
3595,2441,1246
3595,2441,1246
3595,2441,1246
3595,2441,1246
3595,2441,1246
3595,2441,1246
3595,2441,1246
3596,2441,1247
3596,2445,1247
3596,2445,1247
3596,2445,1247
3596,2445,1247
3596,2445,1247
3596,2445,1247
3596,2445,1248
3597,2448,1248
3597,2448,1248
3597,2448,1248
3597,2448,1248
3597,2448,1248
3597,2448,1248
3597,2448,1248
3598,2448,1249
3598,2451,1249
3598,2451,1249
3598,2451,1249
3598,2451,1249
3598,2451,1249
3598,2451,1249
3598,2451,1249
3598,2451,1249
3599,2451,1250
3599,2454,1250
3599,2454,1250
3599,2454,1250
3599,2454,1250
3599,2454,1250
3599,2454,1250
3599,2454,1250
3600,2454,1251
3600,2458,1251
3600,2458,1251
3600,2458,1251
3600,2458,1251
3600,2458,1251
3600,2458,1251
3600,2458,1251
3601,2458,1252
3601,2461,1252
3601,2461,1252
3601,2461,1252
3601,2461,1252
3601,2461,1252
3601,2461,1252
3601,2461,1252
3601,2461,1252
3602,2464,1253
3602,2464,1253
3602,2464,1253
3602,2464,1253
3602,2464,1253
3602,2464,1253
3602,2464,1253
3602,2464,1253
3603,2464,1254
3603,2468,1254
3603,2468,1254
3603,2468,1254
3603,2468,1254
3603,2468,1254
3603,2468,1254
3603,2468,1254
3604,2468,1255
3604,2471,1255
3604,2471,1255
3604,2471,1255
3604,2471,1255
3604,2471,1255
3604,2471,1255
3604,2471,1255
3605,2471,1256
3605,2474,1256
3605,2474,1256
3605,2474,1256
3605,2474,1256
3605,2474,1256
3605,2474,1256
3605,2474,1256
3606,2474,1257
3606,2477,1257
3606,2477,1257
3606,2477,1257
3606,2477,1257
3606,2477,1257
3606,2477,1257
3606,2477,1257
3606,2477,1257
3607,2481,1258
3607,2481,1258
3607,2481,1258
3607,2481,1258
3607,2481,1258
3607,2481,1258
3607,2481,1258
3607,2481,1258
3608,2481,1259
3608,2484,1259
3608,2484,1259
3608,2484,1259
3608,2484,1259
3608,2484,1259
3608,2484,1259
3608,2484,1259
3609,2484,1260
3609,2487,1260
3609,2487,1260
3609,2487,1260
3609,2487,1260
3609,2487,1260
3609,2487,1260
3609,2487,1260
3610,2487,1261
3610,2490,1261
3610,2490,1261
3610,2490,1261
3610,2490,1261
3610,2490,1261
3610,2490,1261
3610,2490,1261
3610,2490,1261
3611,2490,1262
3611,2494,1262
3611,2494,1262
3611,2494,1262
3611,2494,1262
3611,2494,1262
3611,2494,1262
3611,2494,1262
3612,2494,1263
3612,2497,1263
3612,2497,1263
3612,2497,1263
3612,2497,1263
3612,2497,1263
3612,2497,1263
3612,2497,1263
3613,2497,1264
3613,2500,1264
3613,2500,1264
3613,2500,1264
3613,2500,1264
3613,2500,1264
3613,2500,1264
3613,2500,1264
3614,2500,1265
3614,2503,1265
3614,2503,1265
3614,2503,1265
3614,2503,1265
3614,2503,1265
3614,2503,1265
3614,2503,1265
3615,2503,1266
3615,2507,1266
3615,2507,1266
3615,2507,1266
3615,2507,1266
3615,2507,1266
3615,2507,1266
3615,2507,1266
3616,2507,1267
3616,2510,1267
3616,2510,1267
3616,2510,1267
3616,2510,1267
3616,2510,1267
3616,2510,1267
3616,2510,1267
3617,2510,1268
3617,2513,1268
3617,2513,1268
3617,2513,1268
3617,2513,1268
3617,2513,1268
3617,2513,1268
3617,2513,1268
3618,2513,1269
3618,2516,1269
3618,2516,1269
3618,2516,1269
3618,2516,1269
3618,2516,1269
3618,2516,1269
3618,2516,1269
3619,2516,1270
3619,2519,1270
3619,2519,1270
3619,2519,1270
3619,2519,1270
3619,2519,1270
3619,2519,1270
3619,2519,1270
3620,2519,1271
3620,2523,1271
3620,2523,1271
3620,2523,1271
3620,2523,1271
3620,2523,1271
3620,2523,1271
3620,2523,1271
3620,2523,1271
3621,2526,1272
3621,2526,1272
3621,2526,1272
3621,2526,1272
3621,2526,1272
3621,2526,1272
3621,2526,1272
3622,2526,1273
3622,2529,1273
3622,2529,1273
3622,2529,1273
3622,2529,1273
3622,2529,1273
3622,2529,1273
3622,2529,1273
3623,2529,1274
3623,2532,1274
3623,2532,1274
3623,2532,1274
3623,2532,1274
3623,2532,1274
3623,2532,1274
3623,2532,1274
3623,2532,1274
3624,2532,1275
3624,2535,1275
3624,2535,1275
3624,2535,1275
3624,2535,1275
3624,2535,1275
3624,2535,1275
3624,2535,1275
3625,2535,1276
3625,2539,1276
3625,2539,1276
3625,2539,1276
3625,2539,1276
3625,2539,1276
3625,2539,1276
3625,2539,1276
3626,2539,1277
3626,2542,1277
3626,2542,1277
3626,2542,1277
3626,2542,1277
3626,2542,1277
3626,2542,1277
3626,2542,1277
3627,2542,1278
3627,2545,1278
3627,2545,1278
3627,2545,1278
3627,2545,1278
3627,2545,1278
3627,2545,1278
3627,2545,1278
3627,2545,1278
3628,2545,1279
3628,2548,1279
3628,2548,1279
3628,2548,1279
3628,2548,1279
3628,2548,1279
3628,2548,1279
3628,2548,1279
3629,2548,1280
3629,2551,1280
3629,2551,1280
3629,2551,1280
3629,2551,1280
3629,2551,1280
3629,2551,1280
3629,2551,1280
3630,2551,1281
3630,2555,1281
3630,2555,1281
3630,2555,1281
3630,2555,1281
3630,2555,1281
3630,2555,1281
3630,2555,1281
3631,2555,1282
3631,2558,1282
3631,2558,1282
3631,2558,1282
3631,2558,1282
3631,2558,1282
3631,2558,1282
3631,2558,1282
3631,2558,1282
3632,2561,1283
3632,2561,1283
3632,2561,1283
3632,2561,1283
3632,2561,1283
3632,2561,1283
3632,2561,1283
3632,2561,1283
3633,2561,1284
3633,2564,1284
3633,2564,1284
3633,2564,1284
3633,2564,1284
3633,2564,1284
3633,2564,1284
3634,2564,1285
3634,2567,1285
3634,2567,1285
3634,2567,1285
3634,2567,1285
3634,2567,1285
3634,2567,1285
3634,2567,1285
3635,2567,1286
3635,2570,1286
3635,2570,1286
3635,2570,1286
3635,2570,1286
3635,2570,1286
3635,2570,1286
3636,2570,1287
3636,2574,1287
3636,2574,1287
3636,2574,1287
3636,2574,1287
3636,2574,1287
3636,2574,1287
3636,2574,1287
3637,2574,1288
3637,2577,1288
3637,2577,1288
3637,2577,1288
3637,2577,1288
3637,2577,1288
3637,2577,1288
3637,2577,1288
3638,2577,1289
3638,2580,1289
3638,2580,1289
3638,2580,1289
3638,2580,1289
3638,2580,1289
3638,2580,1289
3638,2580,1289
3639,2580,1290
3639,2583,1290
3639,2583,1290
3639,2583,1290
3639,2583,1290
3639,2583,1290
3639,2583,1290
3639,2583,1290
3640,2583,1291
3640,2586,1291
3640,2586,1291
3640,2586,1291
3640,2586,1291
3640,2586,1291
3640,2586,1291
3640,2586,1291
3640,2586,1292
3641,2589,1292
3641,2589,1292
3641,2589,1292
3641,2589,1292
3641,2589,1292
3641,2589,1292
3641,2589,1292
3641,2589,1292
3642,2589,1293
3642,2592,1293
3642,2592,1293
3642,2592,1293
3642,2592,1293
3642,2592,1293
3642,2592,1293
3642,2592,1293
3643,2592,1294
3643,2596,1294
3643,2596,1294
3643,2596,1294
3643,2596,1294
3643,2596,1294
3643,2596,1294
3643,2596,1294
3644,2596,1295
3644,2599,1295
3644,2599,1295
3644,2599,1295
3644,2599,1295
3644,2599,1295
3644,2599,1295
3644,2599,1295
3645,2599,1296
3645,2602,1296
3645,2602,1296
3645,2602,1296
3645,2602,1296
3645,2602,1296
3645,2602,1296
3645,2602,1296
3646,2602,1297
3646,2605,1297
3646,2605,1297
3646,2605,1297
3646,2605,1297
3646,2605,1297
3646,2605,1297
3646,2605,1297
3646,2605,1297
3647,2605,1298
3647,2608,1298
3647,2608,1298
3647,2608,1298
3647,2608,1298
3647,2608,1298
3647,2608,1298
3647,2608,1298
3648,2608,1299
3648,2611,1299
3648,2611,1299
3648,2611,1299
3648,2611,1299
3648,2611,1299
3648,2611,1299
3648,2611,1299
3649,2611,1300
3649,2614,1300
3649,2614,1300
3649,2614,1300
3649,2614,1300
3649,2614,1300
3649,2614,1300
3649,2614,1300
3649,2614,1300
3650,2614,1301
3650,2617,1301
3650,2617,1301
3650,2617,1301
3650,2617,1301
3650,2617,1301
3650,2617,1301
3650,2617,1301
3651,2617,1302
3651,2621,1302
3651,2621,1302
3651,2621,1302
3651,2621,1302
3651,2621,1302
3651,2621,1302
3651,2621,1302
3651,2621,1302
3652,2621,1303
3652,2624,1303
3652,2624,1303
3652,2624,1303
3652,2624,1303
3652,2624,1303
3652,2624,1303
3652,2624,1303
3653,2624,1304
3653,2627,1304
3653,2627,1304
3653,2627,1304
3653,2627,1304
3653,2627,1304
3653,2627,1304
3653,2627,1304
3653,2627,1304
3654,2627,1305
3654,2630,1305
3654,2630,1305
3654,2630,1305
3654,2630,1305
3654,2630,1305
3654,2630,1305
3654,2630,1305
3655,2630,1306
3655,2633,1306
3655,2633,1306
3655,2633,1306
3655,2633,1306
3655,2633,1306
3655,2633,1306
3655,2633,1306
3656,2633,1307
3656,2636,1307
3656,2636,1307
3656,2636,1307
3656,2636,1307
3656,2636,1307
3656,2636,1307
3656,2636,1307
3657,2636,1308
3657,2639,1308
3657,2639,1308
3657,2639,1308
3657,2639,1308
3657,2639,1308
3657,2639,1308
3657,2639,1308
3657,2639,1309
3658,2642,1309
3658,2642,1309
3658,2642,1309
3658,2642,1309
3658,2642,1309
3658,2642,1309
3658,2642,1309
3658,2642,1309
3659,2642,1310
3659,2645,1310
3659,2645,1310
3659,2645,1310
3659,2645,1310
3659,2645,1310
3659,2645,1310
3659,2645,1310
3660,2645,1311
3660,2648,1311
3660,2648,1311
3660,2648,1311
3660,2648,1311
3660,2648,1311
3660,2648,1311
3660,2648,1311
3661,2648,1312
3661,2652,1312
3661,2652,1312
3661,2652,1312
3661,2652,1312
3661,2652,1312
3661,2652,1312
3661,2652,1312
3662,2652,1313
3662,2655,1313
3662,2655,1313
3662,2655,1313
3662,2655,1313
3662,2655,1313
3662,2655,1313
3662,2655,1313
3663,2655,1314
3663,2658,1314
3663,2658,1314
3663,2658,1314
3663,2658,1314
3663,2658,1314
3663,2658,1314
3663,2658,1314
3664,2658,1315
3664,2661,1315
3664,2661,1315
3664,2661,1315
3664,2661,1315
3664,2661,1315
3664,2661,1315
3664,2661,1315
3665,2661,1316
3665,2664,1316
3665,2664,1316
3665,2664,1316
3665,2664,1316
3665,2664,1316
3665,2664,1316
3665,2664,1316
3666,2664,1317
3666,2667,1317
3666,2667,1317
3666,2667,1317
3666,2667,1317
3666,2667,1317
3666,2667,1317
3666,2667,1317
3667,2667,1318
3667,2670,1318
3667,2670,1318
3667,2670,1318
3667,2670,1318
3667,2670,1318
3667,2670,1318
3668,2670,1319
3668,2673,1319
3668,2673,1319
3668,2673,1319
3668,2673,1319
3668,2673,1319
3668,2673,1319
3668,2673,1319
3668,2673,1319
3669,2673,1320
3669,2676,1320
3669,2676,1320
3669,2676,1320
3669,2676,1320
3669,2676,1320
3669,2676,1320
3669,2676,1320
3670,2676,1321
3670,2679,1321
3670,2679,1321
3670,2679,1321
3670,2679,1321
3670,2679,1321
3670,2679,1321
3670,2679,1321
3671,2679,1322
3671,2682,1322
3671,2682,1322
3671,2682,1322
3671,2682,1322
3671,2682,1322
3671,2682,1322
3671,2682,1322
3671,2682,1322
3672,2682,1323
3672,2685,1323
3672,2685,1323
3672,2685,1323
3672,2685,1323
3672,2685,1323
3672,2685,1323
3672,2685,1323
3673,2685,1324
3673,2688,1324
3673,2688,1324
3673,2688,1324
3673,2688,1324
3673,2688,1324
3673,2688,1324
3673,2688,1324
3674,2688,1325
3674,2691,1325
3674,2691,1325
3674,2691,1325
3674,2691,1325
3674,2691,1325
3674,2691,1325
3674,2691,1325
3674,2691,1325
3675,2691,1326
3675,2694,1326
3675,2694,1326
3675,2694,1326
3675,2694,1326
3675,2694,1326
3675,2694,1326
3675,2694,1326
3676,2694,1327
3676,2697,1327
3676,2697,1327
3676,2697,1327
3676,2697,1327
3676,2697,1327
3676,2697,1327
3676,2697,1327
3677,2697,1328
3677,2700,1328
3677,2700,1328
3677,2700,1328
3677,2700,1328
3677,2700,1328
3677,2700,1328
3677,2700,1328
3677,2700,1328
3678,2700,1329
3678,2703,1329
3678,2703,1329
3678,2703,1329
3678,2703,1329
3678,2703,1329
3678,2703,1329
3678,2703,1329
3679,2706,1330
3679,2706,1330
3679,2706,1330
3679,2706,1330
3679,2706,1330
3679,2706,1330
3679,2706,1330
3680,2706,1331
3680,2709,1331
3680,2709,1331
3680,2709,1331
3680,2709,1331
3680,2709,1331
3680,2709,1331
3680,2709,1331
3681,2709,1332
3681,2712,1332
3681,2712,1332
3681,2712,1332
3681,2712,1332
3681,2712,1332
3681,2712,1332
3682,2712,1333
3682,2715,1333
3682,2715,1333
3682,2715,1333
3682,2715,1333
3682,2715,1333
3682,2715,1333
3682,2715,1333
3683,2715,1334
3683,2718,1334
3683,2718,1334
3683,2718,1334
3683,2718,1334
3683,2718,1334
3683,2718,1334
3683,2718,1334
3683,2718,1334
3684,2718,1335
3684,2721,1335
3684,2721,1335
3684,2721,1335
3684,2721,1335
3684,2721,1335
3684,2721,1335
3684,2721,1335
3685,2721,1336
3685,2724,1336
3685,2724,1336
3685,2724,1336
3685,2724,1336
3685,2724,1336
3685,2724,1336
3685,2724,1336
3685,2724,1337
3686,2727,1337
3686,2727,1337
3686,2727,1337
3686,2727,1337
3686,2727,1337
3686,2727,1337
3686,2727,1337
3686,2727,1337
3687,2727,1338
3687,2730,1338
3687,2730,1338
3687,2730,1338
3687,2730,1338
3687,2730,1338
3687,2730,1338
3687,2730,1338
3688,2730,1339
3688,2733,1339
3688,2733,1339
3688,2733,1339
3688,2733,1339
3688,2733,1339
3688,2733,1339
3688,2733,1339
3689,2733,1340
3689,2736,1340
3689,2736,1340
3689,2736,1340
3689,2736,1340
3689,2736,1340
3689,2736,1340
3689,2736,1340
3689,2736,1340
3690,2739,1341
3690,2739,1341
3690,2739,1341
3690,2739,1341
3690,2739,1341
3690,2739,1341
3690,2739,1341
3690,2739,1341
3691,2739,1342
3691,2742,1342
3691,2742,1342
3691,2742,1342
3691,2742,1342
3691,2742,1342
3691,2742,1342
3691,2742,1342
3692,2742,1343
3692,2745,1343
3692,2745,1343
3692,2745,1343
3692,2745,1343
3692,2745,1343
3692,2745,1343
3692,2745,1343
3693,2745,1344
3693,2748,1344
3693,2748,1344
3693,2748,1344
3693,2748,1344
3693,2748,1344
3693,2748,1344
3693,2748,1344
3693,2748,1344
3694,2748,1345
3694,2751,1345
3694,2751,1345
3694,2751,1345
3694,2751,1345
3694,2751,1345
3694,2751,1345
3694,2751,1345
3695,2751,1346
3695,2754,1346
3695,2754,1346
3695,2754,1346
3695,2754,1346
3695,2754,1346
3695,2754,1346
3695,2754,1346
3695,2754,1346
3696,2754,1347
3696,2757,1347
3696,2757,1347
3696,2757,1347
3696,2757,1347
3696,2757,1347
3696,2757,1347
3696,2757,1347
3697,2757,1348
3697,2760,1348
3697,2760,1348
3697,2760,1348
3697,2760,1348
3697,2760,1348
3697,2760,1348
3697,2760,1348
3698,2760,1349
3698,2763,1349
3698,2763,1349
3698,2763,1349
3698,2763,1349
3698,2763,1349
3698,2763,1349
3698,2763,1349
3699,2763,1350
3699,2766,1350
3699,2766,1350
3699,2766,1350
3699,2766,1350
3699,2766,1350
3699,2766,1350
3699,2766,1350
3700,2766,1351
3700,2769,1351
3700,2769,1351
3700,2769,1351
3700,2769,1351
3700,2769,1351
3700,2769,1351
3700,2769,1351
3701,2769,1352
3701,2772,1352
3701,2772,1352
3701,2772,1352
3701,2772,1352
3701,2772,1352
3701,2772,1352
3701,2772,1352
3702,2772,1353
3702,2775,1353
3702,2775,1353
3702,2775,1353
3702,2775,1353
3702,2775,1353
3702,2775,1353
3702,2775,1353
3702,2775,1353
3703,2775,1354
3703,2778,1354
3703,2778,1354
3703,2778,1354
3703,2778,1354
3703,2778,1354
3703,2778,1354
3703,2778,1354
3704,2778,1355
3704,2781,1355
3704,2781,1355
3704,2781,1355
3704,2781,1355
3704,2781,1355
3704,2781,1355
3704,2781,1355
3705,2781,1356
3705,2784,1356
3705,2784,1356
3705,2784,1356
3705,2784,1356
3705,2784,1356
3705,2784,1356
3705,2784,1356
3706,2784,1357
3706,2787,1357
3706,2787,1357
3706,2787,1357
3706,2787,1357
3706,2787,1357
3706,2787,1357
3706,2787,1357
3707,2787,1358
3707,2790,1358
3707,2790,1358
3707,2790,1358
3707,2790,1358
3707,2790,1358
3707,2790,1358
3707,2790,1358
3708,2790,1359
3708,2793,1359
3708,2793,1359
3708,2793,1359
3708,2793,1359
3708,2793,1359
3708,2793,1359
3708,2793,1359
3709,2793,1360
3709,2795,1360
3709,2795,1360
3709,2795,1360
3709,2795,1360
3709,2795,1360
3709,2795,1360
3709,2795,1360
3709,2795,1360
3710,2798,1361
3710,2798,1361
3710,2798,1361
3710,2798,1361
3710,2798,1361
3710,2798,1361
3710,2798,1361
3710,2798,1361
3711,2798,1362
3711,2801,1362
3711,2801,1362
3711,2801,1362
3711,2801,1362
3711,2801,1362
3711,2801,1362
3711,2801,1362
3712,2801,1363
3712,2804,1363
3712,2804,1363
3712,2804,1363
3712,2804,1363
3712,2804,1363
3712,2804,1363
3712,2804,1363
3713,2807,1364
3713,2807,1364
3713,2807,1364
3713,2807,1364
3713,2807,1364
3713,2807,1364
3713,2807,1364
3713,2807,1364
3714,2807,1365
3714,2810,1365
3714,2810,1365
3714,2810,1365
3714,2810,1365
3714,2810,1365
3714,2810,1365
3714,2810,1365
3715,2810,1366
3715,2813,1366
3715,2813,1366
3715,2813,1366
3715,2813,1366
3715,2813,1366
3715,2813,1366
3715,2813,1366
3716,2813,1367
3716,2816,1367
3716,2816,1367
3716,2816,1367
3716,2816,1367
3716,2816,1367
3716,2816,1367
3716,2816,1367
3717,2816,1368
3717,2819,1368
3717,2819,1368
3717,2819,1368
3717,2819,1368
3717,2819,1368
3717,2819,1368
3717,2819,1368
3717,2819,1368
3718,2819,1369
3718,2822,1369
3718,2822,1369
3718,2822,1369
3718,2822,1369
3718,2822,1369
3718,2822,1369
3718,2822,1369
3719,2822,1370
3719,2824,1370
3719,2824,1370
3719,2824,1370
3719,2824,1370
3719,2824,1370
3719,2824,1370
3719,2824,1370
3719,2824,1371
3720,2827,1371
3720,2827,1371
3720,2827,1371
3720,2827,1371
3720,2827,1371
3720,2827,1371
3720,2827,1371
3720,2827,1371
3721,2827,1372
3721,2830,1372
3721,2830,1372
3721,2830,1372
3721,2830,1372
3721,2830,1372
3721,2830,1372
3721,2830,1372
3722,2830,1373
3722,2833,1373
3722,2833,1373
3722,2833,1373
3722,2833,1373
3722,2833,1373
3722,2833,1373
3722,2833,1373
3722,2833,1373
3723,2833,1374
3723,2836,1374
3723,2836,1374
3723,2836,1374
3723,2836,1374
3723,2836,1374
3723,2836,1374
3723,2836,1374
3724,2836,1375
3724,2839,1375
3724,2839,1375
3724,2839,1375
3724,2839,1375
3724,2839,1375
3724,2839,1375
3724,2839,1375
3725,2839,1376
3725,2842,1376
3725,2842,1376
3725,2842,1376
3725,2842,1376
3725,2842,1376
3725,2842,1376
3725,2842,1376
3726,2842,1377
3726,2845,1377
3726,2845,1377
3726,2845,1377
3726,2845,1377
3726,2845,1377
3726,2845,1377
3726,2845,1377
3727,2845,1378
3727,2847,1378
3727,2847,1378
3727,2847,1378
3727,2847,1378
3727,2847,1378
3727,2847,1378
3727,2847,1378
3728,2847,1379
3728,2850,1379
3728,2850,1379
3728,2850,1379
3728,2850,1379
3728,2850,1379
3728,2850,1379
3728,2850,1379
3728,2850,1379
3729,2850,1380
3729,2853,1380
3729,2853,1380
3729,2853,1380
3729,2853,1380
3729,2853,1380
3729,2853,1380
3729,2853,1380
3730,2853,1381
3730,2856,1381
3730,2856,1381
3730,2856,1381
3730,2856,1381
3730,2856,1381
3730,2856,1381
3730,2856,1381
3730,2856,1381
3731,2856,1382
3731,2859,1382
3731,2859,1382
3731,2859,1382
3731,2859,1382
3731,2859,1382
3731,2859,1382
3731,2859,1382
3732,2859,1383
3732,2862,1383
3732,2862,1383
3732,2862,1383
3732,2862,1383
3732,2862,1383
3732,2862,1383
3733,2862,1384
3733,2865,1384
3733,2865,1384
3733,2865,1384
3733,2865,1384
3733,2865,1384
3733,2865,1384
3733,2865,1384
3734,2865,1385
3734,2867,1385
3734,2867,1385
3734,2867,1385
3734,2867,1385
3734,2867,1385
3734,2867,1385
3734,2867,1385
3735,2867,1386
3735,2870,1386
3735,2870,1386
3735,2870,1386
3735,2870,1386
3735,2870,1386
3735,2870,1386
3736,2870,1387
3736,2873,1387
3736,2873,1387
3736,2873,1387
3736,2873,1387
3736,2873,1387
3736,2873,1387
3736,2873,1387
3737,2873,1388
3737,2876,1388
3737,2876,1388
3737,2876,1388
3737,2876,1388
3737,2876,1388
3737,2876,1388
3737,2876,1388
3737,2876,1388
3738,2879,1389
3738,2879,1389
3738,2879,1389
3738,2879,1389
3738,2879,1389
3738,2879,1389
3738,2879,1389
3738,2879,1389
3739,2879,1390
3739,2882,1390
3739,2882,1390
3739,2882,1390
3739,2882,1390
3739,2882,1390
3739,2882,1390
3739,2882,1390
3740,2882,1391
3740,2884,1391
3740,2884,1391
3740,2884,1391
3740,2884,1391
3740,2884,1391
3740,2884,1391
3740,2884,1391
3741,2884,1392
3741,2887,1392
3741,2887,1392
3741,2887,1392
3741,2887,1392
3741,2887,1392
3741,2887,1392
3741,2887,1392
3741,2887,1392
3742,2887,1393
3742,2890,1393
3742,2890,1393
3742,2890,1393
3742,2890,1393
3742,2890,1393
3742,2890,1393
3742,2890,1393
3743,2890,1394
3743,2893,1394
3743,2893,1394
3743,2893,1394
3743,2893,1394
3743,2893,1394
3743,2893,1394
3743,2893,1394
3744,2893,1395
3744,2896,1395
3744,2896,1395
3744,2896,1395
3744,2896,1395
3744,2896,1395
3744,2896,1395
3744,2896,1395
3745,2896,1396
3745,2898,1396
3745,2898,1396
3745,2898,1396
3745,2898,1396
3745,2898,1396
3745,2898,1396
3745,2898,1396
3745,2898,1396
3746,2898,1397
3746,2901,1397
3746,2901,1397
3746,2901,1397
3746,2901,1397
3746,2901,1397
3746,2901,1397
3746,2901,1397
3747,2901,1398
3747,2904,1398
3747,2904,1398
3747,2904,1398
3747,2904,1398
3747,2904,1398
3747,2904,1398
3747,2904,1398
3748,2904,1399
3748,2907,1399
3748,2907,1399
3748,2907,1399
3748,2907,1399
3748,2907,1399
3748,2907,1399
3748,2907,1399
3749,2907,1400
3749,2910,1400
3749,2910,1400
3749,2910,1400
3749,2910,1400
3749,2910,1400
3749,2910,1400
3749,2910,1400
3750,2910,1401
3750,2912,1401
3750,2912,1401
3750,2912,1401
3750,2912,1401
3750,2912,1401
3750,2912,1401
3750,2912,1401
3751,2912,1402
3751,2915,1402
3751,2915,1402
3751,2915,1402
3751,2915,1402
3751,2915,1402
3751,2915,1402
3751,2915,1402
3751,2915,1402
3752,2918,1403
3752,2918,1403
3752,2918,1403
3752,2918,1403
3752,2918,1403
3752,2918,1403
3752,2918,1403
3752,2918,1403
3753,2918,1404
3753,2921,1404
3753,2921,1404
3753,2921,1404
3753,2921,1404
3753,2921,1404
3753,2921,1404
3753,2921,1404
3754,2921,1405
3754,2924,1405
3754,2924,1405
3754,2924,1405
3754,2924,1405
3754,2924,1405
3754,2924,1405
3754,2924,1405
3755,2924,1406
3755,2926,1406
3755,2926,1406
3755,2926,1406
3755,2926,1406
3755,2926,1406
3755,2926,1406
3755,2926,1406
3756,2926,1407
3756,2929,1407
3756,2929,1407
3756,2929,1407
3756,2929,1407
3756,2929,1407
3756,2929,1407
3756,2929,1407
3757,2929,1408
3757,2932,1408
3757,2932,1408
3757,2932,1408
3757,2932,1408
3757,2932,1408
3757,2932,1408
3757,2932,1408
3758,2932,1409
3758,2935,1409
3758,2935,1409
3758,2935,1409
3758,2935,1409
3758,2935,1409
3758,2935,1409
3759,2935,1410
3759,2937,1410
3759,2937,1410
3759,2937,1410
3759,2937,1410
3759,2937,1410
3759,2937,1410
3760,2940,1411
3760,2940,1411
3760,2940,1411
3760,2940,1411
3760,2940,1411
3760,2940,1411
3760,2940,1411
3761,2940,1412
3761,2943,1412
3761,2943,1412
3761,2943,1412
3761,2943,1412
3761,2943,1412
3761,2943,1412
3762,2943,1413
3762,2946,1413
3762,2946,1413
3762,2946,1413
3762,2946,1413
3762,2946,1413
3762,2946,1413
3762,2946,1413
3763,2946,1414
3763,2948,1414
3763,2948,1414
3763,2948,1414
3763,2948,1414
3763,2948,1414
3763,2948,1414
3763,2948,1414
3764,2948,1415
3764,2951,1415
3764,2951,1415
3764,2951,1415
3764,2951,1415
3764,2951,1415
3764,2951,1415
3764,2951,1415
3764,2951,1415
3765,2951,1416
3765,2954,1416
3765,2954,1416
3765,2954,1416
3765,2954,1416
3765,2954,1416
3765,2954,1416
3765,2954,1416
3766,2954,1417
3766,2957,1417
3766,2957,1417
3766,2957,1417
3766,2957,1417
3766,2957,1417
3766,2957,1417
3766,2957,1417
3767,2957,1418
3767,2959,1418
3767,2959,1418
3767,2959,1418
3767,2959,1418
3767,2959,1418
3767,2959,1418
3767,2959,1418
3767,2959,1418
3768,2959,1419
3768,2962,1419
3768,2962,1419
3768,2962,1419
3768,2962,1419
3768,2962,1419
3768,2962,1419
3768,2962,1419
3769,2962,1420
3769,2965,1420
3769,2965,1420
3769,2965,1420
3769,2965,1420
3769,2965,1420
3769,2965,1420
3769,2965,1420
3770,2965,1421
3770,2967,1421
3770,2967,1421
3770,2967,1421
3770,2967,1421
3770,2967,1421
3770,2967,1421
3770,2967,1421
3771,2967,1422
3771,2970,1422
3771,2970,1422
3771,2970,1422
3771,2970,1422
3771,2970,1422
3771,2970,1422
3772,2970,1423
3772,2973,1423
3772,2973,1423
3772,2973,1423
3772,2973,1423
3772,2973,1423
3772,2973,1423
3773,2973,1424
3773,2976,1424
3773,2976,1424
3773,2976,1424
3773,2976,1424
3773,2976,1424
3773,2976,1424
3774,2976,1425
3774,2978,1425
3774,2978,1425
3774,2978,1425
3774,2978,1425
3774,2978,1425
3774,2978,1425
3774,2978,1425
3775,2978,1426
3775,2981,1426
3775,2981,1426
3775,2981,1426
3775,2981,1426
3775,2981,1426
3775,2981,1426
3775,2981,1426
3776,2981,1427
3776,2984,1427
3776,2984,1427
3776,2984,1427
3776,2984,1427
3776,2984,1427
3776,2984,1427
3776,2984,1427
3777,2984,1428
3777,2986,1428
3777,2986,1428
3777,2986,1428
3777,2986,1428
3777,2986,1428
3777,2986,1428
3777,2986,1428
3778,2986,1429
3778,2989,1429
3778,2989,1429
3778,2989,1429
3778,2989,1429
3778,2989,1429
3778,2989,1429
3778,2989,1429
3779,2989,1430
3779,2992,1430
3779,2992,1430
3779,2992,1430
3779,2992,1430
3779,2992,1430
3779,2992,1430
3779,2992,1430
3779,2992,1430
3780,2992,1431
3780,2994,1431
3780,2994,1431
3780,2994,1431
3780,2994,1431
3780,2994,1431
3780,2994,1431
3780,2994,1431
3781,2994,1432
3781,2997,1432
3781,2997,1432
3781,2997,1432
3781,2997,1432
3781,2997,1432
3781,2997,1432
3781,2997,1432
3782,2997,1433
3782,3000,1433
3782,3000,1433
3782,3000,1433
3782,3000,1433
3782,3000,1433
3782,3000,1433
3782,3000,1433
3783,3000,1434
3783,3003,1434
3783,3003,1434
3783,3003,1434
3783,3003,1434
3783,3003,1434
3783,3003,1434
3783,3003,1434
3784,3003,1435
3784,3005,1435
3784,3005,1435
3784,3005,1435
3784,3005,1435
3784,3005,1435
3784,3005,1435
3784,3005,1435
3784,3005,1436
3785,3008,1436
3785,3008,1436
3785,3008,1436
3785,3008,1436
3785,3008,1436
3785,3008,1436
3785,3008,1436
3785,3008,1436
3786,3008,1437
3786,3011,1437
3786,3011,1437
3786,3011,1437
3786,3011,1437
3786,3011,1437
3786,3011,1437
3786,3011,1437
3787,3011,1438
3787,3013,1438
3787,3013,1438
3787,3013,1438
3787,3013,1438
3787,3013,1438
3787,3013,1438
3787,3013,1438
3788,3013,1439
3788,3016,1439
3788,3016,1439
3788,3016,1439
3788,3016,1439
3788,3016,1439
3788,3016,1439
3788,3016,1439
3789,3016,1440
3789,3019,1440
3789,3019,1440
3789,3019,1440
3789,3019,1440
3789,3019,1440
3789,3019,1440
3790,3019,1441
3790,3021,1441
3790,3021,1441
3790,3021,1441
3790,3021,1441
3790,3021,1441
3790,3021,1441
3790,3021,1441
3791,3021,1442
3791,3024,1442
3791,3024,1442
3791,3024,1442
3791,3024,1442
3791,3024,1442
3791,3024,1442
3791,3024,1442
3792,3024,1443
3792,3026,1443
3792,3026,1443
3792,3026,1443
3792,3026,1443
3792,3026,1443
3792,3026,1443
3792,3026,1443
3793,3026,1444
3793,3029,1444
3793,3029,1444
3793,3029,1444
3793,3029,1444
3793,3029,1444
3793,3029,1444
3793,3029,1444
3794,3029,1445
3794,3032,1445
3794,3032,1445
3794,3032,1445
3794,3032,1445
3794,3032,1445
3794,3032,1445
3794,3032,1445
3795,3032,1446
3795,3034,1446
3795,3034,1446
3795,3034,1446
3795,3034,1446
3795,3034,1446
3795,3034,1446
3795,3034,1446
3795,3034,1446
3796,3034,1447
3796,3037,1447
3796,3037,1447
3796,3037,1447
3796,3037,1447
3796,3037,1447
3796,3037,1447
3796,3037,1447
3797,3037,1448
3797,3040,1448
3797,3040,1448
3797,3040,1448
3797,3040,1448
3797,3040,1448
3797,3040,1448
3797,3040,1448
3798,3040,1449
3798,3042,1449
3798,3042,1449
3798,3042,1449
3798,3042,1449
3798,3042,1449
3798,3042,1449
3799,3042,1450
3799,3045,1450
3799,3045,1450
3799,3045,1450
3799,3045,1450
3799,3045,1450
3799,3045,1450
3800,3045,1451
3800,3048,1451
3800,3048,1451
3800,3048,1451
3800,3048,1451
3800,3048,1451
3800,3048,1451
3800,3048,1451
3801,3048,1452
3801,3050,1452
3801,3050,1452
3801,3050,1452
3801,3050,1452
3801,3050,1452
3801,3050,1452
3801,3050,1452
3802,3050,1453
3802,3053,1453
3802,3053,1453
3802,3053,1453
3802,3053,1453
3802,3053,1453
3802,3053,1453
3802,3053,1453
3803,3053,1454
3803,3055,1454
3803,3055,1454
3803,3055,1454
3803,3055,1454
3803,3055,1454
3803,3055,1454
3803,3055,1454
3804,3055,1455
3804,3058,1455
3804,3058,1455
3804,3058,1455
3804,3058,1455
3804,3058,1455
3804,3058,1455
3804,3058,1455
3805,3058,1456
3805,3061,1456
3805,3061,1456
3805,3061,1456
3805,3061,1456
3805,3061,1456
3805,3061,1456
3805,3061,1456
3806,3061,1457
3806,3063,1457
3806,3063,1457
3806,3063,1457
3806,3063,1457
3806,3063,1457
3806,3063,1457
3807,3063,1458
3807,3066,1458
3807,3066,1458
3807,3066,1458
3807,3066,1458
3807,3066,1458
3807,3066,1458
3807,3066,1458
3808,3068,1459
3808,3068,1459
3808,3068,1459
3808,3068,1459
3808,3068,1459
3808,3068,1459
3808,3068,1459
3809,3068,1460
3809,3071,1460
3809,3071,1460
3809,3071,1460
3809,3071,1460
3809,3071,1460
3809,3071,1460
3809,3071,1460
3810,3071,1461
3810,3074,1461
3810,3074,1461
3810,3074,1461
3810,3074,1461
3810,3074,1461
3810,3074,1461
3810,3074,1461
3811,3074,1462
3811,3076,1462
3811,3076,1462
3811,3076,1462
3811,3076,1462
3811,3076,1462
3811,3076,1462
3811,3076,1462
3812,3076,1463
3812,3079,1463
3812,3079,1463
3812,3079,1463
3812,3079,1463
3812,3079,1463
3812,3079,1463
3812,3079,1463
3813,3079,1464
3813,3081,1464
3813,3081,1464
3813,3081,1464
3813,3081,1464
3813,3081,1464
3813,3081,1464
3813,3081,1464
3814,3081,1465
3814,3084,1465
3814,3084,1465
3814,3084,1465
3814,3084,1465
3814,3084,1465
3814,3084,1465
3814,3084,1465
3814,3084,1465
3815,3084,1466
3815,3087,1466
3815,3087,1466
3815,3087,1466
3815,3087,1466
3815,3087,1466
3815,3087,1466
3815,3087,1466
3816,3087,1467
3816,3089,1467
3816,3089,1467
3816,3089,1467
3816,3089,1467
3816,3089,1467
3816,3089,1467
3816,3089,1467
3817,3089,1468
3817,3092,1468
3817,3092,1468
3817,3092,1468
3817,3092,1468
3817,3092,1468
3817,3092,1468
3817,3092,1468
3818,3092,1469
3818,3094,1469
3818,3094,1469
3818,3094,1469
3818,3094,1469
3818,3094,1469
3818,3094,1469
3818,3094,1469
3819,3094,1470
3819,3097,1470
3819,3097,1470
3819,3097,1470
3819,3097,1470
3819,3097,1470
3819,3097,1470
3819,3097,1470
3820,3097,1471
3820,3099,1471
3820,3099,1471
3820,3099,1471
3820,3099,1471
3820,3099,1471
3820,3099,1471
3820,3099,1471
3821,3099,1472
3821,3102,1472
3821,3102,1472
3821,3102,1472
3821,3102,1472
3821,3102,1472
3821,3102,1472
3821,3102,1472
3822,3102,1473
3822,3104,1473
3822,3104,1473
3822,3104,1473
3822,3104,1473
3822,3104,1473
3822,3104,1473
3822,3104,1473
3823,3104,1474
3823,3107,1474
3823,3107,1474
3823,3107,1474
3823,3107,1474
3823,3107,1474
3823,3107,1474
3823,3107,1474
3824,3107,1475
3824,3110,1475
3824,3110,1475
3824,3110,1475
3824,3110,1475
3824,3110,1475
3824,3110,1475
3824,3110,1475
3825,3110,1476
3825,3112,1476
3825,3112,1476
3825,3112,1476
3825,3112,1476
3825,3112,1476
3825,3112,1476
3825,3112,1476
3826,3112,1477
3826,3115,1477
3826,3115,1477
3826,3115,1477
3826,3115,1477
3826,3115,1477
3826,3115,1477
3826,3115,1477
3827,3115,1478
3827,3117,1478
3827,3117,1478
3827,3117,1478
3827,3117,1478
3827,3117,1478
3827,3117,1478
3827,3117,1478
3828,3117,1479
3828,3120,1479
3828,3120,1479
3828,3120,1479
3828,3120,1479
3828,3120,1479
3828,3120,1479
3828,3120,1479
3829,3120,1480
3829,3122,1480
3829,3122,1480
3829,3122,1480
3829,3122,1480
3829,3122,1480
3829,3122,1480
3829,3122,1481
3830,3125,1481
3830,3125,1481
3830,3125,1481
3830,3125,1481
3830,3125,1481
3830,3125,1481
3830,3125,1481
3831,3125,1482
3831,3127,1482
3831,3127,1482
3831,3127,1482
3831,3127,1482
3831,3127,1482
3831,3127,1482
3831,3127,1482
3832,3127,1483
3832,3130,1483
3832,3130,1483
3832,3130,1483
3832,3130,1483
3832,3130,1483
3832,3130,1483
3833,3130,1484
3833,3132,1484
3833,3132,1484
3833,3132,1484
3833,3132,1484
3833,3132,1484
3833,3132,1484
3834,3132,1485
3834,3135,1485
3834,3135,1485
3834,3135,1485
3834,3135,1485
3834,3135,1485
3834,3135,1485
3835,3135,1486
3835,3137,1486
3835,3137,1486
3835,3137,1486
3835,3137,1486
3835,3137,1486
3835,3137,1486
3836,3137,1487
3836,3140,1487
3836,3140,1487
3836,3140,1487
3836,3140,1487
3836,3140,1487
3836,3140,1487
3836,3140,1487
3837,3142,1488
3837,3142,1488
3837,3142,1488
3837,3142,1488
3837,3142,1488
3837,3142,1488
3837,3142,1488
3838,3142,1489
3838,3145,1489
3838,3145,1489
3838,3145,1489
3838,3145,1489
3838,3145,1489
3838,3145,1489
3838,3145,1489
3838,3145,1490
3839,3147,1490
3839,3147,1490
3839,3147,1490
3839,3147,1490
3839,3147,1490
3839,3147,1490
3839,3147,1490
3840,3147,1491
3840,3150,1491
3840,3150,1491
3840,3150,1491
3840,3150,1491
3840,3150,1491
3840,3150,1491
3840,3150,1491
3840,3150,1491
3841,3150,1492
3841,3152,1492
3841,3152,1492
3841,3152,1492
3841,3152,1492
3841,3152,1492
3841,3152,1492
3841,3152,1492
3842,3152,1493
3842,3155,1493
3842,3155,1493
3842,3155,1493
3842,3155,1493
3842,3155,1493
3842,3155,1493
3842,3155,1493
3843,3155,1494
3843,3157,1494
3843,3157,1494
3843,3157,1494
3843,3157,1494
3843,3157,1494
3843,3157,1494
3843,3157,1494
3844,3157,1495
3844,3160,1495
3844,3160,1495
3844,3160,1495
3844,3160,1495
3844,3160,1495
3844,3160,1495
3844,3160,1495
3845,3162,1496
3845,3162,1496
3845,3162,1496
3845,3162,1496
3845,3162,1496
3845,3162,1496
3845,3162,1496
3845,3162,1496
3846,3165,1497
3846,3165,1497
3846,3165,1497
3846,3165,1497
3846,3165,1497
3846,3165,1497
3846,3165,1497
3847,3165,1498
3847,3167,1498
3847,3167,1498
3847,3167,1498
3847,3167,1498
3847,3167,1498
3847,3167,1498
3847,3167,1498
3848,3167,1499
3848,3170,1499
3848,3170,1499
3848,3170,1499
3848,3170,1499
3848,3170,1499
3848,3170,1499
3848,3170,1499
3849,3170,1500
3849,3172,1500
3849,3172,1500
3849,3172,1500
3849,3172,1500
3849,3172,1500
3849,3172,1500
3849,3172,1500
3850,3172,1501
3850,3175,1501
3850,3175,1501
3850,3175,1501
3850,3175,1501
3850,3175,1501
3850,3175,1501
3850,3175,1501
3851,3175,1502
3851,3177,1502
3851,3177,1502
3851,3177,1502
3851,3177,1502
3851,3177,1502
3851,3177,1502
3851,3177,1502
3852,3177,1503
3852,3179,1503
3852,3179,1503
3852,3179,1503
3852,3179,1503
3852,3179,1503
3852,3179,1503
3853,3179,1504
3853,3182,1504
3853,3182,1504
3853,3182,1504
3853,3182,1504
3853,3182,1504
3853,3182,1504
3853,3182,1504
3854,3182,1505
3854,3184,1505
3854,3184,1505
3854,3184,1505
3854,3184,1505
3854,3184,1505
3854,3184,1505
3855,3184,1506
3855,3187,1506
3855,3187,1506
3855,3187,1506
3855,3187,1506
3855,3187,1506
3855,3187,1506
3856,3187,1507
3856,3189,1507
3856,3189,1507
3856,3189,1507
3856,3189,1507
3856,3189,1507
3856,3189,1507
3857,3189,1508
3857,3192,1508
3857,3192,1508
3857,3192,1508
3857,3192,1508
3857,3192,1508
3857,3192,1508
3857,3192,1508
3858,3194,1509
3858,3194,1509
3858,3194,1509
3858,3194,1509
3858,3194,1509
3858,3194,1509
3858,3194,1509
3859,3194,1510
3859,3197,1510
3859,3197,1510
3859,3197,1510
3859,3197,1510
3859,3197,1510
3859,3197,1510
3859,3197,1510
3860,3197,1511
3860,3199,1511
3860,3199,1511
3860,3199,1511
3860,3199,1511
3860,3199,1511
3860,3199,1511
3860,3199,1511
3861,3199,1512
3861,3201,1512
3861,3201,1512
3861,3201,1512
3861,3201,1512
3861,3201,1512
3861,3201,1512
3861,3201,1512
3862,3201,1513
3862,3204,1513
3862,3204,1513
3862,3204,1513
3862,3204,1513
3862,3204,1513
3862,3204,1513
3862,3204,1513
3862,3204,1513
3863,3204,1514
3863,3206,1514
3863,3206,1514
3863,3206,1514
3863,3206,1514
3863,3206,1514
3863,3206,1514
3863,3206,1514
3864,3206,1515
3864,3209,1515
3864,3209,1515
3864,3209,1515
3864,3209,1515
3864,3209,1515
3864,3209,1515
3864,3209,1515
3865,3209,1516
3865,3211,1516
3865,3211,1516
3865,3211,1516
3865,3211,1516
3865,3211,1516
3865,3211,1516
3865,3211,1516
3866,3211,1517
3866,3213,1517
3866,3213,1517
3866,3213,1517
3866,3213,1517
3866,3213,1517
3866,3213,1517
3866,3213,1517
3867,3213,1518
3867,3216,1518
3867,3216,1518
3867,3216,1518
3867,3216,1518
3867,3216,1518
3867,3216,1518
3867,3216,1518
3867,3216,1519
3868,3218,1519
3868,3218,1519
3868,3218,1519
3868,3218,1519
3868,3218,1519
3868,3218,1519
3868,3218,1519
3869,3218,1520
3869,3221,1520
3869,3221,1520
3869,3221,1520
3869,3221,1520
3869,3221,1520
3869,3221,1520
3869,3221,1520
3870,3221,1521
3870,3223,1521
3870,3223,1521
3870,3223,1521
3870,3223,1521
3870,3223,1521
3870,3223,1521
3871,3223,1522
3871,3225,1522
3871,3225,1522
3871,3225,1522
3871,3225,1522
3871,3225,1522
3871,3225,1522
3871,3225,1522
3871,3225,1523
3872,3228,1523
3872,3228,1523
3872,3228,1523
3872,3228,1523
3872,3228,1523
3872,3228,1523
3872,3228,1523
3872,3228,1523
3873,3228,1524
3873,3230,1524
3873,3230,1524
3873,3230,1524
3873,3230,1524
3873,3230,1524
3873,3230,1524
3873,3230,1524
3874,3230,1525
3874,3233,1525
3874,3233,1525
3874,3233,1525
3874,3233,1525
3874,3233,1525
3874,3233,1525
3874,3233,1525
3875,3233,1526
3875,3235,1526
3875,3235,1526
3875,3235,1526
3875,3235,1526
3875,3235,1526
3875,3235,1526
3876,3235,1527
3876,3237,1527
3876,3237,1527
3876,3237,1527
3876,3237,1527
3876,3237,1527
3876,3237,1527
3876,3237,1527
3877,3237,1528
3877,3240,1528
3877,3240,1528
3877,3240,1528
3877,3240,1528
3877,3240,1528
3877,3240,1528
3877,3240,1528
3877,3240,1529
3878,3242,1529
3878,3242,1529
3878,3242,1529
3878,3242,1529
3878,3242,1529
3878,3242,1529
3878,3242,1529
3878,3242,1529
3879,3242,1530
3879,3244,1530
3879,3244,1530
3879,3244,1530
3879,3244,1530
3879,3244,1530
3879,3244,1530
3880,3244,1531
3880,3247,1531
3880,3247,1531
3880,3247,1531
3880,3247,1531
3880,3247,1531
3880,3247,1531
3880,3247,1531
3880,3247,1531
3881,3247,1532
3881,3249,1532
3881,3249,1532
3881,3249,1532
3881,3249,1532
3881,3249,1532
3881,3249,1532
3881,3249,1532
3882,3249,1533
3882,3251,1533
3882,3251,1533
3882,3251,1533
3882,3251,1533
3882,3251,1533
3882,3251,1533
3882,3251,1533
3883,3251,1534
3883,3254,1534
3883,3254,1534
3883,3254,1534
3883,3254,1534
3883,3254,1534
3883,3254,1534
3883,3254,1534
3884,3254,1535
3884,3256,1535
3884,3256,1535
3884,3256,1535
3884,3256,1535
3884,3256,1535
3884,3256,1535
3885,3256,1536
3885,3259,1536
3885,3259,1536
3885,3259,1536
3885,3259,1536
3885,3259,1536
3885,3259,1536
3885,3259,1536
3886,3259,1537
3886,3261,1537
3886,3261,1537
3886,3261,1537
3886,3261,1537
3886,3261,1537
3886,3261,1537
3886,3261,1537
3887,3261,1538
3887,3263,1538
3887,3263,1538
3887,3263,1538
3887,3263,1538
3887,3263,1538
3887,3263,1538
3887,3263,1538
3888,3263,1539
3888,3266,1539
3888,3266,1539
3888,3266,1539
3888,3266,1539
3888,3266,1539
3888,3266,1539
3888,3266,1539
3889,3266,1540
3889,3268,1540
3889,3268,1540
3889,3268,1540
3889,3268,1540
3889,3268,1540
3889,3268,1540
3889,3268,1540
3890,3268,1541
3890,3270,1541
3890,3270,1541
3890,3270,1541
3890,3270,1541
3890,3270,1541
3890,3270,1541
3890,3270,1541
3891,3270,1542
3891,3273,1542
3891,3273,1542
3891,3273,1542
3891,3273,1542
3891,3273,1542
3891,3273,1542
3891,3273,1542
3892,3273,1543
3892,3275,1543
3892,3275,1543
3892,3275,1543
3892,3275,1543
3892,3275,1543
3892,3275,1543
3892,3275,1543
3893,3275,1544
3893,3277,1544
3893,3277,1544
3893,3277,1544
3893,3277,1544
3893,3277,1544
3893,3277,1544
3893,3277,1544
3893,3277,1545
3894,3279,1545
3894,3279,1545
3894,3279,1545
3894,3279,1545
3894,3279,1545
3894,3279,1545
3894,3279,1545
3894,3279,1545
3895,3279,1546
3895,3282,1546
3895,3282,1546
3895,3282,1546
3895,3282,1546
3895,3282,1546
3895,3282,1546
3896,3282,1547
3896,3284,1547
3896,3284,1547
3896,3284,1547
3896,3284,1547
3896,3284,1547
3896,3284,1547
3896,3284,1547
3897,3284,1548
3897,3286,1548
3897,3286,1548
3897,3286,1548
3897,3286,1548
3897,3286,1548
3897,3286,1548
3897,3286,1548
3898,3286,1549
3898,3289,1549
3898,3289,1549
3898,3289,1549
3898,3289,1549
3898,3289,1549
3898,3289,1549
3898,3289,1549
3899,3289,1550
3899,3291,1550
3899,3291,1550
3899,3291,1550
3899,3291,1550
3899,3291,1550
3899,3291,1550
3899,3291,1550
3899,3291,1550
3900,3291,1551
3900,3293,1551
3900,3293,1551
3900,3293,1551
3900,3293,1551
3900,3293,1551
3900,3293,1551
3901,3293,1552
3901,3296,1552
3901,3296,1552
3901,3296,1552
3901,3296,1552
3901,3296,1552
3901,3296,1552
3901,3296,1552
3902,3296,1553
3902,3298,1553
3902,3298,1553
3902,3298,1553
3902,3298,1553
3902,3298,1553
3902,3298,1553
3902,3298,1554
3903,3300,1554
3903,3300,1554
3903,3300,1554
3903,3300,1554
3903,3300,1554
3903,3300,1554
3903,3300,1554
3904,3300,1555
3904,3302,1555
3904,3302,1555
3904,3302,1555
3904,3302,1555
3904,3302,1555
3904,3302,1555
3904,3302,1555
3905,3302,1556
3905,3305,1556
3905,3305,1556
3905,3305,1556
3905,3305,1556
3905,3305,1556
3905,3305,1556
3905,3305,1556
3906,3305,1557
3906,3307,1557
3906,3307,1557
3906,3307,1557
3906,3307,1557
3906,3307,1557
3906,3307,1557
3907,3307,1558
3907,3309,1558
3907,3309,1558
3907,3309,1558
3907,3309,1558
3907,3309,1558
3907,3309,1558
3907,3309,1558
3908,3309,1559
3908,3312,1559
3908,3312,1559
3908,3312,1559
3908,3312,1559
3908,3312,1559
3908,3312,1559
3908,3312,1559
3909,3312,1560
3909,3314,1560
3909,3314,1560
3909,3314,1560
3909,3314,1560
3909,3314,1560
3909,3314,1560
3909,3314,1560
3910,3314,1561
3910,3316,1561
3910,3316,1561
3910,3316,1561
3910,3316,1561
3910,3316,1561
3910,3316,1561
3910,3316,1561
3911,3316,1562
3911,3318,1562
3911,3318,1562
3911,3318,1562
3911,3318,1562
3911,3318,1562
3911,3318,1562
3912,3318,1563
3912,3321,1563
3912,3321,1563
3912,3321,1563
3912,3321,1563
3912,3321,1563
3912,3321,1563
3913,3321,1564
3913,3323,1564
3913,3323,1564
3913,3323,1564
3913,3323,1564
3913,3323,1564
3913,3323,1564
3913,3323,1564
3914,3323,1565
3914,3325,1565
3914,3325,1565
3914,3325,1565
3914,3325,1565
3914,3325,1565
3914,3325,1565
3914,3325,1565
3915,3325,1566
3915,3327,1566
3915,3327,1566
3915,3327,1566
3915,3327,1566
3915,3327,1566
3915,3327,1566
3915,3327,1567
3916,3330,1567
3916,3330,1567
3916,3330,1567
3916,3330,1567
3916,3330,1567
3916,3330,1567
3916,3330,1567
3917,3330,1568
3917,3332,1568
3917,3332,1568
3917,3332,1568
3917,3332,1568
3917,3332,1568
3917,3332,1568
3917,3332,1568
3918,3332,1569
3918,3334,1569
3918,3334,1569
3918,3334,1569
3918,3334,1569
3918,3334,1569
3918,3334,1569
3918,3334,1569
3919,3334,1570
3919,3336,1570
3919,3336,1570
3919,3336,1570
3919,3336,1570
3919,3336,1570
3919,3336,1570
3919,3336,1571
3920,3339,1571
3920,3339,1571
3920,3339,1571
3920,3339,1571
3920,3339,1571
3920,3339,1571
3920,3339,1571
3921,3339,1572
3921,3341,1572
3921,3341,1572
3921,3341,1572
3921,3341,1572
3921,3341,1572
3921,3341,1572
3921,3341,1572
3922,3341,1573
3922,3343,1573
3922,3343,1573
3922,3343,1573
3922,3343,1573
3922,3343,1573
3922,3343,1573
3922,3343,1573
3923,3343,1574
3923,3345,1574
3923,3345,1574
3923,3345,1574
3923,3345,1574
3923,3345,1574
3923,3345,1574
3923,3345,1574
3924,3345,1575
3924,3347,1575
3924,3347,1575
3924,3347,1575
3924,3347,1575
3924,3347,1575
3924,3347,1575
3924,3347,1575
3924,3347,1575
3925,3347,1576
3925,3350,1576
3925,3350,1576
3925,3350,1576
3925,3350,1576
3925,3350,1576
3925,3350,1576
3925,3350,1576
3926,3350,1577
3926,3352,1577
3926,3352,1577
3926,3352,1577
3926,3352,1577
3926,3352,1577
3926,3352,1577
3926,3352,1577
3927,3352,1578
3927,3354,1578
3927,3354,1578
3927,3354,1578
3927,3354,1578
3927,3354,1578
3927,3354,1578
3927,3354,1578
3928,3354,1579
3928,3356,1579
3928,3356,1579
3928,3356,1579
3928,3356,1579
3928,3356,1579
3928,3356,1579
3928,3356,1579
3929,3356,1580
3929,3358,1580
3929,3358,1580
3929,3358,1580
3929,3358,1580
3929,3358,1580
3929,3358,1580
3929,3358,1580
3929,3358,1581
3930,3361,1581
3930,3361,1581
3930,3361,1581
3930,3361,1581
3930,3361,1581
3930,3361,1581
3930,3361,1581
3930,3361,1581
3931,3361,1582
3931,3363,1582
3931,3363,1582
3931,3363,1582
3931,3363,1582
3931,3363,1582
3931,3363,1582
3931,3363,1582
3932,3363,1583
3932,3365,1583
3932,3365,1583
3932,3365,1583
3932,3365,1583
3932,3365,1583
3932,3365,1583
3932,3365,1583
3933,3365,1584
3933,3367,1584
3933,3367,1584
3933,3367,1584
3933,3367,1584
3933,3367,1584
3933,3367,1584
3933,3367,1584
3934,3367,1585
3934,3369,1585
3934,3369,1585
3934,3369,1585
3934,3369,1585
3934,3369,1585
3934,3369,1585
3935,3369,1586
3935,3372,1586
3935,3372,1586
3935,3372,1586
3935,3372,1586
3935,3372,1586
3935,3372,1586
3935,3372,1586
3936,3372,1587
3936,3374,1587
3936,3374,1587
3936,3374,1587
3936,3374,1587
3936,3374,1587
3936,3374,1587
3936,3374,1587
3937,3374,1588
3937,3376,1588
3937,3376,1588
3937,3376,1588
3937,3376,1588
3937,3376,1588
3937,3376,1588
3937,3376,1588
3938,3376,1589
3938,3378,1589
3938,3378,1589
3938,3378,1589
3938,3378,1589
3938,3378,1589
3938,3378,1589
3938,3378,1589
3939,3378,1590
3939,3380,1590
3939,3380,1590
3939,3380,1590
3939,3380,1590
3939,3380,1590
3939,3380,1590
3940,3380,1591
3940,3382,1591
3940,3382,1591
3940,3382,1591
3940,3382,1591
3940,3382,1591
3940,3382,1591
3940,3382,1591
3941,3382,1592
3941,3385,1592
3941,3385,1592
3941,3385,1592
3941,3385,1592
3941,3385,1592
3941,3385,1592
3941,3385,1592
3942,3385,1593
3942,3387,1593
3942,3387,1593
3942,3387,1593
3942,3387,1593
3942,3387,1593
3942,3387,1593
3942,3387,1593
3943,3387,1594
3943,3389,1594
3943,3389,1594
3943,3389,1594
3943,3389,1594
3943,3389,1594
3943,3389,1594
3943,3389,1594
3944,3389,1595
3944,3391,1595
3944,3391,1595
3944,3391,1595
3944,3391,1595
3944,3391,1595
3944,3391,1595
3944,3391,1595
3944,3391,1595
3945,3391,1596
3945,3393,1596
3945,3393,1596
3945,3393,1596
3945,3393,1596
3945,3393,1596
3945,3393,1596
3945,3393,1596
3946,3393,1597
3946,3395,1597
3946,3395,1597
3946,3395,1597
3946,3395,1597
3946,3395,1597
3946,3395,1597
3946,3395,1597
3947,3395,1598
3947,3397,1598
3947,3397,1598
3947,3397,1598
3947,3397,1598
3947,3397,1598
3947,3397,1598
3947,3397,1598
3948,3397,1599
3948,3400,1599
3948,3400,1599
3948,3400,1599
3948,3400,1599
3948,3400,1599
3948,3400,1599
3948,3400,1599
3949,3400,1600
3949,3402,1600
3949,3402,1600
3949,3402,1600
3949,3402,1600
3949,3402,1600
3949,3402,1600
3949,3402,1600
3950,3402,1601
3950,3404,1601
3950,3404,1601
3950,3404,1601
3950,3404,1601
3950,3404,1601
3950,3404,1601
3950,3404,1601
3951,3404,1602
3951,3406,1602
3951,3406,1602
3951,3406,1602
3951,3406,1602
3951,3406,1602
3951,3406,1602
3951,3406,1602
3952,3406,1603
3952,3408,1603
3952,3408,1603
3952,3408,1603
3952,3408,1603
3952,3408,1603
3952,3408,1603
3952,3408,1603
3953,3408,1604
3953,3410,1604
3953,3410,1604
3953,3410,1604
3953,3410,1604
3953,3410,1604
3953,3410,1604
3953,3410,1604
3954,3410,1605
3954,3412,1605
3954,3412,1605
3954,3412,1605
3954,3412,1605
3954,3412,1605
3954,3412,1605
3954,3412,1605
3954,3412,1605
3955,3412,1606
3955,3415,1606
3955,3415,1606
3955,3415,1606
3955,3415,1606
3955,3415,1606
3955,3415,1606
3955,3415,1606
3956,3415,1607
3956,3417,1607
3956,3417,1607
3956,3417,1607
3956,3417,1607
3956,3417,1607
3956,3417,1607
3956,3417,1607
3957,3417,1608
3957,3419,1608
3957,3419,1608
3957,3419,1608
3957,3419,1608
3957,3419,1608
3957,3419,1608
3957,3419,1608
3958,3419,1609
3958,3421,1609
3958,3421,1609
3958,3421,1609
3958,3421,1609
3958,3421,1609
3958,3421,1609
3958,3421,1609
3959,3421,1610
3959,3423,1610
3959,3423,1610
3959,3423,1610
3959,3423,1610
3959,3423,1610
3959,3423,1610
3959,3423,1610
3959,3423,1610
3960,3425,1611
3960,3425,1611
3960,3425,1611
3960,3425,1611
3960,3425,1611
3960,3425,1611
3960,3425,1611
3961,3425,1612
3961,3427,1612
3961,3427,1612
3961,3427,1612
3961,3427,1612
3961,3427,1612
3961,3427,1612
3961,3427,1612
3962,3427,1613
3962,3429,1613
3962,3429,1613
3962,3429,1613
3962,3429,1613
3962,3429,1613
3962,3429,1613
3962,3429,1613
3963,3429,1614
3963,3431,1614
3963,3431,1614
3963,3431,1614
3963,3431,1614
3963,3431,1614
3963,3431,1614
3964,3431,1615
3964,3433,1615
3964,3433,1615
3964,3433,1615
3964,3433,1615
3964,3433,1615
3964,3433,1615
3964,3433,1615
3965,3433,1616
3965,3435,1616
3965,3435,1616
3965,3435,1616
3965,3435,1616
3965,3435,1616
3965,3435,1616
3965,3435,1616
3966,3435,1617
3966,3438,1617
3966,3438,1617
3966,3438,1617
3966,3438,1617
3966,3438,1617
3966,3438,1617
3966,3438,1617
3967,3438,1618
3967,3440,1618
3967,3440,1618
3967,3440,1618
3967,3440,1618
3967,3440,1618
3967,3440,1618
3967,3440,1618
3968,3440,1619
3968,3442,1619
3968,3442,1619
3968,3442,1619
3968,3442,1619
3968,3442,1619
3968,3442,1619
3969,3442,1620
3969,3444,1620
3969,3444,1620
3969,3444,1620
3969,3444,1620
3969,3444,1620
3969,3444,1620
3969,3444,1620
3970,3444,1621
3970,3446,1621
3970,3446,1621
3970,3446,1621
3970,3446,1621
3970,3446,1621
3970,3446,1621
3971,3446,1622
3971,3448,1622
3971,3448,1622
3971,3448,1622
3971,3448,1622
3971,3448,1622
3971,3448,1622
3971,3448,1622
3972,3448,1623
3972,3450,1623
3972,3450,1623
3972,3450,1623
3972,3450,1623
3972,3450,1623
3972,3450,1623
3972,3450,1623
3973,3450,1624
3973,3452,1624
3973,3452,1624
3973,3452,1624
3973,3452,1624
3973,3452,1624
3973,3452,1624
3973,3452,1624
3974,3452,1625
3974,3454,1625
3974,3454,1625
3974,3454,1625
3974,3454,1625
3974,3454,1625
3974,3454,1625
3974,3454,1625
3975,3454,1626
3975,3456,1626
3975,3456,1626
3975,3456,1626
3975,3456,1626
3975,3456,1626
3975,3456,1626
3975,3456,1626
3976,3456,1627
3976,3458,1627
3976,3458,1627
3976,3458,1627
3976,3458,1627
3976,3458,1627
3976,3458,1627
3977,3458,1628
3977,3460,1628
3977,3460,1628
3977,3460,1628
3977,3460,1628
3977,3460,1628
3977,3460,1628
3977,3460,1628
3978,3460,1629
3978,3462,1629
3978,3462,1629
3978,3462,1629
3978,3462,1629
3978,3462,1629
3978,3462,1629
3978,3462,1629
3979,3462,1630
3979,3464,1630
3979,3464,1630
3979,3464,1630
3979,3464,1630
3979,3464,1630
3979,3464,1630
3979,3464,1630
3980,3464,1631
3980,3466,1631
3980,3466,1631
3980,3466,1631
3980,3466,1631
3980,3466,1631
3980,3466,1631
3980,3466,1631
3981,3466,1632
3981,3468,1632
3981,3468,1632
3981,3468,1632
3981,3468,1632
3981,3468,1632
3981,3468,1632
3982,3468,1633
3982,3470,1633
3982,3470,1633
3982,3470,1633
3982,3470,1633
3982,3470,1633
3982,3470,1633
3982,3470,1633
3982,3470,1634
3983,3472,1634
3983,3472,1634
3983,3472,1634
3983,3472,1634
3983,3472,1634
3983,3472,1634
3983,3472,1634
3984,3472,1635
3984,3474,1635
3984,3474,1635
3984,3474,1635
3984,3474,1635
3984,3474,1635
3984,3474,1635
3984,3474,1635
3985,3474,1636
3985,3476,1636
3985,3476,1636
3985,3476,1636
3985,3476,1636
3985,3476,1636
3985,3476,1636
3985,3476,1636
3986,3476,1637
3986,3478,1637
3986,3478,1637
3986,3478,1637
3986,3478,1637
3986,3478,1637
3986,3478,1637
3986,3478,1637
3987,3478,1638
3987,3480,1638
3987,3480,1638
3987,3480,1638
3987,3480,1638
3987,3480,1638
3987,3480,1638
3988,3480,1639
3988,3482,1639
3988,3482,1639
3988,3482,1639
3988,3482,1639
3988,3482,1639
3988,3482,1639
3988,3482,1639
3989,3482,1640
3989,3484,1640
3989,3484,1640
3989,3484,1640
3989,3484,1640
3989,3484,1640
3989,3484,1640
3989,3484,1640
3990,3484,1641
3990,3486,1641
3990,3486,1641
3990,3486,1641
3990,3486,1641
3990,3486,1641
3990,3486,1641
3991,3486,1642
3991,3488,1642
3991,3488,1642
3991,3488,1642
3991,3488,1642
3991,3488,1642
3991,3488,1642
3992,3488,1643
3992,3490,1643
3992,3490,1643
3992,3490,1643
3992,3490,1643
3992,3490,1643
3992,3490,1643
3993,3490,1644
3993,3492,1644
3993,3492,1644
3993,3492,1644
3993,3492,1644
3993,3492,1644
3993,3492,1644
3993,3492,1644
3994,3492,1645
3994,3494,1645
3994,3494,1645
3994,3494,1645
3994,3494,1645
3994,3494,1645
3994,3494,1645
3994,3494,1645
3995,3494,1646
3995,3496,1646
3995,3496,1646
3995,3496,1646
3995,3496,1646
3995,3496,1646
3995,3496,1646
3995,3496,1646
3996,3496,1647
3996,3498,1647
3996,3498,1647
3996,3498,1647
3996,3498,1647
3996,3498,1647
3996,3498,1647
3996,3498,1647
3997,3498,1648
3997,3500,1648
3997,3500,1648
3997,3500,1648
3997,3500,1648
3997,3500,1648
3997,3500,1648
3997,3500,1648
3998,3500,1649
3998,3502,1649
3998,3502,1649
3998,3502,1649
3998,3502,1649
3998,3502,1649
3998,3502,1649
3998,3502,1649
3998,3502,1649
3999,3502,1650
3999,3504,1650
3999,3504,1650
3999,3504,1650
3999,3504,1650
3999,3504,1650
3999,3504,1650
3999,3504,1650
4000,3504,1651
4000,3506,1651
4000,3506,1651
4000,3506,1651
4000,3506,1651
4000,3506,1651
4000,3506,1651
4000,3506,1651
4001,3506,1652
4001,3508,1652
4001,3508,1652
4001,3508,1652
4001,3508,1652
4001,3508,1652
4001,3508,1652
4001,3508,1652
4002,3508,1653
4002,3510,1653
4002,3510,1653
4002,3510,1653
4002,3510,1653
4002,3510,1653
4002,3510,1653
4002,3510,1653
4002,3510,1653
4003,3510,1654
4003,3512,1654
4003,3512,1654
4003,3512,1654
4003,3512,1654
4003,3512,1654
4003,3512,1654
4003,3512,1654
4004,3512,1655
4004,3514,1655
4004,3514,1655
4004,3514,1655
4004,3514,1655
4004,3514,1655
4004,3514,1655
4004,3514,1655
4005,3514,1656
4005,3516,1656
4005,3516,1656
4005,3516,1656
4005,3516,1656
4005,3516,1656
4005,3516,1656
4005,3516,1656
4006,3516,1657
4006,3518,1657
4006,3518,1657
4006,3518,1657
4006,3518,1657
4006,3518,1657
4006,3518,1657
4006,3518,1657
4007,3518,1658
4007,3520,1658
4007,3520,1658
4007,3520,1658
4007,3520,1658
4007,3520,1658
4007,3520,1658
4007,3520,1658
4008,3522,1659
4008,3522,1659
4008,3522,1659
4008,3522,1659
4008,3522,1659
4009,3522,1660
4009,3524,1660
4009,3524,1660
4009,3524,1660
4009,3524,1660
4009,3524,1660
4009,3524,1660
4009,3524,1660
4010,3524,1661
4010,3526,1661
4010,3526,1661
4010,3526,1661
4010,3526,1661
4010,3526,1661
4010,3526,1661
4010,3526,1661
4011,3526,1662
4011,3528,1662
4011,3528,1662
4011,3528,1662
4011,3528,1662
4011,3528,1662
4011,3528,1662
4012,3528,1663
4012,3530,1663
4012,3530,1663
4012,3530,1663
4012,3530,1663
4012,3530,1663
4012,3530,1663
4012,3530,1663
4013,3530,1664
4013,3532,1664
4013,3532,1664
4013,3532,1664
4013,3532,1664
4013,3532,1664
4013,3532,1664
4013,3532,1664
4013,3532,1665
4014,3533,1665
4014,3533,1665
4014,3533,1665
4014,3533,1665
4014,3533,1665
4014,3533,1665
4014,3533,1665
4014,3533,1665
4015,3533,1666
4015,3535,1666
4015,3535,1666
4015,3535,1666
4015,3535,1666
4015,3535,1666
4015,3535,1666
4015,3535,1666
4016,3535,1667
4016,3537,1667
4016,3537,1667
4016,3537,1667
4016,3537,1667
4016,3537,1667
4016,3537,1667
4016,3537,1667
4017,3537,1668
4017,3539,1668
4017,3539,1668
4017,3539,1668
4017,3539,1668
4017,3539,1668
4017,3539,1668
4017,3539,1668
4018,3539,1669
4018,3541,1669
4018,3541,1669
4018,3541,1669
4018,3541,1669
4018,3541,1669
4018,3541,1669
4018,3541,1669
4019,3541,1670
4019,3543,1670
4019,3543,1670
4019,3543,1670
4019,3543,1670
4019,3543,1670
4019,3543,1670
4019,3543,1670
4020,3543,1671
4020,3545,1671
4020,3545,1671
4020,3545,1671
4020,3545,1671
4020,3545,1671
4020,3545,1671
4020,3545,1671
4020,3545,1671
4021,3545,1672
4021,3547,1672
4021,3547,1672
4021,3547,1672
4021,3547,1672
4021,3547,1672
4021,3547,1672
4021,3547,1672
4022,3547,1673
4022,3549,1673
4022,3549,1673
4022,3549,1673
4022,3549,1673
4022,3549,1673
4022,3549,1673
4022,3549,1673
4023,3549,1674
4023,3551,1674
4023,3551,1674
4023,3551,1674
4023,3551,1674
4023,3551,1674
4023,3551,1674
4023,3551,1674
4024,3551,1675
4024,3553,1675
4024,3553,1675
4024,3553,1675
4024,3553,1675
4024,3553,1675
4024,3553,1675
4024,3553,1675
4025,3553,1676
4025,3554,1676
4025,3554,1676
4025,3554,1676
4025,3554,1676
4025,3554,1676
4025,3554,1676
4025,3554,1676
4026,3554,1677
4026,3556,1677
4026,3556,1677
4026,3556,1677
4026,3556,1677
4026,3556,1677
4026,3556,1677
4027,3556,1678
4027,3558,1678
4027,3558,1678
4027,3558,1678
4027,3558,1678
4027,3558,1678
4027,3558,1678
4027,3558,1678
4028,3558,1679
4028,3560,1679
4028,3560,1679
4028,3560,1679
4028,3560,1679
4028,3560,1679
4028,3560,1679
4028,3560,1679
4029,3560,1680
4029,3562,1680
4029,3562,1680
4029,3562,1680
4029,3562,1680
4029,3562,1680
4029,3562,1680
4029,3562,1680
4030,3564,1681
4030,3564,1681
4030,3564,1681
4030,3564,1681
4030,3564,1681
4030,3564,1681
4030,3564,1681
4031,3564,1682
4031,3566,1682
4031,3566,1682
4031,3566,1682
4031,3566,1682
4031,3566,1682
4031,3566,1682
4032,3566,1683
4032,3568,1683
4032,3568,1683
4032,3568,1683
4032,3568,1683
4032,3568,1683
4032,3568,1683
4032,3568,1683
4033,3568,1684
4033,3569,1684
4033,3569,1684
4033,3569,1684
4033,3569,1684
4033,3569,1684
4033,3569,1684
4033,3569,1684
4034,3569,1685
4034,3571,1685
4034,3571,1685
4034,3571,1685
4034,3571,1685
4034,3571,1685
4034,3571,1685
4034,3571,1685
4035,3571,1686
4035,3573,1686
4035,3573,1686
4035,3573,1686
4035,3573,1686
4035,3573,1686
4035,3573,1686
4035,3573,1686
4036,3573,1687
4036,3575,1687
4036,3575,1687
4036,3575,1687
4036,3575,1687
4036,3575,1687
4036,3575,1687
4036,3575,1687
4037,3575,1688
4037,3577,1688
4037,3577,1688
4037,3577,1688
4037,3577,1688
4037,3577,1688
4037,3577,1688
4037,3577,1688
4038,3577,1689
4038,3579,1689
4038,3579,1689
4038,3579,1689
4038,3579,1689
4038,3579,1689
4038,3579,1689
4038,3579,1690
4039,3580,1690
4039,3580,1690
4039,3580,1690
4039,3580,1690
4039,3580,1690
4039,3580,1690
4039,3580,1690
4040,3580,1691
4040,3582,1691
4040,3582,1691
4040,3582,1691
4040,3582,1691
4040,3582,1691
4040,3582,1691
4040,3582,1691
4041,3582,1692
4041,3584,1692
4041,3584,1692
4041,3584,1692
4041,3584,1692
4041,3584,1692
4041,3584,1692
4041,3584,1692
4042,3584,1693
4042,3586,1693
4042,3586,1693
4042,3586,1693
4042,3586,1693
4042,3586,1693
4042,3586,1693
4042,3586,1693
4043,3586,1694
4043,3588,1694
4043,3588,1694
4043,3588,1694
4043,3588,1694
4043,3588,1694
4043,3588,1694
4043,3588,1694
4044,3588,1695
4044,3590,1695
4044,3590,1695
4044,3590,1695
4044,3590,1695
4044,3590,1695
4044,3590,1695
4044,3590,1695
4045,3590,1696
4045,3591,1696
4045,3591,1696
4045,3591,1696
4045,3591,1696
4045,3591,1696
4045,3591,1696
4045,3591,1696
4046,3591,1697
4046,3593,1697
4046,3593,1697
4046,3593,1697
4046,3593,1697
4046,3593,1697
4046,3593,1697
4046,3593,1697
4047,3593,1698
4047,3595,1698
4047,3595,1698
4047,3595,1698
4047,3595,1698
4047,3595,1698
4047,3595,1698
4047,3595,1698
4047,3595,1698
4048,3595,1699
4048,3597,1699
4048,3597,1699
4048,3597,1699
4048,3597,1699
4048,3597,1699
4048,3597,1699
4048,3597,1699
4049,3597,1700
4049,3599,1700
4049,3599,1700
4049,3599,1700
4049,3599,1700
4049,3599,1700
4049,3599,1700
4049,3599,1700
4050,3599,1701
4050,3600,1701
4050,3600,1701
4050,3600,1701
4050,3600,1701
4050,3600,1701
4050,3600,1701
4050,3600,1701
4051,3600,1702
4051,3602,1702
4051,3602,1702
4051,3602,1702
4051,3602,1702
4051,3602,1702
4051,3602,1702
4052,3602,1703
4052,3604,1703
4052,3604,1703
4052,3604,1703
4052,3604,1703
4052,3604,1703
4052,3604,1703
4052,3604,1703
4053,3604,1704
4053,3606,1704
4053,3606,1704
4053,3606,1704
4053,3606,1704
4053,3606,1704
4053,3606,1704
4053,3606,1704
4053,3606,1704
4054,3608,1705
4054,3608,1705
4054,3608,1705
4054,3608,1705
4054,3608,1705
4054,3608,1705
4054,3608,1705
4054,3608,1705
4055,3608,1706
4055,3609,1706
4055,3609,1706
4055,3609,1706
4055,3609,1706
4055,3609,1706
4055,3609,1706
4055,3609,1706
4056,3609,1707
4056,3611,1707
4056,3611,1707
4056,3611,1707
4056,3611,1707
4056,3611,1707
4056,3611,1707
4056,3611,1707
4057,3611,1708
4057,3613,1708
4057,3613,1708
4057,3613,1708
4057,3613,1708
4057,3613,1708
4057,3613,1708
4057,3613,1708
4058,3613,1709
4058,3615,1709
4058,3615,1709
4058,3615,1709
4058,3615,1709
4058,3615,1709
4058,3615,1709
4058,3615,1709
4059,3617,1710
4059,3617,1710
4059,3617,1710
4059,3617,1710
4059,3617,1710
4059,3617,1710
4059,3617,1710
4060,3617,1711
4060,3618,1711
4060,3618,1711
4060,3618,1711
4060,3618,1711
4060,3618,1711
4060,3618,1711
4061,3618,1712
4061,3620,1712
4061,3620,1712
4061,3620,1712
4061,3620,1712
4061,3620,1712
4061,3620,1712
4061,3620,1712
4062,3620,1713
4062,3622,1713
4062,3622,1713
4062,3622,1713
4062,3622,1713
4062,3622,1713
4062,3622,1713
4062,3622,1713
4063,3622,1714
4063,3624,1714
4063,3624,1714
4063,3624,1714
4063,3624,1714
4063,3624,1714
4063,3624,1714
4064,3624,1715
4064,3625,1715
4064,3625,1715
4064,3625,1715
4064,3625,1715
4064,3625,1715
4064,3625,1715
4065,3625,1716
4065,3627,1716
4065,3627,1716
4065,3627,1716
4065,3627,1716
4065,3627,1716
4065,3627,1716
4065,3627,1716
4066,3627,1717
4066,3629,1717
4066,3629,1717
4066,3629,1717
4066,3629,1717
4066,3629,1717
4066,3629,1717
4067,3629,1718
4067,3631,1718
4067,3631,1718
4067,3631,1718
4067,3631,1718
4067,3631,1718
4067,3631,1718
4067,3631,1718
4068,3631,1719
4068,3632,1719
4068,3632,1719
4068,3632,1719
4068,3632,1719
4068,3632,1719
4068,3632,1719
4069,3632,1720
4069,3634,1720
4069,3634,1720
4069,3634,1720
4069,3634,1720
4069,3634,1720
4069,3634,1720
4069,3634,1720
4070,3634,1721
4070,3636,1721
4070,3636,1721
4070,3636,1721
4070,3636,1721
4070,3636,1721
4070,3636,1721
4070,3636,1721
4071,3636,1722
4071,3638,1722
4071,3638,1722
4071,3638,1722
4071,3638,1722
4071,3638,1722
4071,3638,1722
4071,3638,1722
4072,3638,1723
4072,3639,1723
4072,3639,1723
4072,3639,1723
4072,3639,1723
4072,3639,1723
4072,3639,1723
4072,3639,1723
4073,3639,1724
4073,3641,1724
4073,3641,1724
4073,3641,1724
4073,3641,1724
4073,3641,1724
4073,3641,1724
4073,3641,1724
4074,3641,1725
4074,3643,1725
4074,3643,1725
4074,3643,1725
4074,3643,1725
4074,3643,1725
4074,3643,1725
4074,3643,1725
4075,3643,1726
4075,3645,1726
4075,3645,1726
4075,3645,1726
4075,3645,1726
4075,3645,1726
4075,3645,1726
4075,3645,1726
4076,3645,1727
4076,3646,1727
4076,3646,1727
4076,3646,1727
4076,3646,1727
4076,3646,1727
4076,3646,1727
4077,3646,1728
4077,3648,1728
4077,3648,1728
4077,3648,1728
4077,3648,1728
4077,3648,1728
4077,3648,1728
4077,3648,1728
4078,3648,1729
4078,3650,1729
4078,3650,1729
4078,3650,1729
4078,3650,1729
4078,3650,1729
4078,3650,1729
4079,3650,1730
4079,3651,1730
4079,3651,1730
4079,3651,1730
4079,3651,1730
4079,3651,1730
4079,3651,1730
4079,3651,1730
4080,3651,1731
4080,3653,1731
4080,3653,1731
4080,3653,1731
4080,3653,1731
4080,3653,1731
4080,3653,1731
4080,3653,1731
4081,3653,1732
4081,3655,1732
4081,3655,1732
4081,3655,1732
4081,3655,1732
4081,3655,1732
4081,3655,1732
4081,3655,1733
4082,3656,1733
4082,3656,1733
4082,3656,1733
4082,3656,1733
4082,3656,1733
4082,3656,1733
4082,3656,1733
4083,3656,1734
4083,3658,1734
4083,3658,1734
4083,3658,1734
4083,3658,1734
4083,3658,1734
4083,3658,1734
4083,3658,1734
4084,3658,1735
4084,3660,1735
4084,3660,1735
4084,3660,1735
4084,3660,1735
4084,3660,1735
4084,3660,1735
4084,3660,1735
4085,3660,1736
4085,3662,1736
4085,3662,1736
4085,3662,1736
4085,3662,1736
4085,3662,1736
4085,3662,1736
4085,3662,1736
4086,3662,1737
4086,3663,1737
4086,3663,1737
4086,3663,1737
4086,3663,1737
4086,3663,1737
4086,3663,1737
4086,3663,1737
4087,3663,1738
4087,3665,1738
4087,3665,1738
4087,3665,1738
4087,3665,1738
4087,3665,1738
4087,3665,1738
4088,3665,1739
4088,3667,1739
4088,3667,1739
4088,3667,1739
4088,3667,1739
4088,3667,1739
4088,3667,1739
4088,3667,1739
4088,3667,1739
4089,3668,1740
4089,3668,1740
4089,3668,1740
4089,3668,1740
4089,3668,1740
4089,3668,1740
4089,3668,1740
4090,3668,1741
4090,3670,1741
4090,3670,1741
4090,3670,1741
4090,3670,1741
4090,3670,1741
4090,3670,1741
4090,3670,1741
4091,3670,1742
4091,3672,1742
4091,3672,1742
4091,3672,1742
4091,3672,1742
4091,3672,1742
4091,3672,1742
4092,3672,1743
4092,3673,1743
4092,3673,1743
4092,3673,1743
4092,3673,1743
4092,3673,1743
4092,3673,1743
4092,3673,1743
4093,3673,1744
4093,3675,1744
4093,3675,1744
4093,3675,1744
4093,3675,1744
4093,3675,1744
4093,3675,1744
4094,3675,1745
4094,3677,1745
4094,3677,1745
4094,3677,1745
4094,3677,1745
4094,3677,1745
4094,3677,1745
4094,3677,1745
4095,3677,1746
4095,3678,1746
4095,3678,1746
4095,3678,1746
4095,3678,1746
4095,3678,1746
4095,3678,1746
4096,3678,1747
4096,3680,1747
4096,3680,1747
4096,3680,1747
4096,3680,1747
4096,3680,1747
4096,3680,1747
4096,3680,1747
4097,3680,1748
4097,3682,1748
4097,3682,1748
4097,3682,1748
4097,3682,1748
4097,3682,1748
4097,3682,1748
4097,3682,1748
4098,3682,1749
4098,3683,1749
4098,3683,1749
4098,3683,1749
4098,3683,1749
4098,3683,1749
4098,3683,1749
4099,3683,1750
4099,3685,1750
4099,3685,1750
4099,3685,1750
4099,3685,1750
4099,3685,1750
4099,3685,1750
4099,3685,1750
4100,3685,1751
4100,3686,1751
4100,3686,1751
4100,3686,1751
4100,3686,1751
4100,3686,1751
4100,3686,1751
4101,3686,1752
4101,3688,1752
4101,3688,1752
4101,3688,1752
4101,3688,1752
4101,3688,1752
4101,3688,1752
4101,3688,1752
4102,3688,1753
4102,3690,1753
4102,3690,1753
4102,3690,1753
4102,3690,1753
4102,3690,1753
4102,3690,1753
4102,3690,1753
4103,3690,1754
4103,3691,1754
4103,3691,1754
4103,3691,1754
4103,3691,1754
4103,3691,1754
4103,3691,1754
4103,3691,1754
4104,3691,1755
4104,3693,1755
4104,3693,1755
4104,3693,1755
4104,3693,1755
4104,3693,1755
4104,3693,1755
4104,3693,1755
4105,3693,1756
4105,3695,1756
4105,3695,1756
4105,3695,1756
4105,3695,1756
4105,3695,1756
4105,3695,1756
4106,3695,1757
4106,3696,1757
4106,3696,1757
4106,3696,1757
4106,3696,1757
4106,3696,1757
4106,3696,1757
4106,3696,1757
4107,3696,1758
4107,3698,1758
4107,3698,1758
4107,3698,1758
4107,3698,1758
4107,3698,1758
4107,3698,1758
4107,3698,1758
4108,3698,1759
4108,3700,1759
4108,3700,1759
4108,3700,1759
4108,3700,1759
4108,3700,1759
4108,3700,1759
4108,3700,1759
4109,3700,1760
4109,3701,1760
4109,3701,1760
4109,3701,1760
4109,3701,1760
4109,3701,1760
4109,3701,1760
4109,3701,1760
4110,3701,1761
4110,3703,1761
4110,3703,1761
4110,3703,1761
4110,3703,1761
4110,3703,1761
4110,3703,1761
4110,3703,1761
4111,3703,1762
4111,3704,1762
4111,3704,1762
4111,3704,1762
4111,3704,1762
4111,3704,1762
4111,3704,1762
4111,3704,1762
4112,3704,1763
4112,3706,1763
4112,3706,1763
4112,3706,1763
4112,3706,1763
4112,3706,1763
4112,3706,1763
4112,3706,1763
4113,3706,1764
4113,3708,1764
4113,3708,1764
4113,3708,1764
4113,3708,1764
4113,3708,1764
4113,3708,1764
4113,3708,1764
4114,3708,1765
4114,3709,1765
4114,3709,1765
4114,3709,1765
4114,3709,1765
4114,3709,1765
4114,3709,1765
4114,3709,1765
4115,3709,1766
4115,3711,1766
4115,3711,1766
4115,3711,1766
4115,3711,1766
4115,3711,1766
4115,3711,1766
4115,3711,1766
4116,3711,1767
4116,3712,1767
4116,3712,1767
4116,3712,1767
4116,3712,1767
4116,3712,1767
4116,3712,1767
4116,3712,1767
4117,3712,1768
4117,3714,1768
4117,3714,1768
4117,3714,1768
4117,3714,1768
4117,3714,1768
4117,3714,1768
4117,3714,1768
4118,3714,1769
4118,3715,1769
4118,3715,1769
4118,3715,1769
4118,3715,1769
4118,3715,1769
4118,3715,1769
4118,3715,1769
4119,3715,1770
4119,3717,1770
4119,3717,1770
4119,3717,1770
4119,3717,1770
4119,3717,1770
4119,3717,1770
4119,3717,1770
4120,3717,1771
4120,3719,1771
4120,3719,1771
4120,3719,1771
4120,3719,1771
4120,3719,1771
4120,3719,1771
4120,3719,1771
4121,3719,1772
4121,3720,1772
4121,3720,1772
4121,3720,1772
4121,3720,1772
4121,3720,1772
4121,3720,1772
4121,3720,1772
4122,3720,1773
4122,3722,1773
4122,3722,1773
4122,3722,1773
4122,3722,1773
4122,3722,1773
4122,3722,1773
4122,3722,1773
4123,3722,1774
4123,3723,1774
4123,3723,1774
4123,3723,1774
4123,3723,1774
4123,3723,1774
4123,3723,1774
4123,3723,1774
4124,3723,1775
4124,3725,1775
4124,3725,1775
4124,3725,1775
4124,3725,1775
4124,3725,1775
4124,3725,1775
4125,3725,1776
4125,3726,1776
4125,3726,1776
4125,3726,1776
4125,3726,1776
4125,3726,1776
4125,3726,1776
4125,3726,1776
4126,3726,1777
4126,3728,1777
4126,3728,1777
4126,3728,1777
4126,3728,1777
4126,3728,1777
4126,3728,1777
4126,3728,1777
4127,3728,1778
4127,3730,1778
4127,3730,1778
4127,3730,1778
4127,3730,1778
4127,3730,1778
4127,3730,1778
4127,3730,1778
4128,3730,1779
4128,3731,1779
4128,3731,1779
4128,3731,1779
4128,3731,1779
4128,3731,1779
4128,3731,1779
4128,3731,1779
4129,3731,1780
4129,3733,1780
4129,3733,1780
4129,3733,1780
4129,3733,1780
4129,3733,1780
4129,3733,1780
4129,3733,1780
4130,3733,1781
4130,3734,1781
4130,3734,1781
4130,3734,1781
4130,3734,1781
4130,3734,1781
4130,3734,1781
4130,3734,1781
4131,3734,1782
4131,3736,1782
4131,3736,1782
4131,3736,1782
4131,3736,1782
4131,3736,1782
4131,3736,1782
4131,3736,1782
4132,3736,1783
4132,3737,1783
4132,3737,1783
4132,3737,1783
4132,3737,1783
4132,3737,1783
4132,3737,1783
4132,3737,1783
4132,3737,1783
4133,3739,1784
4133,3739,1784
4133,3739,1784
4133,3739,1784
4133,3739,1784
4133,3739,1784
4133,3739,1784
4133,3739,1784
4134,3739,1785
4134,3740,1785
4134,3740,1785
4134,3740,1785
4134,3740,1785
4134,3740,1785
4134,3740,1785
4134,3740,1785
4135,3740,1786
4135,3742,1786
4135,3742,1786
4135,3742,1786
4135,3742,1786
4135,3742,1786
4135,3742,1786
4135,3742,1786
4136,3742,1787
4136,3743,1787
4136,3743,1787
4136,3743,1787
4136,3743,1787
4136,3743,1787
4136,3743,1787
4136,3743,1787
4137,3743,1788
4137,3745,1788
4137,3745,1788
4137,3745,1788
4137,3745,1788
4137,3745,1788
4137,3745,1788
4137,3745,1788
4138,3745,1789
4138,3746,1789
4138,3746,1789
4138,3746,1789
4138,3746,1789
4138,3746,1789
4138,3746,1789
4138,3746,1789
4139,3746,1790
4139,3748,1790
4139,3748,1790
4139,3748,1790
4139,3748,1790
4139,3748,1790
4139,3748,1790
4139,3748,1790
4139,3748,1790
4140,3748,1791
4140,3749,1791
4140,3749,1791
4140,3749,1791
4140,3749,1791
4140,3749,1791
4140,3749,1791
4140,3749,1791
4141,3749,1792
4141,3751,1792
4141,3751,1792
4141,3751,1792
4141,3751,1792
4141,3751,1792
4141,3751,1792
4141,3751,1792
4142,3751,1793
4142,3752,1793
4142,3752,1793
4142,3752,1793
4142,3752,1793
4142,3752,1793
4142,3752,1793
4142,3752,1793
4143,3752,1794
4143,3754,1794
4143,3754,1794
4143,3754,1794
4143,3754,1794
4143,3754,1794
4143,3754,1794
4143,3754,1794
4144,3754,1795
4144,3755,1795
4144,3755,1795
4144,3755,1795
4144,3755,1795
4144,3755,1795
4144,3755,1795
4144,3755,1795
4144,3755,1795
4145,3755,1796
4145,3757,1796
4145,3757,1796
4145,3757,1796
4145,3757,1796
4145,3757,1796
4145,3757,1796
4146,3757,1797
4146,3758,1797
4146,3758,1797
4146,3758,1797
4146,3758,1797
4146,3758,1797
4146,3758,1797
4146,3758,1797
4147,3758,1798
4147,3760,1798
4147,3760,1798
4147,3760,1798
4147,3760,1798
4147,3760,1798
4147,3760,1798
4147,3760,1798
4148,3760,1799
4148,3761,1799
4148,3761,1799
4148,3761,1799
4148,3761,1799
4148,3761,1799
4148,3761,1799
4148,3761,1799
4149,3761,1800
4149,3763,1800
4149,3763,1800
4149,3763,1800
4149,3763,1800
4149,3763,1800
4149,3763,1800
4149,3763,1800
4150,3763,1801
4150,3764,1801
4150,3764,1801
4150,3764,1801
4150,3764,1801
4150,3764,1801
4150,3764,1801
4150,3764,1801
4151,3764,1802
4151,3766,1802
4151,3766,1802
4151,3766,1802
4151,3766,1802
4151,3766,1802
4151,3766,1802
4151,3766,1802
4152,3766,1803
4152,3767,1803
4152,3767,1803
4152,3767,1803
4152,3767,1803
4152,3767,1803
4152,3767,1803
4153,3767,1804
4153,3769,1804
4153,3769,1804
4153,3769,1804
4153,3769,1804
4153,3769,1804
4153,3769,1804
4153,3769,1804
4154,3769,1805
4154,3770,1805
4154,3770,1805
4154,3770,1805
4154,3770,1805
4154,3770,1805
4154,3770,1805
4154,3770,1805
4155,3770,1806
4155,3772,1806
4155,3772,1806
4155,3772,1806
4155,3772,1806
4155,3772,1806
4155,3772,1806
4156,3772,1807
4156,3773,1807
4156,3773,1807
4156,3773,1807
4156,3773,1807
4156,3773,1807
4156,3773,1807
4156,3773,1807
4157,3773,1808
4157,3775,1808
4157,3775,1808
4157,3775,1808
4157,3775,1808
4157,3775,1808
4157,3775,1808
4157,3775,1808
4158,3775,1809
4158,3776,1809
4158,3776,1809
4158,3776,1809
4158,3776,1809
4158,3776,1809
4158,3776,1809
4158,3776,1809
4159,3776,1810
4159,3777,1810
4159,3777,1810
4159,3777,1810
4159,3777,1810
4159,3777,1810
4159,3777,1810
4159,3777,1810
4160,3777,1811
4160,3779,1811
4160,3779,1811
4160,3779,1811
4160,3779,1811
4160,3779,1811
4160,3779,1811
4160,3779,1811
4161,3779,1812
4161,3780,1812
4161,3780,1812
4161,3780,1812
4161,3780,1812
4161,3780,1812
4161,3780,1812
4161,3780,1812
4162,3780,1813
4162,3782,1813
4162,3782,1813
4162,3782,1813
4162,3782,1813
4162,3782,1813
4162,3782,1813
4162,3782,1813
4162,3782,1813
4163,3782,1814
4163,3783,1814
4163,3783,1814
4163,3783,1814
4163,3783,1814
4163,3783,1814
4163,3783,1814
4163,3783,1814
4164,3783,1815
4164,3785,1815
4164,3785,1815
4164,3785,1815
4164,3785,1815
4164,3785,1815
4164,3785,1815
4164,3785,1815
4165,3785,1816
4165,3786,1816
4165,3786,1816
4165,3786,1816
4165,3786,1816
4165,3786,1816
4165,3786,1816
4165,3786,1816
4166,3786,1817
4166,3787,1817
4166,3787,1817
4166,3787,1817
4166,3787,1817
4166,3787,1817
4166,3787,1817
4166,3787,1817
4167,3787,1818
4167,3789,1818
4167,3789,1818
4167,3789,1818
4167,3789,1818
4167,3789,1818
4167,3789,1818
4167,3789,1818
4168,3789,1819
4168,3790,1819
4168,3790,1819
4168,3790,1819
4168,3790,1819
4168,3790,1819
4168,3790,1819
4168,3790,1819
4169,3790,1820
4169,3792,1820
4169,3792,1820
4169,3792,1820
4169,3792,1820
4169,3792,1820
4169,3792,1820
4169,3792,1820
4170,3792,1821
4170,3793,1821
4170,3793,1821
4170,3793,1821
4170,3793,1821
4170,3793,1821
4170,3793,1821
4170,3793,1821
4171,3793,1822
4171,3795,1822
4171,3795,1822
4171,3795,1822
4171,3795,1822
4171,3795,1822
4171,3795,1822
4171,3795,1823
4172,3796,1823
4172,3796,1823
4172,3796,1823
4172,3796,1823
4172,3796,1823
4172,3796,1823
4172,3796,1823
4173,3796,1824
4173,3797,1824
4173,3797,1824
4173,3797,1824
4173,3797,1824
4173,3797,1824
4173,3797,1824
4173,3797,1824
4174,3797,1825
4174,3799,1825
4174,3799,1825
4174,3799,1825
4174,3799,1825
4174,3799,1825
4174,3799,1825
4174,3799,1825
4175,3799,1826
4175,3800,1826
4175,3800,1826
4175,3800,1826
4175,3800,1826
4175,3800,1826
4175,3800,1826
4175,3800,1826
4176,3800,1827
4176,3802,1827
4176,3802,1827
4176,3802,1827
4176,3802,1827
4176,3802,1827
4176,3802,1827
4176,3802,1827
4177,3802,1828
4177,3803,1828
4177,3803,1828
4177,3803,1828
4177,3803,1828
4177,3803,1828
4177,3803,1828
4177,3803,1828
4178,3803,1829
4178,3804,1829
4178,3804,1829
4178,3804,1829
4178,3804,1829
4178,3804,1829
4178,3804,1829
4178,3804,1829
4178,3804,1829
4179,3804,1830
4179,3806,1830
4179,3806,1830
4179,3806,1830
4179,3806,1830
4179,3806,1830
4179,3806,1830
4179,3806,1830
4180,3806,1831
4180,3807,1831
4180,3807,1831
4180,3807,1831
4180,3807,1831
4180,3807,1831
4180,3807,1831
4180,3807,1831
4181,3807,1832
4181,3808,1832
4181,3808,1832
4181,3808,1832
4181,3808,1832
4181,3808,1832
4181,3808,1832
4181,3808,1832
4182,3808,1833
4182,3810,1833
4182,3810,1833
4182,3810,1833
4182,3810,1833
4182,3810,1833
4182,3810,1833
4182,3810,1833
4183,3810,1834
4183,3811,1834
4183,3811,1834
4183,3811,1834
4183,3811,1834
4183,3811,1834
4183,3811,1834
4184,3811,1835
4184,3813,1835
4184,3813,1835
4184,3813,1835
4184,3813,1835
4184,3813,1835
4184,3813,1835
4184,3813,1835
4185,3813,1836
4185,3814,1836
4185,3814,1836
4185,3814,1836
4185,3814,1836
4185,3814,1836
4185,3814,1836
4186,3814,1837
4186,3815,1837
4186,3815,1837
4186,3815,1837
4186,3815,1837
4186,3815,1837
4186,3815,1837
4186,3815,1837
4187,3815,1838
4187,3817,1838
4187,3817,1838
4187,3817,1838
4187,3817,1838
4187,3817,1838
4187,3817,1838
4188,3817,1839
4188,3818,1839
4188,3818,1839
4188,3818,1839
4188,3818,1839
4188,3818,1839
4188,3818,1839
4188,3818,1840
4189,3819,1840
4189,3819,1840
4189,3819,1840
4189,3819,1840
4189,3819,1840
4189,3819,1840
4189,3819,1840
4190,3819,1841
4190,3821,1841
4190,3821,1841
4190,3821,1841
4190,3821,1841
4190,3821,1841
4190,3821,1841
4190,3821,1841
4191,3821,1842
4191,3822,1842
4191,3822,1842
4191,3822,1842
4191,3822,1842
4191,3822,1842
4191,3822,1842
4191,3822,1842
4192,3823,1843
4192,3823,1843
4192,3823,1843
4192,3823,1843
4192,3823,1843
4192,3823,1843
4192,3823,1843
4193,3823,1844
4193,3825,1844
4193,3825,1844
4193,3825,1844
4193,3825,1844
4193,3825,1844
4193,3825,1844
4193,3825,1844
4194,3825,1845
4194,3826,1845
4194,3826,1845
4194,3826,1845
4194,3826,1845
4194,3826,1845
4194,3826,1845
4194,3826,1845
4194,3826,1845
4195,3827,1846
4195,3827,1846
4195,3827,1846
4195,3827,1846
4195,3827,1846
4195,3827,1846
4195,3827,1846
4195,3827,1847
4196,3829,1847
4196,3829,1847
4196,3829,1847
4196,3829,1847
4196,3829,1847
4196,3829,1847
4196,3829,1847
4196,3829,1847
4197,3829,1848
4197,3830,1848
4197,3830,1848
4197,3830,1848
4197,3830,1848
4197,3830,1848
4197,3830,1848
4197,3830,1848
4198,3830,1849
4198,3831,1849
4198,3831,1849
4198,3831,1849
4198,3831,1849
4198,3831,1849
4198,3831,1849
4198,3831,1849
4199,3831,1850
4199,3833,1850
4199,3833,1850
4199,3833,1850
4199,3833,1850
4199,3833,1850
4199,3833,1850
4199,3833,1850
4200,3833,1851
4200,3834,1851
4200,3834,1851
4200,3834,1851
4200,3834,1851
4200,3834,1851
4200,3834,1851
4200,3834,1851
4201,3834,1852
4201,3835,1852
4201,3835,1852
4201,3835,1852
4201,3835,1852
4201,3835,1852
4201,3835,1852
4201,3835,1852
4202,3835,1853
4202,3837,1853
4202,3837,1853
4202,3837,1853
4202,3837,1853
4202,3837,1853
4202,3837,1853
4202,3837,1853
4203,3837,1854
4203,3838,1854
4203,3838,1854
4203,3838,1854
4203,3838,1854
4203,3838,1854
4203,3838,1854
4203,3838,1854
4204,3838,1855
4204,3839,1855
4204,3839,1855
4204,3839,1855
4204,3839,1855
4204,3839,1855
4204,3839,1856
4205,3840,1856
4205,3840,1856
4205,3840,1856
4205,3840,1856
4205,3840,1856
4205,3840,1856
4205,3840,1856
4206,3840,1857
4206,3842,1857
4206,3842,1857
4206,3842,1857
4206,3842,1857
4206,3842,1857
4206,3842,1857
4206,3842,1857
4207,3842,1858
4207,3843,1858
4207,3843,1858
4207,3843,1858
4207,3843,1858
4207,3843,1858
4207,3843,1858
4207,3843,1858
4208,3843,1859
4208,3844,1859
4208,3844,1859
4208,3844,1859
4208,3844,1859
4208,3844,1859
4208,3844,1859
4208,3844,1859
4209,3846,1860
4209,3846,1860
4209,3846,1860
4209,3846,1860
4209,3846,1860
4209,3846,1860
4210,3846,1861
4210,3847,1861
4210,3847,1861
4210,3847,1861
4210,3847,1861
4210,3847,1861
4210,3847,1861
4210,3847,1861
4211,3847,1862
4211,3848,1862
4211,3848,1862
4211,3848,1862
4211,3848,1862
4211,3848,1862
4211,3848,1862
4212,3848,1863
4212,3849,1863
4212,3849,1863
4212,3849,1863
4212,3849,1863
4212,3849,1863
4212,3849,1863
4212,3849,1863
4213,3849,1864
4213,3851,1864
4213,3851,1864
4213,3851,1864
4213,3851,1864
4213,3851,1864
4213,3851,1864
4213,3851,1864
4214,3851,1865
4214,3852,1865
4214,3852,1865
4214,3852,1865
4214,3852,1865
4214,3852,1865
4214,3852,1865
4214,3852,1865
4214,3852,1865
4215,3852,1866
4215,3853,1866
4215,3853,1866
4215,3853,1866
4215,3853,1866
4215,3853,1866
4215,3853,1866
4215,3853,1866
4216,3853,1867
4216,3854,1867
4216,3854,1867
4216,3854,1867
4216,3854,1867
4216,3854,1867
4216,3854,1867
4217,3854,1868
4217,3856,1868
4217,3856,1868
4217,3856,1868
4217,3856,1868
4217,3856,1868
4217,3856,1868
4217,3856,1869
4218,3857,1869
4218,3857,1869
4218,3857,1869
4218,3857,1869
4218,3857,1869
4218,3857,1869
4218,3857,1869
4218,3857,1869
4219,3857,1870
4219,3858,1870
4219,3858,1870
4219,3858,1870
4219,3858,1870
4219,3858,1870
4219,3858,1870
4220,3858,1871
4220,3859,1871
4220,3859,1871
4220,3859,1871
4220,3859,1871
4220,3859,1871
4220,3859,1871
4220,3859,1871
4221,3859,1872
4221,3861,1872
4221,3861,1872
4221,3861,1872
4221,3861,1872
4221,3861,1872
4221,3861,1872
4221,3861,1872
4222,3861,1873
4222,3862,1873
4222,3862,1873
4222,3862,1873
4222,3862,1873
4222,3862,1873
4222,3862,1873
4222,3862,1873
4223,3862,1874
4223,3863,1874
4223,3863,1874
4223,3863,1874
4223,3863,1874
4223,3863,1874
4223,3863,1874
4223,3863,1874
4224,3863,1875
4224,3864,1875
4224,3864,1875
4224,3864,1875
4224,3864,1875
4224,3864,1875
4224,3864,1875
4225,3864,1876
4225,3866,1876
4225,3866,1876
4225,3866,1876
4225,3866,1876
4225,3866,1876
4225,3866,1876
4225,3866,1876
4226,3866,1877
4226,3867,1877
4226,3867,1877
4226,3867,1877
4226,3867,1877
4226,3867,1877
4226,3867,1877
4226,3867,1877
4227,3867,1878
4227,3868,1878
4227,3868,1878
4227,3868,1878
4227,3868,1878
4227,3868,1878
4227,3868,1878
4227,3868,1878
4228,3868,1879
4228,3869,1879
4228,3869,1879
4228,3869,1879
4228,3869,1879
4228,3869,1879
4228,3869,1879
4228,3869,1879
4229,3869,1880
4229,3871,1880
4229,3871,1880
4229,3871,1880
4229,3871,1880
4229,3871,1880
4229,3871,1880
4229,3871,1880
4230,3871,1881
4230,3872,1881
4230,3872,1881
4230,3872,1881
4230,3872,1881
4230,3872,1881
4230,3872,1881
4231,3872,1882
4231,3873,1882
4231,3873,1882
4231,3873,1882
4231,3873,1882
4231,3873,1882
4231,3873,1882
4231,3873,1882
4232,3873,1883
4232,3874,1883
4232,3874,1883
4232,3874,1883
4232,3874,1883
4232,3874,1883
4232,3874,1883
4232,3874,1883
4232,3874,1883
4233,3875,1884
4233,3875,1884
4233,3875,1884
4233,3875,1884
4233,3875,1884
4233,3875,1884
4233,3875,1884
4233,3875,1885
4234,3877,1885
4234,3877,1885
4234,3877,1885
4234,3877,1885
4234,3877,1885
4234,3877,1885
4234,3877,1885
4235,3877,1886
4235,3878,1886
4235,3878,1886
4235,3878,1886
4235,3878,1886
4235,3878,1886
4235,3878,1886
4235,3878,1886
4236,3878,1887
4236,3879,1887
4236,3879,1887
4236,3879,1887
4236,3879,1887
4236,3879,1887
4236,3879,1887
4236,3879,1887
4237,3879,1888
4237,3880,1888
4237,3880,1888
4237,3880,1888
4237,3880,1888
4237,3880,1888
4237,3880,1888
4237,3880,1888
4238,3880,1889
4238,3881,1889
4238,3881,1889
4238,3881,1889
4238,3881,1889
4238,3881,1889
4238,3881,1889
4238,3881,1889
4239,3881,1890
4239,3883,1890
4239,3883,1890
4239,3883,1890
4239,3883,1890
4239,3883,1890
4239,3883,1890
4239,3883,1890
4240,3883,1891
4240,3884,1891
4240,3884,1891
4240,3884,1891
4240,3884,1891
4240,3884,1891
4240,3884,1891
4240,3884,1891
4241,3884,1892
4241,3885,1892
4241,3885,1892
4241,3885,1892
4241,3885,1892
4241,3885,1892
4241,3885,1892
4241,3885,1892
4242,3885,1893
4242,3886,1893
4242,3886,1893
4242,3886,1893
4242,3886,1893
4242,3886,1893
4242,3886,1893
4242,3886,1893
4243,3886,1894
4243,3887,1894
4243,3887,1894
4243,3887,1894
4243,3887,1894
4243,3887,1894
4243,3887,1894
4244,3887,1895
4244,3888,1895
4244,3888,1895
4244,3888,1895
4244,3888,1895
4244,3888,1895
4244,3888,1895
4245,3888,1896
4245,3890,1896
4245,3890,1896
4245,3890,1896
4245,3890,1896
4245,3890,1896
4245,3890,1896
4245,3890,1896
4246,3890,1897
4246,3891,1897
4246,3891,1897
4246,3891,1897
4246,3891,1897
4246,3891,1897
4246,3891,1897
4247,3891,1898
4247,3892,1898
4247,3892,1898
4247,3892,1898
4247,3892,1898
4247,3892,1898
4247,3892,1898
4247,3892,1898
4248,3892,1899
4248,3893,1899
4248,3893,1899
4248,3893,1899
4248,3893,1899
4248,3893,1899
4248,3893,1899
4248,3893,1899
4248,3893,1899
4249,3893,1900
4249,3894,1900
4249,3894,1900
4249,3894,1900
4249,3894,1900
4249,3894,1900
4249,3894,1900
4249,3894,1900
4250,3894,1901
4250,3895,1901
4250,3895,1901
4250,3895,1901
4250,3895,1901
4250,3895,1901
4250,3895,1901
4250,3895,1901
4251,3895,1902
4251,3897,1902
4251,3897,1902
4251,3897,1902
4251,3897,1902
4251,3897,1902
4251,3897,1902
4251,3897,1902
4252,3897,1903
4252,3898,1903
4252,3898,1903
4252,3898,1903
4252,3898,1903
4252,3898,1903
4252,3898,1903
4252,3898,1903
4253,3898,1904
4253,3899,1904
4253,3899,1904
4253,3899,1904
4253,3899,1904
4253,3899,1904
4253,3899,1904
4253,3899,1904
4254,3899,1905
4254,3900,1905
4254,3900,1905
4254,3900,1905
4254,3900,1905
4254,3900,1905
4254,3900,1905
4254,3900,1905
4255,3900,1906
4255,3901,1906
4255,3901,1906
4255,3901,1906
4255,3901,1906
4255,3901,1906
4255,3901,1906
4255,3901,1906
4256,3901,1907
4256,3902,1907
4256,3902,1907
4256,3902,1907
4256,3902,1907
4256,3902,1907
4256,3902,1907
4257,3902,1908
4257,3903,1908
4257,3903,1908
4257,3903,1908
4257,3903,1908
4257,3903,1908
4257,3903,1908
4257,3903,1908
4258,3903,1909
4258,3904,1909
4258,3904,1909
4258,3904,1909
4258,3904,1909
4258,3904,1909
4258,3904,1909
4258,3904,1909
4259,3904,1910
4259,3906,1910
4259,3906,1910
4259,3906,1910
4259,3906,1910
4259,3906,1910
4259,3906,1910
4260,3906,1911
4260,3907,1911
4260,3907,1911
4260,3907,1911
4260,3907,1911
4260,3907,1911
4260,3907,1911
4260,3907,1911
4261,3907,1912
4261,3908,1912
4261,3908,1912
4261,3908,1912
4261,3908,1912
4261,3908,1912
4261,3908,1912
4261,3908,1912
4262,3908,1913
4262,3909,1913
4262,3909,1913
4262,3909,1913
4262,3909,1913
4262,3909,1913
4262,3909,1913
4262,3909,1913
4263,3909,1914
4263,3910,1914
4263,3910,1914
4263,3910,1914
4263,3910,1914
4263,3910,1914
4263,3910,1914
4263,3910,1914
4264,3910,1915
4264,3911,1915
4264,3911,1915
4264,3911,1915
4264,3911,1915
4264,3911,1915
4264,3911,1915
4264,3911,1915
4265,3911,1916
4265,3912,1916
4265,3912,1916
4265,3912,1916
4265,3912,1916
4265,3912,1916
4265,3912,1916
4265,3912,1916
4266,3912,1917
4266,3913,1917
4266,3913,1917
4266,3913,1917
4266,3913,1917
4266,3913,1917
4266,3913,1917
4266,3913,1917
4267,3913,1918
4267,3914,1918
4267,3914,1918
4267,3914,1918
4267,3914,1918
4267,3914,1918
4267,3914,1918
4267,3914,1918
4268,3914,1919
4268,3915,1919
4268,3915,1919
4268,3915,1919
4268,3915,1919
4268,3915,1919
4268,3915,1919
4268,3915,1919
4269,3915,1920
4269,3917,1920
4269,3917,1920
4269,3917,1920
4269,3917,1920
4269,3917,1920
4269,3917,1920
4269,3917,1920
4270,3918,1921
4270,3918,1921
4270,3918,1921
4270,3918,1921
4270,3918,1921
4270,3918,1921
4270,3918,1921
4271,3918,1922
4271,3919,1922
4271,3919,1922
4271,3919,1922
4271,3919,1922
4271,3919,1922
4271,3919,1922
4271,3919,1922
4272,3919,1923
4272,3920,1923
4272,3920,1923
4272,3920,1923
4272,3920,1923
4272,3920,1923
4272,3920,1923
4272,3920,1923
4273,3920,1924
4273,3921,1924
4273,3921,1924
4273,3921,1924
4273,3921,1924
4273,3921,1924
4273,3921,1924
4273,3921,1924
4274,3921,1925
4274,3922,1925
4274,3922,1925
4274,3922,1925
4274,3922,1925
4274,3922,1925
4274,3922,1925
4274,3922,1925
4275,3922,1926
4275,3923,1926
4275,3923,1926
4275,3923,1926
4275,3923,1926
4275,3923,1926
4275,3923,1926
4275,3923,1926
4276,3923,1927
4276,3924,1927
4276,3924,1927
4276,3924,1927
4276,3924,1927
4276,3924,1927
4276,3924,1927
4276,3924,1927
4277,3924,1928
4277,3925,1928
4277,3925,1928
4277,3925,1928
4277,3925,1928
4277,3925,1928
4277,3925,1928
4277,3925,1928
4278,3925,1929
4278,3926,1929
4278,3926,1929
4278,3926,1929
4278,3926,1929
4278,3926,1929
4278,3926,1929
4278,3926,1929
4279,3926,1930
4279,3927,1930
4279,3927,1930
4279,3927,1930
4279,3927,1930
4279,3927,1930
4279,3927,1930
4279,3927,1930
4279,3927,1930
4280,3927,1931
4280,3928,1931
4280,3928,1931
4280,3928,1931
4280,3928,1931
4280,3928,1931
4280,3928,1931
4280,3928,1931
4281,3928,1932
4281,3929,1932
4281,3929,1932
4281,3929,1932
4281,3929,1932
4281,3929,1932
4281,3929,1932
4281,3929,1932
4282,3929,1933
4282,3930,1933
4282,3930,1933
4282,3930,1933
4282,3930,1933
4282,3930,1933
4282,3930,1933
4282,3930,1933
4283,3930,1934
4283,3931,1934
4283,3931,1934
4283,3931,1934
4283,3931,1934
4283,3931,1934
4283,3931,1934
4283,3931,1934
4284,3931,1935
4284,3932,1935
4284,3932,1935
4284,3932,1935
4284,3932,1935
4284,3932,1935
4284,3932,1935
4284,3932,1935
4285,3932,1936
4285,3933,1936
4285,3933,1936
4285,3933,1936
4285,3933,1936
4285,3933,1936
4285,3933,1936
4285,3933,1936
4286,3933,1937
4286,3935,1937
4286,3935,1937
4286,3935,1937
4286,3935,1937
4286,3935,1937
4286,3935,1937
4286,3935,1937
4287,3935,1938
4287,3936,1938
4287,3936,1938
4287,3936,1938
4287,3936,1938
4287,3936,1938
4287,3936,1938
4287,3936,1938
4288,3936,1939
4288,3937,1939
4288,3937,1939
4288,3937,1939
4288,3937,1939
4288,3937,1939
4288,3937,1939
4288,3937,1939
4289,3937,1940
4289,3938,1940
4289,3938,1940
4289,3938,1940
4289,3938,1940
4289,3938,1940
4289,3938,1940
4289,3938,1940
4289,3938,1940
4290,3938,1941
4290,3939,1941
4290,3939,1941
4290,3939,1941
4290,3939,1941
4290,3939,1941
4290,3939,1941
4291,3939,1942
4291,3940,1942
4291,3940,1942
4291,3940,1942
4291,3940,1942
4291,3940,1942
4291,3940,1942
4291,3940,1942
4292,3940,1943
4292,3941,1943
4292,3941,1943
4292,3941,1943
4292,3941,1943
4292,3941,1943
4292,3941,1943
4292,3941,1943
4293,3941,1944
4293,3942,1944
4293,3942,1944
4293,3942,1944
4293,3942,1944
4293,3942,1944
4293,3942,1944
4293,3942,1944
4294,3942,1945
4294,3943,1945
4294,3943,1945
4294,3943,1945
4294,3943,1945
4294,3943,1945
4294,3943,1945
4294,3943,1946
4295,3944,1946
4295,3944,1946
4295,3944,1946
4295,3944,1946
4295,3944,1946
4295,3944,1946
4295,3944,1946
4296,3944,1947
4296,3945,1947
4296,3945,1947
4296,3945,1947
4296,3945,1947
4296,3945,1947
4296,3945,1947
4296,3945,1947
4297,3945,1948
4297,3946,1948
4297,3946,1948
4297,3946,1948
4297,3946,1948
4297,3946,1948
4297,3946,1948
4297,3946,1948
4298,3946,1949
4298,3947,1949
4298,3947,1949
4298,3947,1949
4298,3947,1949
4298,3947,1949
4298,3947,1949
4299,3947,1950
4299,3948,1950
4299,3948,1950
4299,3948,1950
4299,3948,1950
4299,3948,1950
4299,3948,1950
4299,3948,1950
4300,3948,1951
4300,3949,1951
4300,3949,1951
4300,3949,1951
4300,3949,1951
4300,3949,1951
4300,3949,1951
4300,3949,1951
4301,3949,1952
4301,3950,1952
4301,3950,1952
4301,3950,1952
4301,3950,1952
4301,3950,1952
4301,3950,1952
4301,3950,1952
4302,3950,1953
4302,3951,1953
4302,3951,1953
4302,3951,1953
4302,3951,1953
4302,3951,1953
4302,3951,1953
4303,3951,1954
4303,3952,1954
4303,3952,1954
4303,3952,1954
4303,3952,1954
4303,3952,1954
4303,3952,1954
4304,3952,1955
4304,3953,1955
4304,3953,1955
4304,3953,1955
4304,3953,1955
4304,3953,1955
4304,3953,1955
4305,3953,1956
4305,3953,1956
4305,3953,1956
4305,3953,1956
4305,3953,1956
4305,3953,1956
4305,3953,1956
4305,3953,1956
4306,3953,1957
4306,3954,1957
4306,3954,1957
4306,3954,1957
4306,3954,1957
4306,3954,1957
4306,3954,1957
4306,3954,1957
4307,3954,1958
4307,3955,1958
4307,3955,1958
4307,3955,1958
4307,3955,1958
4307,3955,1958
4307,3955,1958
4307,3955,1958
4308,3955,1959
4308,3956,1959
4308,3956,1959
4308,3956,1959
4308,3956,1959
4308,3956,1959
4308,3956,1959
4308,3956,1959
4308,3956,1959
4309,3957,1960
4309,3957,1960
4309,3957,1960
4309,3957,1960
4309,3957,1960
4309,3957,1960
4309,3957,1960
4310,3957,1961
4310,3958,1961
4310,3958,1961
4310,3958,1961
4310,3958,1961
4310,3958,1961
4310,3958,1961
4310,3958,1961
4311,3958,1962
4311,3959,1962
4311,3959,1962
4311,3959,1962
4311,3959,1962
4311,3959,1962
4311,3959,1962
4311,3959,1962
4312,3959,1963
4312,3960,1963
4312,3960,1963
4312,3960,1963
4312,3960,1963
4312,3960,1963
4312,3960,1963
4313,3960,1964
4313,3961,1964
4313,3961,1964
4313,3961,1964
4313,3961,1964
4313,3961,1964
4313,3961,1964
4313,3961,1964
4314,3961,1965
4314,3962,1965
4314,3962,1965
4314,3962,1965
4314,3962,1965
4314,3962,1965
4314,3962,1965
4314,3962,1965
4315,3962,1966
4315,3963,1966
4315,3963,1966
4315,3963,1966
4315,3963,1966
4315,3963,1966
4315,3963,1966
4315,3963,1966
4316,3964,1967
4316,3964,1967
4316,3964,1967
4316,3964,1967
4316,3964,1967
4316,3964,1967
4316,3964,1967
4317,3964,1968
4317,3965,1968
4317,3965,1968
4317,3965,1968
4317,3965,1968
4317,3965,1968
4317,3965,1968
4317,3965,1968
4318,3965,1969
4318,3966,1969
4318,3966,1969
4318,3966,1969
4318,3966,1969
4318,3966,1969
4318,3966,1969
4318,3966,1969
4319,3966,1970
4319,3967,1970
4319,3967,1970
4319,3967,1970
4319,3967,1970
4319,3967,1970
4319,3967,1970
4319,3967,1970
4320,3967,1971
4320,3968,1971
4320,3968,1971
4320,3968,1971
4320,3968,1971
4320,3968,1971
4320,3968,1971
4321,3968,1972
4321,3969,1972
4321,3969,1972
4321,3969,1972
4321,3969,1972
4321,3969,1972
4321,3969,1972
4321,3969,1972
4322,3969,1973
4322,3969,1973
4322,3969,1973
4322,3969,1973
4322,3969,1973
4322,3969,1973
4322,3969,1973
4322,3969,1973
4323,3969,1974
4323,3970,1974
4323,3970,1974
4323,3970,1974
4323,3970,1974
4323,3970,1974
4323,3970,1974
4323,3970,1974
4324,3970,1975
4324,3971,1975
4324,3971,1975
4324,3971,1975
4324,3971,1975
4324,3971,1975
4324,3971,1975
4325,3971,1976
4325,3972,1976
4325,3972,1976
4325,3972,1976
4325,3972,1976
4325,3972,1976
4325,3972,1976
4325,3972,1976
4325,3972,1976
4326,3973,1977
4326,3973,1977
4326,3973,1977
4326,3973,1977
4326,3973,1977
4326,3973,1977
4326,3973,1977
4326,3973,1977
4327,3973,1978
4327,3974,1978
4327,3974,1978
4327,3974,1978
4327,3974,1978
4327,3974,1978
4327,3974,1978
4327,3974,1978
4328,3975,1979
4328,3975,1979
4328,3975,1979
4328,3975,1979
4328,3975,1979
4328,3975,1979
4328,3975,1979
4328,3975,1979
4329,3975,1980
4329,3976,1980
4329,3976,1980
4329,3976,1980
4329,3976,1980
4329,3976,1980
4329,3976,1980
4329,3976,1980
4330,3976,1981
4330,3977,1981
4330,3977,1981
4330,3977,1981
4330,3977,1981
4330,3977,1981
4330,3977,1981
4330,3977,1981
4331,3977,1982
4331,3978,1982
4331,3978,1982
4331,3978,1982
4331,3978,1982
4331,3978,1982
4331,3978,1982
4331,3978,1982
4331,3978,1982
4332,3978,1983
4332,3978,1983
4332,3978,1983
4332,3978,1983
4332,3978,1983
4332,3978,1983
4332,3978,1983
4333,3978,1984
4333,3979,1984
4333,3979,1984
4333,3979,1984
4333,3979,1984
4333,3979,1984
4333,3979,1984
4334,3979,1985
4334,3980,1985
4334,3980,1985
4334,3980,1985
4334,3980,1985
4334,3980,1985
4334,3980,1985
4334,3980,1985
4335,3980,1986
4335,3981,1986
4335,3981,1986
4335,3981,1986
4335,3981,1986
4335,3981,1986
4335,3981,1986
4335,3981,1986
4336,3981,1987
4336,3982,1987
4336,3982,1987
4336,3982,1987
4336,3982,1987
4336,3982,1987
4336,3982,1987
4336,3982,1987
4337,3982,1988
4337,3983,1988
4337,3983,1988
4337,3983,1988
4337,3983,1988
4337,3983,1988
4337,3983,1988
4337,3983,1988
4338,3983,1989
4338,3984,1989
4338,3984,1989
4338,3984,1989
4338,3984,1989
4338,3984,1989
4338,3984,1989
4339,3984,1990
4339,3984,1990
4339,3984,1990
4339,3984,1990
4339,3984,1990
4339,3984,1990
4339,3984,1990
4339,3984,1990
4339,3984,1990
4340,3985,1991
4340,3985,1991
4340,3985,1991
4340,3985,1991
4340,3985,1991
4340,3985,1991
4340,3985,1991
4341,3985,1992
4341,3986,1992
4341,3986,1992
4341,3986,1992
4341,3986,1992
4341,3986,1992
4341,3986,1992
4341,3986,1992
4342,3986,1993
4342,3987,1993
4342,3987,1993
4342,3987,1993
4342,3987,1993
4342,3987,1993
4342,3987,1993
4342,3987,1993
4343,3987,1994
4343,3988,1994
4343,3988,1994
4343,3988,1994
4343,3988,1994
4343,3988,1994
4343,3988,1994
4343,3988,1994
4344,3988,1995
4344,3989,1995
4344,3989,1995
4344,3989,1995
4344,3989,1995
4344,3989,1995
4344,3989,1995
4344,3989,1995
4345,3989,1996
4345,3990,1996
4345,3990,1996
4345,3990,1996
4345,3990,1996
4345,3990,1996
4345,3990,1996
4346,3990,1997
4346,3990,1997
4346,3990,1997
4346,3990,1997
4346,3990,1997
4346,3990,1997
4346,3990,1997
4346,3990,1997
4347,3990,1998
4347,3991,1998
4347,3991,1998
4347,3991,1998
4347,3991,1998
4347,3991,1998
4347,3991,1998
4347,3991,1998
4348,3991,1999
4348,3992,1999
4348,3992,1999
4348,3992,1999
4348,3992,1999
4348,3992,1999
4348,3992,1999
4348,3992,1999
4349,3992,2000
4349,3993,2000
4349,3993,2000
4349,3993,2000
4349,3993,2000
4349,3993,2000
4349,3993,2000
4349,3993,2000
4350,3993,2001
4350,3994,2001
4350,3994,2001
4350,3994,2001
4350,3994,2001
4350,3994,2001
4350,3994,2001
4351,3994,2002
4351,3994,2002
4351,3994,2002
4351,3994,2002
4351,3994,2002
4351,3994,2002
4351,3994,2002
4351,3994,2002
4352,3994,2003
4352,3995,2003
4352,3995,2003
4352,3995,2003
4352,3995,2003
4352,3995,2003
4352,3995,2003
4353,3995,2004
4353,3996,2004
4353,3996,2004
4353,3996,2004
4353,3996,2004
4353,3996,2004
4353,3996,2004
4353,3996,2004
4354,3996,2005
4354,3997,2005
4354,3997,2005
4354,3997,2005
4354,3997,2005
4354,3997,2005
4354,3997,2005
4354,3997,2005
4355,3997,2006
4355,3998,2006
4355,3998,2006
4355,3998,2006
4355,3998,2006
4355,3998,2006
4355,3998,2006
4356,3998,2007
4356,3999,2007
4356,3999,2007
4356,3999,2007
4356,3999,2007
4356,3999,2007
4356,3999,2007
4357,3999,2008
4357,3999,2008
4357,3999,2008
4357,3999,2008
4357,3999,2008
4357,3999,2008
4357,3999,2008
4357,3999,2008
4358,3999,2009
4358,4000,2009
4358,4000,2009
4358,4000,2009
4358,4000,2009
4358,4000,2009
4358,4000,2009
4359,4000,2010
4359,4001,2010
4359,4001,2010
4359,4001,2010
4359,4001,2010
4359,4001,2010
4359,4001,2010
4360,4001,2011
4360,4002,2011
4360,4002,2011
4360,4002,2011
4360,4002,2011
4360,4002,2011
4360,4002,2011
4361,4002,2012
4361,4002,2012
4361,4002,2012
4361,4002,2012
4361,4002,2012
4361,4002,2012
4361,4002,2012
4361,4002,2012
4362,4002,2013
4362,4003,2013
4362,4003,2013
4362,4003,2013
4362,4003,2013
4362,4003,2013
4362,4003,2013
4362,4003,2013
4362,4003,2014
4363,4004,2014
4363,4004,2014
4363,4004,2014
4363,4004,2014
4363,4004,2014
4363,4004,2014
4363,4004,2014
4363,4004,2014
4364,4004,2015
4364,4005,2015
4364,4005,2015
4364,4005,2015
4364,4005,2015
4364,4005,2015
4364,4005,2015
4365,4005,2016
4365,4006,2016
4365,4006,2016
4365,4006,2016
4365,4006,2016
4365,4006,2016
4365,4006,2016
4366,4006,2017
4366,4006,2017
4366,4006,2017
4366,4006,2017
4366,4006,2017
4366,4006,2017
4366,4006,2017
4366,4006,2017
4367,4006,2018
4367,4007,2018
4367,4007,2018
4367,4007,2018
4367,4007,2018
4367,4007,2018
4367,4007,2018
4367,4007,2018
4368,4007,2019
4368,4008,2019
4368,4008,2019
4368,4008,2019
4368,4008,2019
4368,4008,2019
4368,4008,2019
4368,4008,2019
4369,4008,2020
4369,4009,2020
4369,4009,2020
4369,4009,2020
4369,4009,2020
4369,4009,2020
4369,4009,2020
4370,4009,2021
4370,4009,2021
4370,4009,2021
4370,4009,2021
4370,4009,2021
4370,4009,2021
4370,4009,2021
4370,4009,2021
4371,4009,2022
4371,4010,2022
4371,4010,2022
4371,4010,2022
4371,4010,2022
4371,4010,2022
4371,4010,2022
4371,4010,2022
4372,4010,2023
4372,4011,2023
4372,4011,2023
4372,4011,2023
4372,4011,2023
4372,4011,2023
4372,4011,2023
4372,4011,2023
4373,4011,2024
4373,4012,2024
4373,4012,2024
4373,4012,2024
4373,4012,2024
4373,4012,2024
4373,4012,2024
4373,4012,2024
4374,4012,2025
4374,4012,2025
4374,4012,2025
4374,4012,2025
4374,4012,2025
4374,4012,2025
4374,4012,2025
4374,4012,2025
4375,4012,2026
4375,4013,2026
4375,4013,2026
4375,4013,2026
4375,4013,2026
4375,4013,2026
4375,4013,2026
4375,4013,2026
4376,4013,2027
4376,4014,2027
4376,4014,2027
4376,4014,2027
4376,4014,2027
4376,4014,2027
4376,4014,2027
4376,4014,2027
4377,4014,2028
4377,4015,2028
4377,4015,2028
4377,4015,2028
4377,4015,2028
4377,4015,2028
4377,4015,2028
4377,4015,2028
4378,4015,2029
4378,4015,2029
4378,4015,2029
4378,4015,2029
4378,4015,2029
4378,4015,2029
4378,4015,2029
4378,4015,2029
4379,4015,2030
4379,4016,2030
4379,4016,2030
4379,4016,2030
4379,4016,2030
4379,4016,2030
4379,4016,2030
4379,4016,2030
4380,4016,2031
4380,4017,2031
4380,4017,2031
4380,4017,2031
4380,4017,2031
4380,4017,2031
4380,4017,2031
4380,4017,2031
4381,4017,2032
4381,4017,2032
4381,4017,2032
4381,4017,2032
4381,4017,2032
4381,4017,2032
4381,4017,2032
4381,4017,2032
4382,4017,2033
4382,4018,2033
4382,4018,2033
4382,4018,2033
4382,4018,2033
4382,4018,2033
4382,4018,2033
4382,4018,2033
4382,4018,2034
4383,4019,2034
4383,4019,2034
4383,4019,2034
4383,4019,2034
4383,4019,2034
4383,4019,2034
4383,4019,2034
4383,4019,2034
4384,4019,2035
4384,4020,2035
4384,4020,2035
4384,4020,2035
4384,4020,2035
4384,4020,2035
4384,4020,2035
4384,4020,2035
4385,4020,2036
4385,4020,2036
4385,4020,2036
4385,4020,2036
4385,4020,2036
4385,4020,2036
4385,4020,2036
4385,4020,2036
4386,4020,2037
4386,4021,2037
4386,4021,2037
4386,4021,2037
4386,4021,2037
4386,4021,2037
4386,4021,2037
4386,4021,2037
4387,4021,2038
4387,4022,2038
4387,4022,2038
4387,4022,2038
4387,4022,2038
4387,4022,2038
4387,4022,2038
4388,4022,2039
4388,4022,2039
4388,4022,2039
4388,4022,2039
4388,4022,2039
4388,4022,2039
4388,4022,2039
4388,4022,2039
4389,4022,2040
4389,4023,2040
4389,4023,2040
4389,4023,2040
4389,4023,2040
4389,4023,2040
4389,4023,2040
4389,4023,2040
4390,4023,2041
4390,4024,2041
4390,4024,2041
4390,4024,2041
4390,4024,2041
4390,4024,2041
4390,4024,2041
4390,4024,2041
4391,4024,2042
4391,4024,2042
4391,4024,2042
4391,4024,2042
4391,4024,2042
4391,4024,2042
4391,4024,2042
4391,4024,2042
4392,4024,2043
4392,4025,2043
4392,4025,2043
4392,4025,2043
4392,4025,2043
4392,4025,2043
4392,4025,2043
4392,4025,2043
4393,4025,2044
4393,4026,2044
4393,4026,2044
4393,4026,2044
4393,4026,2044
4393,4026,2044
4393,4026,2044
4393,4026,2044
4394,4026,2045
4394,4027,2045
4394,4027,2045
4394,4027,2045
4394,4027,2045
4394,4027,2045
4394,4027,2045
4394,4027,2045
4395,4027,2046
4395,4027,2046
4395,4027,2046
4395,4027,2046
4395,4027,2046
4395,4027,2046
4395,4027,2046
4395,4027,2046
4396,4027,2047
4396,4028,2047
4396,4028,2047
4396,4028,2047
4396,4028,2047
4396,4028,2047
4396,4028,2047
4397,4028,2048
4397,4029,2048
4397,4029,2048
4397,4029,2048
4397,4029,2048
4397,4029,2048
4397,4029,2048
4397,4029,2048
4398,4029,2049
4398,4029,2049
4398,4029,2049
4398,4029,2049
4398,4029,2049
4398,4029,2049
4398,4029,2049
4399,4029,2050
4399,4030,2050
4399,4030,2050
4399,4030,2050
4399,4030,2050
4399,4030,2050
4399,4030,2050
4400,4030,2051
4400,4031,2051
4400,4031,2051
4400,4031,2051
4400,4031,2051
4400,4031,2051
4400,4031,2051
4401,4031,2052
4401,4031,2052
4401,4031,2052
4401,4031,2052
4401,4031,2052
4401,4031,2052
4401,4031,2052
4401,4031,2052
4402,4031,2053
4402,4032,2053
4402,4032,2053
4402,4032,2053
4402,4032,2053
4402,4032,2053
4402,4032,2053
4403,4032,2054
4403,4032,2054
4403,4032,2054
4403,4032,2054
4403,4032,2054
4403,4032,2054
4403,4032,2054
4403,4032,2054
4404,4032,2055
4404,4033,2055
4404,4033,2055
4404,4033,2055
4404,4033,2055
4404,4033,2055
4404,4033,2055
4404,4033,2055
4405,4033,2056
4405,4034,2056
4405,4034,2056
4405,4034,2056
4405,4034,2056
4405,4034,2056
4405,4034,2056
4406,4034,2057
4406,4034,2057
4406,4034,2057
4406,4034,2057
4406,4034,2057
4406,4034,2057
4406,4034,2057
4406,4034,2057
4407,4034,2058
4407,4035,2058
4407,4035,2058
4407,4035,2058
4407,4035,2058
4407,4035,2058
4407,4035,2058
4407,4035,2058
4408,4035,2059
4408,4036,2059
4408,4036,2059
4408,4036,2059
4408,4036,2059
4408,4036,2059
4408,4036,2059
4408,4036,2059
4409,4036,2060
4409,4036,2060
4409,4036,2060
4409,4036,2060
4409,4036,2060
4409,4036,2060
4409,4036,2060
4409,4036,2060
4410,4036,2061
4410,4037,2061
4410,4037,2061
4410,4037,2061
4410,4037,2061
4410,4037,2061
4410,4037,2061
4410,4037,2061
4411,4037,2062
4411,4038,2062
4411,4038,2062
4411,4038,2062
4411,4038,2062
4411,4038,2062
4411,4038,2062
4411,4038,2062
4412,4038,2063
4412,4038,2063
4412,4038,2063
4412,4038,2063
4412,4038,2063
4412,4038,2063
4412,4038,2063
4412,4038,2064
4413,4039,2064
4413,4039,2064
4413,4039,2064
4413,4039,2064
4413,4039,2064
4413,4039,2064
4413,4039,2064
4414,4039,2065
4414,4039,2065
4414,4039,2065
4414,4039,2065
4414,4039,2065
4414,4039,2065
4414,4039,2065
4414,4039,2065
4415,4039,2066
4415,4040,2066
4415,4040,2066
4415,4040,2066
4415,4040,2066
4415,4040,2066
4415,4040,2066
4415,4040,2066
4416,4040,2067
4416,4041,2067
4416,4041,2067
4416,4041,2067
4416,4041,2067
4416,4041,2067
4416,4041,2067
4417,4041,2068
4417,4041,2068
4417,4041,2068
4417,4041,2068
4417,4041,2068
4417,4041,2068
4417,4041,2068
4417,4041,2068
4418,4041,2069
4418,4042,2069
4418,4042,2069
4418,4042,2069
4418,4042,2069
4418,4042,2069
4418,4042,2069
4418,4042,2069
4419,4042,2070
4419,4042,2070
4419,4042,2070
4419,4042,2070
4419,4042,2070
4419,4042,2070
4419,4042,2070
4419,4042,2070
4420,4042,2071
4420,4043,2071
4420,4043,2071
4420,4043,2071
4420,4043,2071
4420,4043,2071
4420,4043,2071
4420,4043,2071
4421,4043,2072
4421,4044,2072
4421,4044,2072
4421,4044,2072
4421,4044,2072
4421,4044,2072
4421,4044,2072
4421,4044,2072
4422,4044,2073
4422,4044,2073
4422,4044,2073
4422,4044,2073
4422,4044,2073
4422,4044,2073
4422,4044,2073
4423,4044,2074
4423,4045,2074
4423,4045,2074
4423,4045,2074
4423,4045,2074
4423,4045,2074
4423,4045,2074
4423,4045,2074
4424,4045,2075
4424,4045,2075
4424,4045,2075
4424,4045,2075
4424,4045,2075
4424,4045,2075
4424,4045,2075
4424,4045,2075
4425,4045,2076
4425,4046,2076
4425,4046,2076
4425,4046,2076
4425,4046,2076
4425,4046,2076
4425,4046,2076
4425,4046,2076
4426,4046,2077
4426,4046,2077
4426,4046,2077
4426,4046,2077
4426,4046,2077
4426,4046,2077
4426,4046,2077
4427,4046,2078
4427,4047,2078
4427,4047,2078
4427,4047,2078
4427,4047,2078
4427,4047,2078
4427,4047,2078
4428,4047,2079
4428,4048,2079
4428,4048,2079
4428,4048,2079
4428,4048,2079
4428,4048,2079
4428,4048,2079
4429,4048,2080
4429,4048,2080
4429,4048,2080
4429,4048,2080
4429,4048,2080
4429,4048,2080
4429,4048,2080
4430,4048,2081
4430,4049,2081
4430,4049,2081
4430,4049,2081
4430,4049,2081
4430,4049,2081
4430,4049,2081
4430,4049,2081
4431,4049,2082
4431,4049,2082
4431,4049,2082
4431,4049,2082
4431,4049,2082
4431,4049,2082
4431,4049,2082
4432,4049,2083
4432,4050,2083
4432,4050,2083
4432,4050,2083
4432,4050,2083
4432,4050,2083
4432,4050,2083
4432,4050,2083
4433,4050,2084
4433,4050,2084
4433,4050,2084
4433,4050,2084
4433,4050,2084
4433,4050,2084
4433,4050,2084
4434,4050,2085
4434,4051,2085
4434,4051,2085
4434,4051,2085
4434,4051,2085
4434,4051,2085
4434,4051,2085
4435,4051,2086
4435,4051,2086
4435,4051,2086
4435,4051,2086
4435,4051,2086
4435,4051,2086
4435,4051,2086
4435,4051,2086
4436,4051,2087
4436,4052,2087
4436,4052,2087
4436,4052,2087
4436,4052,2087
4436,4052,2087
4436,4052,2087
4436,4052,2087
4437,4052,2088
4437,4053,2088
4437,4053,2088
4437,4053,2088
4437,4053,2088
4437,4053,2088
4437,4053,2088
4437,4053,2088
4438,4053,2089
4438,4053,2089
4438,4053,2089
4438,4053,2089
4438,4053,2089
4438,4053,2089
4438,4053,2089
4438,4053,2089
4439,4053,2090
4439,4054,2090
4439,4054,2090
4439,4054,2090
4439,4054,2090
4439,4054,2090
4439,4054,2090
4439,4054,2090
4440,4054,2091
4440,4054,2091
4440,4054,2091
4440,4054,2091
4440,4054,2091
4440,4054,2091
4440,4054,2091
4440,4054,2091
4441,4054,2092
4441,4055,2092
4441,4055,2092
4441,4055,2092
4441,4055,2092
4441,4055,2092
4441,4055,2092
4442,4055,2093
4442,4055,2093
4442,4055,2093
4442,4055,2093
4442,4055,2093
4442,4055,2093
4442,4055,2093
4443,4055,2094
4443,4056,2094
4443,4056,2094
4443,4056,2094
4443,4056,2094
4443,4056,2094
4443,4056,2094
4443,4056,2094
4444,4056,2095
4444,4056,2095
4444,4056,2095
4444,4056,2095
4444,4056,2095
4444,4056,2095
4444,4056,2095
4444,4056,2095
4445,4056,2096
4445,4057,2096
4445,4057,2096
4445,4057,2096
4445,4057,2096
4445,4057,2096
4445,4057,2096
4445,4057,2096
4446,4057,2097
4446,4057,2097
4446,4057,2097
4446,4057,2097
4446,4057,2097
4446,4057,2097
4446,4057,2097
4446,4057,2097
4447,4057,2098
4447,4058,2098
4447,4058,2098
4447,4058,2098
4447,4058,2098
4447,4058,2098
4447,4058,2098
4447,4058,2098
4448,4058,2099
4448,4058,2099
4448,4058,2099
4448,4058,2099
4448,4058,2099
4448,4058,2099
4448,4058,2099
4448,4058,2099
4449,4058,2100
4449,4059,2100
4449,4059,2100
4449,4059,2100
4449,4059,2100
4449,4059,2100
4449,4059,2100
4450,4059,2101
4450,4059,2101
4450,4059,2101
4450,4059,2101
4450,4059,2101
4450,4059,2101
4450,4059,2101
4450,4059,2101
4451,4059,2102
4451,4060,2102
4451,4060,2102
4451,4060,2102
4451,4060,2102
4451,4060,2102
4451,4060,2102
4451,4060,2102
4452,4060,2103
4452,4060,2103
4452,4060,2103
4452,4060,2103
4452,4060,2103
4452,4060,2103
4452,4060,2103
4452,4060,2103
4453,4060,2104
4453,4061,2104
4453,4061,2104
4453,4061,2104
4453,4061,2104
4453,4061,2104
4453,4061,2104
4453,4061,2104
4454,4061,2105
4454,4061,2105
4454,4061,2105
4454,4061,2105
4454,4061,2105
4454,4061,2105
4455,4061,2106
4455,4062,2106
4455,4062,2106
4455,4062,2106
4455,4062,2106
4455,4062,2106
4455,4062,2106
4455,4062,2106
4456,4062,2107
4456,4062,2107
4456,4062,2107
4456,4062,2107
4456,4062,2107
4456,4062,2107
4456,4062,2107
4456,4062,2107
4457,4062,2108
4457,4063,2108
4457,4063,2108
4457,4063,2108
4457,4063,2108
4457,4063,2108
4457,4063,2108
4458,4063,2109
4458,4063,2109
4458,4063,2109
4458,4063,2109
4458,4063,2109
4458,4063,2109
4458,4063,2109
4458,4063,2109
4459,4063,2110
4459,4063,2110
4459,4063,2110
4459,4063,2110
4459,4063,2110
4459,4063,2110
4459,4063,2110
4459,4063,2110
4460,4063,2111
4460,4064,2111
4460,4064,2111
4460,4064,2111
4460,4064,2111
4460,4064,2111
4460,4064,2111
4460,4064,2111
4461,4064,2112
4461,4064,2112
4461,4064,2112
4461,4064,2112
4461,4064,2112
4461,4064,2112
4461,4064,2112
4461,4064,2112
4462,4064,2113
4462,4065,2113
4462,4065,2113
4462,4065,2113
4462,4065,2113
4462,4065,2113
4462,4065,2113
4462,4065,2113
4463,4065,2114
4463,4065,2114
4463,4065,2114
4463,4065,2114
4463,4065,2114
4463,4065,2114
4463,4065,2114
4464,4065,2115
4464,4066,2115
4464,4066,2115
4464,4066,2115
4464,4066,2115
4464,4066,2115
4464,4066,2115
4464,4066,2115
4465,4066,2116
4465,4066,2116
4465,4066,2116
4465,4066,2116
4465,4066,2116
4465,4066,2116
4465,4066,2116
4465,4066,2116
4465,4066,2116
4466,4066,2117
4466,4067,2117
4466,4067,2117
4466,4067,2117
4466,4067,2117
4466,4067,2117
4466,4067,2117
4466,4067,2117
4467,4067,2118
4467,4067,2118
4467,4067,2118
4467,4067,2118
4467,4067,2118
4467,4067,2118
4467,4067,2118
4467,4067,2118
4468,4067,2119
4468,4067,2119
4468,4067,2119
4468,4067,2119
4468,4067,2119
4468,4067,2119
4468,4067,2119
4469,4067,2120
4469,4068,2120
4469,4068,2120
4469,4068,2120
4469,4068,2120
4469,4068,2120
4469,4068,2120
4469,4068,2120
4470,4068,2121
4470,4068,2121
4470,4068,2121
4470,4068,2121
4470,4068,2121
4470,4068,2121
4470,4068,2121
4470,4068,2121
4471,4068,2122
4471,4069,2122
4471,4069,2122
4471,4069,2122
4471,4069,2122
4471,4069,2122
4471,4069,2122
4471,4069,2122
4472,4069,2123
4472,4069,2123
4472,4069,2123
4472,4069,2123
4472,4069,2123
4472,4069,2123
4472,4069,2123
4472,4069,2123
4473,4069,2124
4473,4070,2124
4473,4070,2124
4473,4070,2124
4473,4070,2124
4473,4070,2124
4473,4070,2124
4473,4070,2124
4474,4070,2125
4474,4070,2125
4474,4070,2125
4474,4070,2125
4474,4070,2125
4474,4070,2125
4474,4070,2125
4475,4070,2126
4475,4070,2126
4475,4070,2126
4475,4070,2126
4475,4070,2126
4475,4070,2126
4475,4070,2126
4475,4070,2126
4476,4070,2127
4476,4071,2127
4476,4071,2127
4476,4071,2127
4476,4071,2127
4476,4071,2127
4476,4071,2127
4476,4071,2127
4476,4071,2127
4477,4071,2128
4477,4071,2128
4477,4071,2128
4477,4071,2128
4477,4071,2128
4477,4071,2128
4477,4071,2128
4477,4071,2128
4478,4071,2129
4478,4072,2129
4478,4072,2129
4478,4072,2129
4478,4072,2129
4478,4072,2129
4478,4072,2129
4478,4072,2129
4479,4072,2130
4479,4072,2130
4479,4072,2130
4479,4072,2130
4479,4072,2130
4479,4072,2130
4479,4072,2130
4479,4072,2130
4480,4072,2131
4480,4072,2131
4480,4072,2131
4480,4072,2131
4480,4072,2131
4480,4072,2131
4480,4072,2131
4481,4072,2132
4481,4073,2132
4481,4073,2132
4481,4073,2132
4481,4073,2132
4481,4073,2132
4481,4073,2132
4481,4073,2132
4482,4073,2133
4482,4073,2133
4482,4073,2133
4482,4073,2133
4482,4073,2133
4482,4073,2133
4482,4073,2133
4482,4073,2133
4483,4073,2134
4483,4074,2134
4483,4074,2134
4483,4074,2134
4483,4074,2134
4483,4074,2134
4483,4074,2134
4484,4074,2135
4484,4074,2135
4484,4074,2135
4484,4074,2135
4484,4074,2135
4484,4074,2135
4484,4074,2135
4484,4074,2135
4485,4074,2136
4485,4074,2136
4485,4074,2136
4485,4074,2136
4485,4074,2136
4485,4074,2136
4485,4074,2136
4485,4074,2136
4486,4075,2137
4486,4075,2137
4486,4075,2137
4486,4075,2137
4486,4075,2137
4486,4075,2137
4486,4075,2137
4487,4075,2138
4487,4075,2138
4487,4075,2138
4487,4075,2138
4487,4075,2138
4487,4075,2138
4487,4075,2138
4487,4075,2138
4488,4075,2139
4488,4075,2139
4488,4075,2139
4488,4075,2139
4488,4075,2139
4488,4075,2139
4488,4075,2139
4488,4075,2139
4489,4075,2140
4489,4076,2140
4489,4076,2140
4489,4076,2140
4489,4076,2140
4489,4076,2140
4489,4076,2140
4490,4076,2141
4490,4076,2141
4490,4076,2141
4490,4076,2141
4490,4076,2141
4490,4076,2141
4490,4076,2141
4491,4076,2142
4491,4077,2142
4491,4077,2142
4491,4077,2142
4491,4077,2142
4491,4077,2142
4491,4077,2142
4491,4077,2142
4492,4077,2143
4492,4077,2143
4492,4077,2143
4492,4077,2143
4492,4077,2143
4492,4077,2143
4492,4077,2143
4492,4077,2143
4493,4077,2144
4493,4077,2144
4493,4077,2144
4493,4077,2144
4493,4077,2144
4493,4077,2144
4493,4077,2144
4493,4077,2144
4494,4077,2145
4494,4078,2145
4494,4078,2145
4494,4078,2145
4494,4078,2145
4494,4078,2145
4494,4078,2145
4494,4078,2145
4495,4078,2146
4495,4078,2146
4495,4078,2146
4495,4078,2146
4495,4078,2146
4495,4078,2146
4495,4078,2146
4496,4078,2147
4496,4078,2147
4496,4078,2147
4496,4078,2147
4496,4078,2147
4496,4078,2147
4497,4078,2148
4497,4079,2148
4497,4079,2148
4497,4079,2148
4497,4079,2148
4497,4079,2148
4497,4079,2148
4498,4079,2149
4498,4079,2149
4498,4079,2149
4498,4079,2149
4498,4079,2149
4498,4079,2149
4498,4079,2149
4498,4079,2149
4499,4079,2150
4499,4079,2150
4499,4079,2150
4499,4079,2150
4499,4079,2150
4499,4079,2150
4499,4079,2150
4499,4079,2150
4500,4079,2151
4500,4080,2151
4500,4080,2151
4500,4080,2151
4500,4080,2151
4500,4080,2151
4500,4080,2151
4500,4080,2151
4501,4080,2152
4501,4080,2152
4501,4080,2152
4501,4080,2152
4501,4080,2152
4501,4080,2152
4501,4080,2152
4501,4080,2152
4501,4080,2153
4502,4080,2153
4502,4080,2153
4502,4080,2153
4502,4080,2153
4502,4080,2153
4502,4080,2153
4502,4080,2153
4502,4080,2153
4503,4080,2154
4503,4081,2154
4503,4081,2154
4503,4081,2154
4503,4081,2154
4503,4081,2154
4503,4081,2154
4503,4081,2154
4504,4081,2155
4504,4081,2155
4504,4081,2155
4504,4081,2155
4504,4081,2155
4504,4081,2155
4504,4081,2155
4504,4081,2155
4505,4081,2156
4505,4081,2156
4505,4081,2156
4505,4081,2156
4505,4081,2156
4505,4081,2156
4505,4081,2156
4505,4081,2156
4506,4081,2157
4506,4082,2157
4506,4082,2157
4506,4082,2157
4506,4082,2157
4506,4082,2157
4506,4082,2157
4506,4082,2157
4507,4082,2158
4507,4082,2158
4507,4082,2158
4507,4082,2158
4507,4082,2158
4507,4082,2158
4507,4082,2158
4507,4082,2158
4508,4082,2159
4508,4082,2159
4508,4082,2159
4508,4082,2159
4508,4082,2159
4508,4082,2159
4508,4082,2159
4508,4082,2159
4509,4082,2160
4509,4082,2160
4509,4082,2160
4509,4082,2160
4509,4082,2160
4509,4082,2160
4509,4082,2160
4509,4082,2160
4510,4082,2161
4510,4083,2161
4510,4083,2161
4510,4083,2161
4510,4083,2161
4510,4083,2161
4510,4083,2161
4510,4083,2161
4511,4083,2162
4511,4083,2162
4511,4083,2162
4511,4083,2162
4511,4083,2162
4511,4083,2162
4511,4083,2162
4512,4083,2163
4512,4083,2163
4512,4083,2163
4512,4083,2163
4512,4083,2163
4512,4083,2163
4512,4083,2163
4512,4083,2163
4513,4083,2164
4513,4084,2164
4513,4084,2164
4513,4084,2164
4513,4084,2164
4513,4084,2164
4513,4084,2164
4513,4084,2164
4514,4084,2165
4514,4084,2165
4514,4084,2165
4514,4084,2165
4514,4084,2165
4514,4084,2165
4514,4084,2165
4514,4084,2165
4515,4084,2166
4515,4084,2166
4515,4084,2166
4515,4084,2166
4515,4084,2166
4515,4084,2166
4515,4084,2166
4515,4084,2166
4516,4084,2167
4516,4084,2167
4516,4084,2167
4516,4084,2167
4516,4084,2167
4516,4084,2167
4516,4084,2167
4516,4084,2167
4517,4084,2168
4517,4085,2168
4517,4085,2168
4517,4085,2168
4517,4085,2168
4517,4085,2168
4517,4085,2168
4517,4085,2168
4517,4085,2168
4518,4085,2169
4518,4085,2169
4518,4085,2169
4518,4085,2169
4518,4085,2169
4518,4085,2169
4518,4085,2169
4518,4085,2169
4519,4085,2170
4519,4085,2170
4519,4085,2170
4519,4085,2170
4519,4085,2170
4519,4085,2170
4519,4085,2170
4519,4085,2170
4520,4085,2171
4520,4086,2171
4520,4086,2171
4520,4086,2171
4520,4086,2171
4520,4086,2171
4520,4086,2171
4520,4086,2171
4521,4086,2172
4521,4086,2172
4521,4086,2172
4521,4086,2172
4521,4086,2172
4521,4086,2172
4521,4086,2172
4521,4086,2172
4522,4086,2173
4522,4086,2173
4522,4086,2173
4522,4086,2173
4522,4086,2173
4522,4086,2173
4522,4086,2173
4522,4086,2173
4522,4086,2174
4523,4086,2174
4523,4086,2174
4523,4086,2174
4523,4086,2174
4523,4086,2174
4523,4086,2174
4523,4086,2174
4523,4086,2174
4524,4086,2175
4524,4087,2175
4524,4087,2175
4524,4087,2175
4524,4087,2175
4524,4087,2175
4524,4087,2175
4524,4087,2175
4525,4087,2176
4525,4087,2176
4525,4087,2176
4525,4087,2176
4525,4087,2176
4525,4087,2176
4525,4087,2176
4525,4087,2176
4526,4087,2177
4526,4087,2177
4526,4087,2177
4526,4087,2177
4526,4087,2177
4526,4087,2177
4526,4087,2177
4526,4087,2177
4527,4087,2178
4527,4087,2178
4527,4087,2178
4527,4087,2178
4527,4087,2178
4527,4087,2178
4527,4087,2178
4527,4087,2178
4528,4087,2179
4528,4088,2179
4528,4088,2179
4528,4088,2179
4528,4088,2179
4528,4088,2179
4528,4088,2179
4528,4088,2179
4529,4088,2180
4529,4088,2180
4529,4088,2180
4529,4088,2180
4529,4088,2180
4529,4088,2180
4529,4088,2180
4529,4088,2180
4530,4088,2181
4530,4088,2181
4530,4088,2181
4530,4088,2181
4530,4088,2181
4530,4088,2181
4530,4088,2181
4530,4088,2181
4531,4088,2182
4531,4088,2182
4531,4088,2182
4531,4088,2182
4531,4088,2182
4531,4088,2182
4531,4088,2182
4531,4088,2182
4531,4088,2182
4532,4088,2183
4532,4088,2183
4532,4088,2183
4532,4088,2183
4532,4088,2183
4532,4088,2183
4532,4088,2183
4532,4088,2184
4533,4089,2184
4533,4089,2184
4533,4089,2184
4533,4089,2184
4533,4089,2184
4533,4089,2184
4533,4089,2184
4534,4089,2185
4534,4089,2185
4534,4089,2185
4534,4089,2185
4534,4089,2185
4534,4089,2185
4534,4089,2185
4534,4089,2185
4535,4089,2186
4535,4089,2186
4535,4089,2186
4535,4089,2186
4535,4089,2186
4535,4089,2186
4535,4089,2186
4535,4089,2186
4536,4089,2187
4536,4089,2187
4536,4089,2187
4536,4089,2187
4536,4089,2187
4536,4089,2187
4536,4089,2187
4536,4089,2187
4537,4089,2188
4537,4090,2188
4537,4090,2188
4537,4090,2188
4537,4090,2188
4537,4090,2188
4537,4090,2189
4538,4090,2189
4538,4090,2189
4538,4090,2189
4538,4090,2189
4538,4090,2189
4538,4090,2189
4538,4090,2189
4538,4090,2189
4539,4090,2190
4539,4090,2190
4539,4090,2190
4539,4090,2190
4539,4090,2190
4539,4090,2190
4539,4090,2190
4539,4090,2190
4540,4090,2191
4540,4090,2191
4540,4090,2191
4540,4090,2191
4540,4090,2191
4540,4090,2191
4540,4090,2191
4540,4090,2191
4541,4090,2192
4541,4090,2192
4541,4090,2192
4541,4090,2192
4541,4090,2192
4541,4090,2192
4541,4090,2192
4541,4090,2192
4542,4090,2193
4542,4091,2193
4542,4091,2193
4542,4091,2193
4542,4091,2193
4542,4091,2193
4542,4091,2193
4542,4091,2193
4543,4091,2194
4543,4091,2194
4543,4091,2194
4543,4091,2194
4543,4091,2194
4543,4091,2194
4543,4091,2194
4543,4091,2194
4544,4091,2195
4544,4091,2195
4544,4091,2195
4544,4091,2195
4544,4091,2195
4544,4091,2195
4544,4091,2195
4544,4091,2195
4545,4091,2196
4545,4091,2196
4545,4091,2196
4545,4091,2196
4545,4091,2196
4545,4091,2196
4545,4091,2196
4545,4091,2196
4546,4091,2197
4546,4091,2197
4546,4091,2197
4546,4091,2197
4546,4091,2197
4546,4091,2197
4546,4091,2197
4546,4091,2197
4547,4091,2198
4547,4091,2198
4547,4091,2198
4547,4091,2198
4547,4091,2198
4547,4091,2198
4547,4091,2198
4547,4091,2198
4548,4091,2199
4548,4092,2199
4548,4092,2199
4548,4092,2199
4548,4092,2199
4548,4092,2199
4548,4092,2199
4548,4092,2199
4549,4092,2200
4549,4092,2200
4549,4092,2200
4549,4092,2200
4549,4092,2200
4549,4092,2200
4549,4092,2200
4549,4092,2200
4550,4092,2201
4550,4092,2201
4550,4092,2201
4550,4092,2201
4550,4092,2201
4550,4092,2201
4550,4092,2201
4550,4092,2201
4551,4092,2202
4551,4092,2202
4551,4092,2202
4551,4092,2202
4551,4092,2202
4551,4092,2202
4551,4092,2202
4551,4092,2202
4551,4092,2202
4552,4092,2203
4552,4092,2203
4552,4092,2203
4552,4092,2203
4552,4092,2203
4552,4092,2203
4552,4092,2203
4552,4092,2203
4553,4092,2204
4553,4092,2204
4553,4092,2204
4553,4092,2204
4553,4092,2204
4553,4092,2204
4553,4092,2204
4553,4092,2204
4554,4092,2205
4554,4093,2205
4554,4093,2205
4554,4093,2205
4554,4093,2205
4554,4093,2205
4554,4093,2205
4554,4093,2205
4555,4093,2206
4555,4093,2206
4555,4093,2206
4555,4093,2206
4555,4093,2206
4555,4093,2206
4555,4093,2206
4555,4093,2206
4556,4093,2207
4556,4093,2207
4556,4093,2207
4556,4093,2207
4556,4093,2207
4556,4093,2207
4556,4093,2207
4556,4093,2207
4557,4093,2208
4557,4093,2208
4557,4093,2208
4557,4093,2208
4557,4093,2208
4557,4093,2208
4557,4093,2208
4557,4093,2208
4558,4093,2209
4558,4093,2209
4558,4093,2209
4558,4093,2209
4558,4093,2209
4558,4093,2209
4558,4093,2209
4558,4093,2209
4558,4093,2209
4559,4093,2210
4559,4093,2210
4559,4093,2210
4559,4093,2210
4559,4093,2210
4559,4093,2210
4559,4093,2210
4559,4093,2210
4560,4093,2211
4560,4093,2211
4560,4093,2211
4560,4093,2211
4560,4093,2211
4560,4093,2211
4560,4093,2211
4560,4093,2211
4561,4093,2212
4561,4094,2212
4561,4094,2212
4561,4094,2212
4561,4094,2212
4561,4094,2212
4561,4094,2212
4561,4094,2212
4562,4094,2213
4562,4094,2213
4562,4094,2213
4562,4094,2213
4562,4094,2213
4562,4094,2213
4562,4094,2213
4562,4094,2213
4563,4094,2214
4563,4094,2214
4563,4094,2214
4563,4094,2214
4563,4094,2214
4563,4094,2214
4563,4094,2214
4563,4094,2214
4564,4094,2215
4564,4094,2215
4564,4094,2215
4564,4094,2215
4564,4094,2215
4564,4094,2215
4564,4094,2215
4564,4094,2215
4565,4094,2216
4565,4094,2216
4565,4094,2216
4565,4094,2216
4565,4094,2216
4565,4094,2216
4565,4094,2216
4565,4094,2216
4566,4094,2217
4566,4094,2217
4566,4094,2217
4566,4094,2217
4566,4094,2217
4566,4094,2217
4566,4094,2217
4566,4094,2217
4566,4094,2218
4567,4094,2218
4567,4094,2218
4567,4094,2218
4567,4094,2218
4567,4094,2218
4567,4094,2218
4567,4094,2218
4568,4094,2219
4568,4094,2219
4568,4094,2219
4568,4094,2219
4568,4094,2219
4568,4094,2219
4568,4094,2219
4568,4094,2219
4569,4094,2220
4569,4094,2220
4569,4094,2220
4569,4094,2220
4569,4094,2220
4569,4094,2220
4569,4094,2220
4570,4094,2221
4570,4095,2221
4570,4095,2221
4570,4095,2221
4570,4095,2221
4570,4095,2221
4570,4095,2222
4571,4095,2222
4571,4095,2222
4571,4095,2222
4571,4095,2222
4571,4095,2222
4571,4095,2222
4571,4095,2222
4572,4095,2223
4572,4095,2223
4572,4095,2223
4572,4095,2223
4572,4095,2223
4572,4095,2223
4572,4095,2223
4573,4095,2224
4573,4095,2224
4573,4095,2224
4573,4095,2224
4573,4095,2224
4573,4095,2224
4573,4095,2224
4573,4095,2224
4574,4095,2225
4574,4095,2225
4574,4095,2225
4574,4095,2225
4574,4095,2225
4574,4095,2225
4574,4095,2225
4574,4095,2225
4575,4095,2226
4575,4095,2226
4575,4095,2226
4575,4095,2226
4575,4095,2226
4575,4095,2226
4575,4095,2226
4575,4095,2226
4576,4095,2227
4576,4095,2227
4576,4095,2227
4576,4095,2227
4576,4095,2227
4576,4095,2227
4576,4095,2227
4576,4095,2227
4577,4095,2228
4577,4095,2228
4577,4095,2228
4577,4095,2228
4577,4095,2228
4577,4095,2228
4577,4095,2228
4577,4095,2228
4578,4095,2229
4578,4095,2229
4578,4095,2229
4578,4095,2229
4578,4095,2229
4578,4095,2229
4578,4095,2229
4579,4095,2230
4579,4095,2230
4579,4095,2230
4579,4095,2230
4579,4095,2230
4579,4095,2230
4579,4095,2230
4579,4095,2230
4580,4095,2231
4580,4095,2231
4580,4095,2231
4580,4095,2231
4580,4095,2231
4580,4095,2231
4580,4095,2231
4580,4095,2231
4581,4095,2232
4581,4095,2232
4581,4095,2232
4581,4095,2232
4581,4095,2232
4581,4095,2232
4581,4095,2232
4582,4095,2233
4582,4095,2233
4582,4095,2233
4582,4095,2233
4582,4095,2233
4582,4095,2233
4582,4095,2233
4582,4095,2233
4583,4095,2234
4583,4096,2234
4583,4096,2234
4583,4096,2234
4583,4096,2234
4583,4096,2234
4583,4096,2234
4583,4096,2234
4584,4096,2235
4584,4096,2235
4584,4096,2235
4584,4096,2235
4584,4096,2235
4584,4096,2235
4584,4096,2235
4584,4096,2235
4585,4096,2236
4585,4096,2236
4585,4096,2236
4585,4096,2236
4585,4096,2236
4585,4096,2236
4585,4096,2236
4585,4096,2236
4586,4096,2237
4586,4096,2237
4586,4096,2237
4586,4096,2237
4586,4096,2237
4586,4096,2237
4586,4096,2237
4586,4096,2237
4587,4096,2238
4587,4096,2238
4587,4096,2238
4587,4096,2238
4587,4096,2238
4587,4096,2238
4587,4096,2238
4587,4096,2238
4588,4096,2239
4588,4096,2239
4588,4096,2239
4588,4096,2239
4588,4096,2239
4588,4096,2239
4588,4096,2239
4588,4096,2239
4589,4096,2240
4589,4096,2240
4589,4096,2240
4589,4096,2240
4589,4096,2240
4589,4096,2240
4589,4096,2240
4589,4096,2240
4590,4096,2241
4590,4096,2241
4590,4096,2241
4590,4096,2241
4590,4096,2241
4590,4096,2241
4590,4096,2241
4590,4096,2241
4591,4096,2242
4591,4096,2242
4591,4096,2242
4591,4096,2242
4591,4096,2242
4591,4096,2242
4591,4096,2242
4591,4096,2242
4592,4096,2243
4592,4096,2243
4592,4096,2243
4592,4096,2243
4592,4096,2243
4592,4096,2243
4592,4096,2243
4592,4096,2243
4593,4096,2244
4593,4096,2244
4593,4096,2244
4593,4096,2244
4593,4096,2244
4593,4096,2244
4593,4096,2244
4593,4096,2244
4594,4096,2245
4594,4096,2245
4594,4096,2245
4594,4096,2245
4594,4096,2245
4594,4096,2245
4594,4096,2245
4594,4096,2245
4594,4096,2246
4595,4096,2246
4595,4096,2246
4595,4096,2246
4595,4096,2246
4595,4096,2246
4595,4096,2246
4595,4096,2246
4595,4096,2246
4596,4096,2247
4596,4096,2247
4596,4096,2247
4596,4096,2247
4596,4096,2247
4596,4096,2247
4596,4096,2247
4596,4096,2247
4597,4096,2248
4597,4096,2248
4597,4096,2248
4597,4096,2248
4597,4096,2248
4597,4096,2248
4597,4096,2248
4597,4096,2248
4598,4096,2249
4598,4096,2249
4598,4096,2249
4598,4096,2249
4598,4096,2249
4598,4096,2249
4598,4096,2249
4598,4096,2249
4599,4096,2250
4599,4096,2250
4599,4096,2250
4599,4096,2250
4599,4096,2250
4599,4096,2250
4599,4096,2250
4599,4096,2250
4600,4096,2251
4600,4096,2251
4600,4096,2251
4600,4096,2251
4600,4096,2251
4600,4096,2251
4601,4096,2252
