host_time_s,frame,t,dt,ia_mA,ib_mA,ic_mA,id_mA,iq_mA,vd_mV,vq_mV,theta_mrad,adc_a,adc_b,adc_c,flags,crc,pad
0.000000203,0,65536,0,17,-24,7,-7,-125,0,1500,200,2092,2085,1171,0x0001,0,0
0.000578233,1,77287,11751,228,-220,192,-24,93,0,1500,234,2089,2094,1176,0x0001,0,0
0.001131299,2,77299,12,-40,-24,122,15,-188,0,1500,264,2084,2091,1154,0x0001,0,0
0.001681514,3,77309,10,-159,21,134,-167,-51,0,1500,299,2090,2088,1208,0x0001,0,0
0.002231136,4,77321,12,167,32,-72,48,-201,0,1500,329,2089,2098,1184,0x0001,0,0
0.002783888,5,77333,12,259,90,-349,-68,-36,0,1500,363,2086,2090,1218,0x0001,0,0
0.003334121,6,77343,10,-51,-36,-27,56,-78,0,1500,391,2086,2090,1206,0x0001,0,0
0.003883577,7,77355,12,109,21,-130,13,-11,0,1500,425,2082,2087,1225,0x0001,0,0
0.004433847,8,77365,10,-224,-1,18,-20,-36,0,1500,460,2088,2094,1205,0x0001,0,0
0.004984451,9,77377,12,-63,-24,-97,168,-87,0,1500,487,2096,2098,1204,0x0001,0,0
0.005534795,10,77387,10,97,-82,-15,66,90,0,1500,522,2097,2094,1203,0x0001,0,0
0.006084621,11,77399,12,97,-1,87,-62,187,0,1500,549,2181,2092,1230,0x0001,0,0
0.006659280,12,77411,12,-63,21,-187,158,104,0,1500,584,2089,2096,1171,0x0001,0,0
0.007224402,13,77421,10,-983,-70,1053,-37,36,0,1500,618,2103,2127,1209,0x0001,0,0
0.008075095,14,77433,12,74,-105,156,-133,1,0,1500,671,2085,2094,1210,0x0001,0,0
0.008654494,15,77451,18,-109,-166,-61,84,-51,0,1500,701,2086,2109,1236,0x0001,0,0
0.009217079,16,77463,12,97,21,-118,14,6,0,1500,736,2081,2165,1206,0x0001,0,0
0.009786720,17,77473,10,-189,-93,282,123,3,0,1500,773,2088,2084,1212,0x0001,0,0
0.010342805,18,77485,12,-5,174,-118,116,25,0,1500,803,2091,2093,1231,0x0001,0,0
0.010899908,19,77497,12,-86,-1,-169,5,-3,0,1500,837,2092,2087,1200,0x0001,0,0
0.011453364,20,77507,10,193,55,-129,-126,-94,0,1500,874,2086,2139,1217,0x0001,0,0
0.012003319,21,77519,12,-5,9,-188,163,181,0,1500,904,2086,2093,1212,0x0001,0,0
0.012552868,22,77531,12,-74,-36,110,231,-65,0,1500,938,2073,2101,1253,0x0001,0,0
0.013102416,23,77541,10,-28,346,-624,605,16,0,1500,968,2097,2101,1220,0x0001,0,0
0.013651723,24,77553,12,-51,-289,340,193,131,0,1500,1005,2095,2113,1235,0x0001,0,0
0.014201197,25,77563,10,63,55,-141,142,15,0,1500,1035,2091,2100,1206,0x0001,0,0
0.014751171,26,77575,12,63,67,126,-55,-89,0,1500,1069,2087,2090,1201,0x0001,0,0
0.015300886,27,77585,10,21,9,-72,71,-62,0,1500,1106,2079,2097,1255,0x0001,0,0
0.015855619,28,77597,12,51,32,-39,36,-27,0,1500,1136,2091,2086,1142,0x0001,0,0
0.016416427,29,77609,12,63,159,34,-107,135,0,1500,1171,2103,2086,1270,0x0001,0,0
0.016972067,30,77619,10,17,-24,87,-83,34,0,1500,1208,2104,2099,1222,0x0001,0,0
0.017529171,31,77631,12,132,-47,-291,270,-142,0,1500,1237,2079,2094,1241,0x0001,0,0
0.018084423,32,77641,10,97,32,-129,55,71,0,1500,1272,2097,2108,1215,0x0001,0,0
0.018635619,33,77653,12,-51,182,-72,73,247,0,1500,1302,2096,2093,1165,0x0001,0,0
0.019193352,34,77665,12,28,-59,31,-45,-5,0,1500,1336,2098,2097,1226,0x0001,0,0
0.019747697,35,77675,10,-170,55,-15,32,-20,0,1500,1373,2081,2094,1333,0x0001,0,0
0.020357485,36,77687,12,5,-47,42,228,-25,0,1500,1408,2091,2085,1215,0x0001,0,0
0.020920033,37,77699,12,51,55,-118,108,131,0,1500,1442,2099,2113,1111,0x0001,0,0
0.021474136,38,77711,12,-40,113,100,-30,176,0,1500,1472,2095,2080,1211,0x0001,0,0
0.022023795,39,77721,10,228,136,-141,416,-99,0,1500,1507,2063,2094,1181,0x0001,0,0
0.022575992,40,77733,12,5,18,-141,123,-69,0,1500,1537,2094,2085,1255,0x0001,0,0
0.023125558,41,77745,12,63,32,-95,-44,-132,0,1500,1571,2083,2110,1213,0x0001,0,0
0.023675107,42,77755,10,97,-91,-51,-97,0,0,1500,1601,2073,2100,1250,0x0001,0,0
0.024224470,43,77767,12,17,205,-222,32,-42,0,1500,1635,2093,2076,1187,0x0001,0,0
0.024774332,44,77777,10,339,-24,41,-36,-437,0,1500,1670,2093,2080,1172,0x0001,0,0
0.025323307,45,77789,12,28,44,-72,122,1,0,1500,1700,2085,2072,1145,0x0001,0,0
0.025872836,46,77799,10,132,44,-49,-204,102,0,1500,1737,2097,2089,1121,0x0001,0,0
0.026429218,47,77811,12,97,9,-61,56,-28,0,1500,1767,2107,2083,1193,0x0001,0,0
0.026993340,48,77823,12,-17,67,206,60,227,0,1500,1803,2089,2079,1228,0x0001,0,0
0.027547591,49,77833,10,17,78,-175,117,94,0,1500,1838,2089,2089,1165,0x0001,0,0
0.028141472,50,77845,12,-28,101,31,77,-78,0,1500,1875,2084,2096,1217,0x0001,0,0
0.028706928,51,77857,12,-17,44,-72,74,-31,0,1500,1907,2093,2094,1261,0x0001,0,0
0.029260605,52,77869,12,109,32,627,-722,209,0,1500,1942,2047,2091,1219,0x0001,0,0
0.029810505,53,77879,10,-51,21,-4,20,-231,0,1500,1978,2075,2090,1269,0x0001,0,0
0.030360868,54,77891,12,5,32,219,-81,120,0,1500,2011,2088,2095,1147,0x0001,0,0
0.030910898,55,77901,10,602,-13,-522,23,-39,0,1500,2047,2080,2081,1216,0x0001,0,0
0.031461557,56,77913,12,-201,32,375,-45,411,0,1500,2077,2087,2100,1172,0x0001,0,0
0.032014827,57,77925,12,-51,-13,64,-116,35,0,1500,2114,2106,2096,1214,0x0001,0,0
0.032566709,58,77935,10,74,-86,-73,-5,171,0,1500,2144,2082,2086,1214,0x0001,0,0
0.033124442,59,77947,12,28,-36,8,-80,20,0,1500,2179,2092,2089,1175,0x0001,0,0
0.033677009,60,77957,10,-189,-13,18,-11,131,0,1500,2215,2097,2096,1179,0x0001,0,0
0.034227094,61,77969,12,-86,-13,-832,-127,-947,0,1500,2245,2084,2072,1202,0x0001,0,0
0.034777531,62,77979,10,-86,55,31,227,101,0,1500,2280,2123,2096,1233,0x0001,0,0
0.035327283,63,77991,12,51,-201,-223,-55,4,0,1500,2310,2070,2099,1222,0x0001,0,0
0.035876609,64,78003,12,305,9,-314,12,-36,0,1500,2344,2094,2083,1181,0x0001,0,0
0.036426120,65,78013,10,167,-266,352,-188,315,0,1500,2374,2069,2100,1245,0x0001,0,0
0.036975483,66,78025,12,-51,274,33,107,77,0,1500,2409,2086,2089,1243,0x0001,0,0
0.037525124,67,78035,10,-120,-116,7,-129,65,0,1500,2443,2082,2101,1182,0x0001,0,0
0.038074894,68,78047,12,86,-24,191,12,195,0,1500,2473,2076,2075,1203,0x0001,0,0
0.038625090,69,78057,10,-193,-36,110,-248,74,0,1500,2508,2073,2093,1181,0x0001,0,0
0.039174527,70,78069,12,-109,-93,52,-28,51,0,1500,2535,2092,2054,1171,0x0001,0,0
0.039723853,71,78081,12,-5,-105,110,-57,-237,0,1500,2570,2071,2088,1210,0x0001,0,0
0.040273790,72,78091,10,132,90,-107,84,-105,0,1500,2597,2099,2095,1200,0x0001,0,0
0.040823153,73,78103,12,132,55,69,56,75,0,1500,2632,2090,2093,1257,0x0001,0,0
0.041372664,74,78113,10,-212,-36,202,82,61,0,1500,2666,2083,2089,1275,0x0001,0,0
0.041921990,75,78125,12,-5,-47,52,0,65,0,1500,2696,2091,2093,1241,0x0001,0,0
0.042470631,76,78135,10,-170,-105,306,86,-73,0,1500,2731,2088,2099,1234,0x0001,0,0
0.043019716,77,78147,12,5,-36,87,7,87,0,1500,2761,2089,2091,1244,0x0001,0,0
0.043569320,78,78157,10,239,32,-141,-67,376,0,1500,2795,2113,2093,1253,0x0001,0,0
0.044118590,79,78169,12,-51,-13,64,8,64,0,1500,2825,2081,2094,1217,0x0001,0,0
0.044668416,80,78181,12,17,-93,76,147,90,0,1500,2862,2089,2082,1227,0x0001,0,0
0.045217909,81,78191,10,-28,-93,167,33,165,0,1500,2892,2073,2082,1204,0x0001,0,0
0.045767420,82,78203,12,-17,-93,110,8,41,0,1500,2926,2080,2086,1211,0x0001,0,0
0.046321746,83,78213,10,-193,-93,121,4,-28,0,1500,2963,2090,2083,1221,0x0001,0,0
0.046872312,84,78225,12,-28,21,-325,1,-350,0,1500,2993,2080,2089,1172,0x0001,0,0
0.047422416,85,78235,10,213,21,-234,63,93,0,1500,3030,2080,2091,1174,0x0001,0,0
0.047972631,86,78247,12,-120,-139,213,104,187,0,1500,3060,2092,2080,1197,0x0001,0,0
0.048523049,87,78259,12,97,44,-141,79,135,0,1500,3097,2087,2090,1173,0x0001,0,0
0.049072912,88,78269,10,-28,-93,88,-8,364,0,1500,3127,2138,2086,1200,0x0001,0,0
0.049623090,89,78281,12,86,44,126,-5,25,0,1500,3161,2091,2088,1180,0x0001,0,0
0.050173083,90,78291,10,190,-70,42,-25,108,0,1500,3198,2079,2084,1109,0x0001,0,0
0.050724686,91,78303,12,-5,-13,-50,-86,-1,0,1500,3228,2085,2087,1248,0x0001,0,0
0.051274790,92,78313,10,-170,9,31,41,118,0,1500,3262,2081,2086,1167,0x0001,0,0
0.051823357,93,78325,12,-86,-47,77,7,-421,0,1500,3292,2085,2084,1247,0x0001,0,0
0.052367831,94,78337,12,120,32,-152,217,262,0,1500,3329,2157,2094,1180,0x0001,0,0
0.052991397,95,78347,10,-51,-231,168,-31,257,0,1500,3364,2099,2088,1209,0x0001,0,0
0.053555722,96,78359,12,155,-47,-108,100,137,0,1500,3400,2082,2084,1218,0x0001,0,0
0.054111085,97,78371,12,-17,159,-222,-122,119,0,1500,3430,2081,2086,1165,0x0001,0,0
0.054668707,98,78383,12,51,9,-15,-27,7,0,1500,3465,2084,2143,1233,0x0001,0,0
0.055224663,99,78393,10,205,55,-164,-146,198,0,1500,3499,2114,2098,1207,0x0001,0,0
0.055774952,100,78405,12,-40,-13,52,59,10,0,1500,3529,2085,2097,1225,0x0001,0,0
0.056349277,101,78417,12,5,-13,88,107,1,0,1500,3564,2080,2091,1148,0x0001,0,0
0.056906288,102,78427,10,17,-59,42,121,79,0,1500,3601,2055,2087,1177,0x0001,0,0
0.057461151,103,78439,12,5,78,-291,-330,233,0,1500,3628,2091,2055,1136,0x0001,0,0
0.058011847,104,78451,12,109,55,92,13,59,0,1500,3665,2084,2097,1160,0x0001,0,0
0.058563284,105,78461,10,-109,32,-118,-119,-47,0,1500,3699,2070,2091,1192,0x0001,0,0
0.059113722,106,78473,12,97,-93,252,77,-60,0,1500,3729,2082,2091,1108,0x0001,0,0
0.059665714,107,78483,10,-159,9,42,52,-37,0,1500,3764,2077,2111,1179,0x0001,0,0
0.060216447,108,78495,12,74,67,-73,-105,61,0,1500,3794,2087,2085,1198,0x0001,0,0
0.060766718,109,78507,12,-28,-243,271,-295,84,0,1500,3831,2080,2089,1197,0x0001,0,0
0.061315451,110,78517,10,5,9,-15,12,174,0,1500,3861,2086,2095,1186,0x0001,0,0
0.061865092,111,78529,12,40,-47,7,24,-15,0,1500,3897,2081,2061,1138,0x0001,0,0
0.062416251,112,78539,10,-86,-59,54,41,-31,0,1500,3934,2095,2093,1216,0x0001,0,0
0.062965725,113,78551,12,190,55,-27,-9,-79,0,1500,3964,2280,2090,1200,0x0001,0,0
0.063513699,114,78561,10,-60,193,-130,158,-13,0,1500,4001,2085,2091,1193,0x0001,0,0
0.064062747,115,78573,12,-40,-128,-695,-751,283,0,1500,4031,2087,2099,1220,0x0001,0,0
0.064612259,116,78585,12,-201,32,169,112,-8,0,1500,4068,2094,2091,1179,0x0001,0,0
0.065161603,117,78595,10,-109,-59,76,78,-21,0,1500,4100,2092,2081,1491,0x0001,0,0
0.065709484,118,78607,12,155,-13,-142,-74,26,0,1500,4134,2101,2113,1130,0x0001,0,0
0.066258440,119,78617,10,63,-24,351,357,2,0,1500,4167,2086,2086,1230,0x0001,0,0
0.066809599,120,78629,12,-132,78,-202,-221,132,0,1500,4201,2085,2093,1262,0x0001,0,0
0.067424832,121,78639,10,74,9,-176,-174,58,0,1500,4238,2045,2096,1202,0x0001,0,0
0.067987343,122,78653,14,132,21,103,62,-27,0,1500,4275,2081,2085,1211,0x0001,0,0
0.068539872,123,78663,10,-17,9,111,102,20,0,1500,4312,2088,2075,1172,0x0001,0,0
0.069096124,124,78675,12,-40,67,133,123,-80,0,1500,4341,2058,2091,1206,0x0001,0,0
0.069651580,125,78687,12,17,55,-72,-1,79,0,1500,4376,2093,2105,1172,0x0001,0,0
0.070201517,126,78697,10,40,209,-245,-221,-116,0,1500,4406,2093,2092,1217,0x0001,0,0
0.070752194,127,78709,12,28,-24,-4,-99,-93,0,1500,4440,2082,2098,1205,0x0001,0,0
0.071302576,128,78719,10,51,-24,64,60,-1,0,1500,4475,2107,2078,1180,0x0001,0,0
0.071851217,129,78731,12,-28,-36,-192,-141,-201,0,1500,4505,2089,2089,1180,0x0001,0,0
0.072400950,130,78741,10,-228,-36,41,-211,47,0,1500,4539,2090,2094,1196,0x0001,0,0
0.072951257,131,78753,12,-17,-59,-72,-66,30,0,1500,4569,2097,2089,1204,0x0001,0,0
0.073499639,132,78765,12,-5,-70,75,11,7,0,1500,4604,2099,2089,1207,0x0001,0,0
0.074049502,133,78775,10,120,-13,122,149,30,0,1500,4631,2118,2089,1180,0x0001,0,0
0.074600346,134,78787,12,17,-1,-16,749,9,0,1500,4666,2081,2097,1217,0x0001,0,0
0.075148913,135,78797,10,201,21,306,172,245,0,1500,4696,2082,2095,1202,0x0001,0,0
0.075698665,136,78809,12,-74,124,206,11,5,0,1500,4730,2065,2090,1256,0x0001,0,0
0.076248972,137,78819,10,51,-47,-16,-491,18,0,1500,4765,2085,2089,1207,0x0001,0,0
0.076810113,138,78831,12,40,-13,-16,53,-151,0,1500,4792,2103,2087,1251,0x0001,0,0
0.077361068,139,78843,12,-293,-36,329,-42,-12,0,1500,4827,2097,2112,1214,0x0001,0,0
0.077910468,140,78853,10,17,9,-37,-23,-224,0,1500,5113,2092,2089,1243,0x0001,0,0
0.078460924,141,78865,12,17,44,451,198,-169,0,1500,4894,2083,2091,1217,0x0001,0,0
0.079011268,142,78875,10,-9,-59,145,98,-31,0,1500,4928,2073,2092,1168,0x0001,0,0
0.079572057,143,78887,12,167,-63,374,123,98,0,1500,4958,2081,2088,1242,0x0001,0,0
0.080140475,144,78899,12,155,-47,-108,-16,70,0,1500,4995,2086,2084,1197,0x0001,0,0
0.080695671,145,78909,10,86,90,-130,-109,21,0,1500,5029,2080,2127,1216,0x0001,0,0
0.081254312,146,78921,12,17,521,-510,-570,441,0,1500,5059,2082,2093,1248,0x0001,0,0
0.081809897,147,78933,12,40,-82,42,50,-248,0,1500,5096,2082,2089,1236,0x0001,0,0
0.082361667,148,78943,10,144,-289,352,315,220,0,1500,5133,2081,2097,1192,0x0001,0,0
0.082912216,149,78955,12,201,-128,183,36,2,0,1500,5163,2094,2139,1257,0x0001,0,0
0.083470467,150,78965,10,-212,-139,351,155,-88,0,1500,5197,2091,1848,1267,0x0001,0,0
0.084052404,151,78977,12,-51,-36,99,-219,-559,0,1500,5234,2104,2097,1218,0x0001,0,0
0.084615063,152,78989,12,40,209,99,-24,130,0,1500,5262,2078,2091,1247,0x0001,0,0
0.085175759,153,79001,12,51,147,-454,-410,261,0,1500,5299,2081,2093,1205,0x0001,0,0
0.085732104,154,79011,10,-159,9,42,242,35,0,1500,5333,2097,2096,1156,0x0001,0,0
0.086290485,155,79023,12,-109,44,7,-48,-28,0,1500,5363,2085,2091,1171,0x0001,0,0
0.086840940,156,79035,12,17,21,-38,-230,2,0,1500,5398,2077,2091,1259,0x0001,0,0
0.087391285,157,79045,10,167,-13,87,-4,162,0,1500,5428,2083,2098,1199,0x0001,0,0
0.087941407,158,79057,12,-17,9,-248,-44,111,0,1500,5462,2086,2114,1180,0x0001,0,0
0.088491752,159,79067,10,-86,-59,87,40,-4,0,1500,5497,2103,2097,1234,0x0001,0,0
0.089041818,160,79079,12,28,9,180,176,-142,0,1500,5526,2083,2096,1094,0x0001,0,0
0.089591348,161,79089,10,9,32,-37,233,30,0,1500,5561,2090,2102,1196,0x0001,0,0
0.090141711,162,79101,12,63,-93,236,-65,-252,0,1500,5589,2079,2092,1176,0x0001,0,0
0.090692611,163,79113,12,51,55,-106,114,124,0,1500,5623,2085,2090,1269,0x0001,0,0
0.091243011,164,79123,10,-51,-235,134,98,-379,0,1500,5651,2088,2089,1179,0x0001,0,0
0.091794392,165,79135,12,17,-59,42,-13,-112,0,1500,5685,2088,2076,1214,0x0001,0,0
0.092340792,166,79145,10,40,-36,99,-10,206,0,1500,5720,2096,2080,1182,0x0001,0,0
0.092890785,167,79157,12,-28,-47,225,-98,-227,0,1500,5750,2084,2087,1180,0x0001,0,0
0.093439222,168,79167,10,-78,-1,6,254,-168,0,1500,5782,2083,2085,1141,0x0001,0,0
0.093989289,169,79179,12,-5,-36,-16,144,9,0,1500,5812,2083,2087,1165,0x0001,0,0
0.094538059,170,79191,12,63,136,-199,-53,-141,0,1500,5846,2091,2086,1208,0x0001,0,0
0.095088163,171,79201,10,-316,-303,146,206,-425,0,1500,5874,2084,2088,1415,0x0001,0,0
0.095636600,172,79213,12,86,-1,-85,-44,-152,0,1500,5908,2078,2149,1275,0x0001,0,0
0.096186500,173,79223,10,17,412,-326,-226,-457,0,1500,5938,2090,2093,1179,0x0001,0,0
0.096734844,174,79235,12,-40,67,-27,61,14,0,1500,5975,2073,2088,1116,0x0001,0,0
0.097284911,175,79245,10,-178,113,-50,-87,568,0,1500,6010,2086,2097,1199,0x0001,0,0
0.097833533,176,79257,12,-120,9,-164,61,154,0,1500,6040,2091,2093,1246,0x0001,0,0
0.098383544,177,79267,10,63,-36,-4,-213,-126,0,1500,6074,2081,2095,1137,0x0001,0,0
0.098931555,178,79279,12,17,-166,29,-24,-23,0,1500,6106,2058,2103,1238,0x0001,0,0
0.099480640,179,79291,12,-51,-13,64,-102,180,0,1500,6141,2092,2098,1145,0x0001,0,0
0.100028966,180,79301,10,-86,255,-61,34,308,0,1500,6171,2098,2100,1152,0x0001,0,0
0.100578070,181,79313,12,-109,-70,-77,-43,37,0,1500,6208,2074,2090,1184,0x0001,0,0
0.101126026,182,79323,10,-109,90,-4,-88,-2,0,1500,6242,2088,2111,1215,0x0001,0,0
0.101675463,183,79335,12,-5,-24,29,19,-111,0,1500,6272,2092,2099,1207,0x0001,0,0
0.102223474,184,79345,10,170,-1,-189,191,40,0,1500,26,2091,2124,1212,0x0001,0,0
0.102772004,185,79357,12,-5,-47,64,-64,-35,0,1500,55,2094,2078,1186,0x0001,0,0
0.103322200,186,79367,10,-166,55,111,21,186,0,1500,90,2083,2089,1211,0x0001,0,0
0.103870600,187,79379,12,-86,78,-108,8,383,0,1500,120,2137,2093,1168,0x0001,0,0
0.104420704,188,79391,12,-74,113,-39,-67,-102,0,1500,154,2086,2050,1209,0x0001,0,0
0.104969492,189,79401,10,51,21,157,-189,-82,0,1500,184,2095,2089,1153,0x0001,0,0
0.105531392,190,79413,12,74,-24,145,-1,-195,0,1500,219,2092,2094,1205,0x0001,0,0
0.106084237,191,79423,10,17,124,-129,-215,-51,0,1500,253,2086,2097,1250,0x0001,0,0
0.106635563,192,79435,12,63,128,42,-73,-497,0,1500,283,2116,2081,1204,0x0001,0,0
0.107186166,193,79447,12,-28,-47,75,68,342,0,1500,318,2122,2094,1220,0x0001,0,0
0.107736159,194,79457,10,-63,-47,-4,40,-31,0,1500,345,2086,2116,1245,0x0001,0,0
0.108284596,195,79469,12,51,44,-351,274,364,0,1500,380,2061,2103,1200,0x0001,0,0
0.108832811,196,79479,10,-17,21,-26,16,-2,0,1500,414,2082,2114,1179,0x0001,0,0
0.109382100,197,79491,12,120,-105,-61,56,26,0,1500,442,2094,2090,1210,0x0001,0,0
0.109932388,198,79501,10,773,-82,-867,28,22,0,1500,477,2100,2094,1221,0x0001,0,0
0.110481659,199,79513,12,-63,255,-50,-44,169,0,1500,504,2084,2096,1185,0x0001,0,0
0.111031429,200,79525,12,5,21,-26,12,9,0,1500,539,2083,2083,1233,0x0001,0,0
0.111600644,201,79535,10,74,-139,-85,173,113,0,1500,573,2088,2075,1252,0x0001,0,0
0.112159247,202,79547,12,-40,-178,76,-69,-31,0,1500,603,2088,2097,1233,0x0001,0,0
0.112714147,203,79559,12,-51,-1,52,98,-12,0,1500,638,2088,2117,1209,0x0001,0,0
0.113264418,204,79569,10,51,-24,19,-10,-23,0,1500,668,2070,2078,1229,0x0001,0,0
0.113814836,205,79581,12,-5,67,-62,16,100,0,1500,702,2086,2103,1222,0x0001,0,0
0.114365810,206,79591,10,63,21,-165,179,-27,0,1500,737,2098,2108,1207,0x0001,0,0
0.114915988,207,79603,12,28,90,-73,93,-60,0,1500,766,2092,2104,1239,0x0001,0,0
0.115465962,208,79613,10,182,-70,53,-38,22,0,1500,803,2092,2090,1207,0x0001,0,0
0.116016195,209,79625,12,86,78,-15,20,-20,0,1500,833,2088,2069,1237,0x0001,0,0
0.116566188,210,79637,12,-28,9,19,-52,53,0,1500,870,2100,2079,1228,0x0001,0,0
0.117116310,211,79647,10,109,32,-141,149,477,0,1500,900,2096,2077,1207,0x0001,0,0
0.117666284,212,79659,12,-51,-47,-158,194,152,0,1500,934,2061,2099,1217,0x0001,0,0
0.118216518,213,79669,10,51,21,-16,14,7,0,1500,971,2084,2091,1241,0x0001,0,0
0.118766881,214,79681,12,28,9,-37,37,17,0,1500,1001,2086,2116,1211,0x0001,0,0
0.119316466,215,79691,10,-97,78,-73,-440,256,0,1500,1038,2094,2096,1205,0x0001,0,0
0.119866329,216,79703,12,-86,-1,-453,457,314,0,1500,1068,2085,2096,1191,0x0001,0,0
0.120415636,217,79715,12,178,-128,-50,42,-35,0,1500,1102,2084,2095,1209,0x0001,0,0
0.120965369,218,79725,10,86,255,-187,193,-196,0,1500,1132,2091,2105,1077,0x0001,0,0
0.121515177,219,79737,12,97,-116,19,93,-28,0,1500,1167,2083,2096,1239,0x0001,0,0
0.122062762,220,79747,10,-5,55,-60,65,-237,0,1500,1197,2085,2080,1199,0x0001,0,0
0.122611292,221,79759,12,51,9,-60,166,-7,0,1500,1234,2089,2098,1211,0x0001,0,0
0.123161636,222,79769,10,40,-47,-62,41,10,0,1500,1268,2089,2102,1192,0x0001,0,0
0.123710018,223,79781,12,17,-47,-417,421,-41,0,1500,1298,2080,2096,1154,0x0001,0,0
0.124258270,224,79791,10,251,32,-106,97,29,0,1500,1333,2079,2090,1254,0x0001,0,0
0.124806299,225,79803,12,-132,-59,121,-111,52,0,1500,1360,2089,2097,1225,0x0001,0,0
0.125354477,226,79815,12,51,44,-95,11,-15,0,1500,1397,2097,2112,1221,0x0001,0,0
0.125902377,227,79825,10,-5,9,-118,99,-72,0,1500,1425,2079,2094,1114,0x0001,0,0
0.126450907,228,79837,12,63,-47,-16,-48,-34,0,1500,1459,2098,2098,1236,0x0001,0,0
0.126999103,229,79847,10,86,-59,76,-79,10,0,1500,1489,2094,2104,1223,0x0001,0,0
0.127547392,230,79859,12,132,-82,-306,240,-120,0,1500,1524,2097,2113,1253,0x0001,0,0
0.128095366,231,79869,10,17,44,-95,82,-223,0,1500,1558,2097,2059,1230,0x0001,0,0
0.128643396,232,79881,12,40,-36,-4,233,-42,0,1500,1588,2099,2093,1279,0x0001,0,0
0.129191314,233,79891,10,-5,67,-27,-200,35,0,1500,1622,2090,2090,1227,0x0001,0,0
0.129739381,234,79903,12,120,-70,-1120,589,-1123,0,1500,1652,2087,2099,1249,0x0001,0,0
0.130287744,235,79913,10,205,-13,-73,281,-49,0,1500,1687,2102,2105,1219,0x0001,0,0
0.130835810,236,79925,12,17,-224,-27,2,-41,0,1500,1717,2079,2095,1179,0x0001,0,0
0.131384025,237,79937,12,-143,-82,225,67,-158,0,1500,1751,2091,2086,1228,0x0001,0,0
0.131932018,238,79947,10,144,-701,560,-672,-169,0,1500,1784,2079,2088,1032,0x0001,0,0
0.132480159,239,79959,12,-28,412,-384,114,96,0,1500,1818,2099,2094,1266,0x0001,0,0
0.133028114,240,79969,10,17,-59,-38,-37,-180,0,1500,1848,2083,2093,1139,0x0001,0,0
0.133576255,241,79981,12,-40,-13,-459,174,-376,0,1500,1885,2089,2096,1228,0x0001,0,0
0.134124174,242,79991,10,-5,-47,19,-45,23,0,1500,1922,2086,2098,1196,0x0001,0,0
0.134672518,243,80003,12,-40,55,-522,628,-168,0,1500,1952,2106,2098,1162,0x0001,0,0
0.135219825,244,80013,10,-5,-24,190,208,-157,0,1500,1988,2091,2125,1244,0x0001,0,0
0.135767263,245,80025,12,-28,-1,-26,22,-17,0,1500,2018,2077,2112,1247,0x0001,0,0
0.136314496,246,80035,10,216,286,-291,38,-192,0,1500,2055,2088,2094,1256,0x0001,0,0
0.136861951,247,80047,12,-51,-132,-108,0,-125,0,1500,2087,2094,2090,1215,0x0001,0,0
0.137409296,248,80059,12,-5,21,-16,-44,128,0,1500,2122,2053,2088,1217,0x0001,0,0
0.137956715,249,80069,10,17,110,-130,84,153,0,1500,2152,2104,2087,1161,0x0001,0,0
0.138505003,250,80081,12,40,78,-118,-193,184,0,1500,2188,2097,2125,1203,0x0001,0,0
0.139053274,251,80091,10,-51,-47,87,-38,-49,0,1500,2218,2080,2092,1163,0x0001,0,0
0.139623599,252,80103,12,28,-13,179,-44,175,0,1500,2253,2087,2085,1179,0x0001,0,0
0.140181907,253,80115,12,28,55,429,-244,324,0,1500,2290,2090,2102,1207,0x0001,0,0
0.140736251,254,80125,10,-51,9,-83,-10,-392,0,1500,2324,2090,2108,1242,0x0001,0,0
0.141286892,255,80137,12,28,-93,88,74,111,0,1500,2354,2087,2089,1177,0x0001,0,0
0.141837033,256,80147,10,284,32,-291,-57,106,0,1500,2389,2069,2087,1193,0x0001,0,0
0.142388025,257,80159,12,-28,9,87,-48,79,0,1500,2419,2081,2087,1193,0x0001,0,0
0.142937740,258,80171,12,120,21,-141,-116,256,0,1500,2453,2026,2095,1210,0x0001,0,0
0.143487047,259,80181,10,-17,-180,52,21,56,0,1500,2481,2080,2089,1178,0x0001,0,0
0.144036577,260,80193,12,-5,67,-62,-60,-103,0,1500,2515,2089,2091,1212,0x0001,0,0
0.144585884,261,80203,10,-86,55,77,102,616,0,1500,2550,2080,2087,1209,0x0001,0,0
0.145135433,262,80215,12,51,-13,-294,-199,-404,0,1500,2580,2084,2083,1377,0x0001,0,0
0.145684814,263,80225,10,-239,216,-142,-86,-97,0,1500,2614,2092,2100,1244,0x0001,0,0
0.146234381,264,80237,12,97,-59,789,-394,797,0,1500,2642,2093,2099,1254,0x0001,0,0
0.146787447,265,80247,10,155,101,-256,18,-74,0,1500,2676,2104,2092,1211,0x0001,0,0
0.147337995,266,80259,12,-86,151,88,69,-174,0,1500,2706,2092,2095,1221,0x0001,0,0
0.147887895,267,80271,12,-40,-162,202,-7,-26,0,1500,2741,2085,2089,1205,0x0001,0,0
0.148437981,268,80281,10,-143,-128,-4,-149,21,0,1500,2778,2093,2090,1237,0x0001,0,0
0.148987899,269,80293,12,17,-82,65,120,125,0,1500,2807,2078,2085,1217,0x0001,0,0
0.149536299,270,80303,10,-251,170,-153,73,117,0,1500,2842,2077,2086,1199,0x0001,0,0
0.150084125,271,80315,12,213,9,-661,-663,-512,0,1500,2874,2083,2084,1247,0x0001,0,0
0.150632729,272,80325,10,-143,-185,248,0,103,0,1500,2909,2073,2080,1231,0x0001,0,0
0.151180499,273,80337,12,-51,-47,122,-10,132,0,1500,2939,2074,2094,1216,0x0001,0,0
0.151728455,274,80349,12,28,-13,-15,27,144,0,1500,2975,2077,2091,1208,0x0001,0,0
0.152276225,275,80359,10,-40,-178,420,110,154,0,1500,3008,2090,2104,1175,0x0001,0,0
0.152824199,276,80371,12,167,-36,-131,-78,144,0,1500,3042,2075,2081,1168,0x0001,0,0
0.153372007,277,80381,10,-155,-93,121,19,244,0,1500,3074,2084,2100,1207,0x0001,0,0
0.153920110,278,80393,12,97,-93,-4,-87,28,0,1500,3109,2088,2084,1206,0x0001,0,0
0.154468251,279,80403,10,-258,-151,123,-29,71,0,1500,3146,2076,2090,1211,0x0001,0,0
0.155015929,280,80415,12,109,-47,179,136,127,0,1500,3176,2076,2089,1254,0x0001,0,0
0.155563774,281,80425,10,-216,32,65,-158,276,0,1500,3212,2080,2090,1250,0x0001,0,0
0.156111451,282,80437,12,17,-1,-891,-69,-1042,0,1500,3242,2082,2104,1159,0x0001,0,0
0.156659296,283,80447,10,86,-116,30,-75,53,0,1500,3279,2077,2086,1177,0x0001,0,0
0.157206918,284,80459,12,-17,-59,110,97,63,0,1500,3307,2085,2098,1188,0x0001,0,0
0.157754763,285,80471,12,109,-13,-96,74,51,0,1500,3344,2082,2089,1160,0x0001,0,0
0.158307792,286,80481,10,5,-289,157,-71,24,0,1500,3374,2076,2099,1181,0x0001,0,0
0.158859488,287,80493,12,-63,-59,122,-30,41,0,1500,3408,2075,2088,1172,0x0001,0,0
0.159410166,288,80503,10,182,320,-325,-113,85,0,1500,3445,2081,2085,1173,0x0001,0,0
0.159958899,289,80515,12,-5,-59,65,10,86,0,1500,3475,2085,2097,1207,0x0001,0,0
0.160506911,290,80525,10,-28,55,123,180,23,0,1500,3509,2080,2090,1238,0x0001,0,0
0.161055162,291,80537,12,-86,-128,-4,18,-30,0,1500,3539,2085,2089,1293,0x0001,0,0
0.161603118,292,80549,12,5,-93,88,2,48,0,1500,3574,2075,2092,1135,0x0001,0,0
0.162151222,293,80559,10,-74,-13,65,14,95,0,1500,3604,2088,2091,1185,0x0001,0,0
0.162699548,294,80571,12,28,78,-106,94,-6,0,1500,3638,2080,2083,1185,0x0001,0,0
0.163247670,295,80581,10,-5,32,-95,-92,223,0,1500,3668,2088,2095,1157,0x0001,0,0
0.163795570,296,80593,12,17,32,-49,-93,-29,0,1500,3703,2085,2085,1172,0x0001,0,0
0.164343674,297,80603,10,28,-82,99,72,14,0,1500,3739,2090,2089,1195,0x0001,0,0
0.164891574,298,80615,12,40,-13,229,107,2,0,1500,3769,2093,2091,1172,0x0001,0,0
0.165439733,299,80625,10,-163,-36,64,58,49,0,1500,3804,2091,2068,1225,0x0001,0,0
0.165987855,300,80637,12,63,32,214,192,98,0,1500,3834,2089,2091,1192,0x0001,0,0
0.166536015,301,80647,10,-28,-13,133,-110,75,0,1500,3870,2083,2086,1129,0x0001,0,0
0.167099211,302,80659,12,86,21,19,39,190,0,1500,3900,2074,2093,1174,0x0001,0,0
0.167658111,303,80671,12,28,-36,-154,-87,-272,0,1500,3937,2108,2089,1233,0x0001,0,0
0.168213159,304,80681,10,-216,-358,513,218,7,0,1500,3974,2088,2093,1122,0x0001,0,0
0.168763540,305,80693,12,17,140,-84,-82,-18,0,1500,4006,2087,2109,1265,0x0001,0,0
0.169314051,306,80705,12,-224,44,180,104,-26,0,1500,4043,2080,2097,1222,0x0001,0,0
0.169864192,307,80715,10,17,-178,18,18,-250,0,1500,4073,2077,2091,1116,0x0001,0,0
0.170415777,308,80727,12,-120,44,332,349,181,0,1500,4110,2072,2089,1182,0x0001,0,0
0.170965881,309,80737,10,74,-381,364,351,-188,0,1500,4147,2086,2091,1212,0x0001,0,0
0.171516077,310,80749,12,63,-36,-141,-143,68,0,1500,4177,2084,2090,1242,0x0001,0,0
0.172066218,311,80759,10,55,-36,-84,173,-30,0,1500,4213,2086,2122,1206,0x0001,0,0
0.172614840,312,80771,12,167,32,7,5,-29,0,1500,4246,2112,2094,1237,0x0001,0,0
0.173163055,313,80783,12,-17,-1,18,-24,33,0,1500,4280,2098,2097,1240,0x0001,0,0
0.173711418,314,80793,10,5,-24,-4,4,-186,0,1500,4312,2102,2089,1221,0x0001,0,0
0.174259447,315,80805,12,-155,9,146,17,-11,0,1500,4347,2098,2088,1199,0x0001,0,0
0.174807922,316,80815,10,-212,159,-131,-148,-83,0,1500,4377,2087,2092,1179,0x0001,0,0
0.175355377,317,80827,12,-86,-47,-123,-62,-49,0,1500,4411,2090,2101,1185,0x0001,0,0
0.175902944,318,80837,10,190,-82,306,277,97,0,1500,4448,2097,2089,1240,0x0001,0,0
0.176450251,319,80849,12,5,-70,65,34,-32,0,1500,4478,2091,2084,1212,0x0001,0,0
0.176997596,320,80859,10,228,-36,-15,0,-10,0,1500,4512,2080,2091,1216,0x0001,0,0
0.177545274,321,80871,12,28,-36,-4,-6,-6,0,1500,4542,2090,2105,1219,0x0001,0,0
0.178092618,322,80881,10,-228,-36,53,-203,3,0,1500,4577,2073,2091,1236,0x0001,0,0
0.178641537,323,80893,12,5,-197,18,13,-15,0,1500,4607,2034,2089,1198,0x0001,0,0
0.179189622,324,80905,12,-17,32,-15,68,126,0,1500,4641,2085,2289,1236,0x0001,0,0
0.179737633,325,80915,10,-51,-47,133,84,-128,0,1500,4669,2090,2062,1203,0x0001,0,0
0.180285922,326,80927,12,-63,44,19,-280,2,0,1500,4706,2077,2099,1286,0x0001,0,0
0.180834007,327,80937,10,132,-358,536,513,-442,0,1500,4733,2084,2073,1253,0x0001,0,0
0.181381852,328,80949,12,-40,-36,-436,-314,-12,0,1500,4768,2085,2090,1240,0x0001,0,0
0.181929992,329,80959,10,17,-24,-50,-8,-34,0,1500,4805,2087,2086,1223,0x0001,0,0
0.182478466,330,80971,12,5,-24,19,181,-96,0,1500,4832,2074,2091,1231,0x0001,0,0
0.183026792,331,80981,10,90,-47,-50,12,-239,0,1500,4869,2079,2089,1196,0x0001,0,0
0.183574785,332,80993,12,-97,-36,-27,-9,31,0,1500,4899,2090,2091,1249,0x0001,0,0
0.184123074,333,81003,10,205,-36,8,30,-81,0,1500,4936,2087,2092,1208,0x0001,0,0
0.184670937,334,81015,12,97,21,19,53,28,0,1500,4966,2086,2093,1206,0x0001,0,0
0.185218985,335,81027,12,-5,-1,6,76,-16,0,1500,5000,2092,2092,1216,0x0001,0,0
0.185766866,336,81037,10,-51,255,-4,-9,-2,0,1500,5033,2080,2096,1127,0x0001,0,0
0.186315304,337,81049,12,213,78,-291,394,-174,0,1500,5069,2071,2091,1182,0x0001,0,0
0.186863092,338,81059,10,-17,-13,64,22,-64,0,1500,5099,2076,2087,1250,0x0001,0,0
0.187411122,339,81071,12,-28,32,252,24,-105,0,1500,5136,2098,2090,1201,0x0001,0,0
0.187958985,340,81081,10,155,-289,284,300,86,0,1500,5173,2103,2089,1211,0x0001,0,0
0.188507015,341,81093,12,-40,9,287,31,-465,0,1500,5203,2092,2096,1248,0x0001,0,0
0.189055044,342,81103,10,170,159,-187,-160,105,0,1500,5240,2083,2099,1238,0x0001,0,0
0.189602944,343,81115,12,-51,-93,-15,13,25,0,1500,5269,2090,2123,1236,0x0001,0,0
0.190150900,344,81125,10,251,-36,8,36,98,0,1500,5304,2070,2089,1208,0x0001,0,0
0.190698985,345,81137,12,-86,21,-95,0,105,0,1500,5334,2080,2095,1142,0x0001,0,0
0.191247163,346,81149,12,155,21,-176,-56,-94,0,1500,5371,2091,2090,1156,0x0001,0,0
0.191795045,347,81159,10,-143,-13,53,66,-31,0,1500,5401,2078,2102,1244,0x0001,0,0
0.192343093,348,81171,12,-143,9,134,-64,79,0,1500,5435,2091,2088,1098,0x0001,0,0
0.192890974,349,81181,10,-189,-24,-143,63,-14,0,1500,5465,2103,2084,1201,0x0001,0,0
0.193439022,350,81193,12,97,-139,42,33,-105,0,1500,5500,2083,2090,1237,0x0001,0,0
0.193986867,351,81203,10,17,-82,122,52,-169,0,1500,5536,2075,2089,1132,0x0001,0,0
0.194545582,352,81215,12,-28,-13,167,18,-168,0,1500,5564,2086,2091,1170,0x0001,0,0
0.195103093,353,81227,12,190,-36,-154,16,-191,0,1500,5599,2097,2107,1258,0x0001,0,0
0.195659252,354,81237,10,63,21,-61,2,4,0,1500,5635,2061,2086,1218,0x0001,0,0
0.196209596,355,81249,12,28,-59,31,70,-127,0,1500,5663,2093,2088,1228,0x0001,0,0
0.196759885,356,81259,10,120,-36,8,-218,-187,0,1500,5697,2091,2091,1224,0x0001,0,0
0.197310026,357,81271,12,282,-13,54,-66,-56,0,1500,5727,2094,2085,1210,0x0001,0,0
0.197858555,358,81281,10,-124,9,-4,248,-87,0,1500,5762,2054,2086,1180,0x0001,0,0
0.198407233,359,81293,12,28,-70,54,36,202,0,1500,5790,2064,2088,1193,0x0001,0,0
0.198955355,360,81305,12,5,-36,31,89,90,0,1500,5824,2091,2089,1181,0x0001,0,0
0.199503292,361,81315,10,86,-361,261,133,-17,0,1500,5854,2090,2089,1179,0x0001,0,0
0.200051878,362,81327,12,86,-13,183,-46,-140,0,1500,5888,2100,2086,1263,0x0001,0,0
0.200599963,363,81337,10,-74,-116,409,-162,-50,0,1500,5923,2098,2083,1266,0x0001,0,0
0.201147826,364,81349,12,51,44,-95,122,15,0,1500,5953,2094,2085,1229,0x0001,0,0
0.201695893,365,81359,10,97,-82,8,87,150,0,1500,5990,2094,2103,1157,0x0001,0,0
0.202243904,366,81371,12,28,-116,-361,-143,409,0,1500,6017,2137,2074,1268,0x0001,0,0
0.202792526,367,81381,10,86,-93,53,59,-176,0,1500,6054,2116,2094,1191,0x0001,0,0
0.203335241,368,81393,12,74,-24,156,-108,-129,0,1500,6084,2082,2092,1223,0x0001,0,0
0.203883363,369,81403,10,147,-162,76,108,139,0,1500,6121,2089,2096,1238,0x0001,0,0
0.204431300,370,81415,12,-28,255,100,-150,-46,0,1500,6151,2094,2099,1234,0x0001,0,0
0.204979459,371,81427,12,63,-70,7,97,238,0,1500,6188,2097,2093,1284,0x0001,0,0
0.205527341,372,81437,10,-40,-189,351,-143,190,0,1500,6217,2102,2097,1122,0x0001,0,0
0.206075445,373,81449,12,74,21,-95,84,50,0,1500,6252,2087,2099,1232,0x0001,0,0
0.206623585,374,81459,10,-40,-1,6,-5,161,0,1500,6,2085,2095,1203,0x0001,0,0
0.207171856,375,81471,12,-86,-93,179,-18,-37,0,1500,36,2091,2087,1228,0x0001,0,0
0.207719885,376,81481,10,5,-139,134,253,270,0,1500,72,2078,2089,1244,0x0001,0,0
0.208267971,377,81493,12,-86,21,-39,42,17,0,1500,102,2083,2123,1220,0x0001,0,0
0.208815871,378,81503,10,86,-36,8,-231,118,0,1500,137,2065,2093,1269,0x0001,0,0
0.209363919,379,81515,12,-40,-212,144,-134,-77,0,1500,167,2091,2085,1214,0x0001,0,0
0.209911874,380,81527,12,-86,-1,87,-97,-47,0,1500,201,2076,2067,1227,0x0001,0,0
0.210460182,381,81537,10,5,-151,214,-69,-228,0,1500,231,2086,2091,1206,0x0001,0,0
0.211008100,382,81549,12,-247,-13,260,-41,-1,0,1500,266,2090,2121,1247,0x0001,0,0
0.211556149,383,81559,10,109,-13,53,-49,-24,0,1500,296,2083,2096,1206,0x0001,0,0
0.212104049,384,81571,12,5,-36,-225,80,-32,0,1500,330,2104,2094,1237,0x0001,0,0
0.212651912,385,81581,10,5,44,-39,11,65,0,1500,365,2084,2096,1220,0x0001,0,0
0.213199960,386,81593,12,-86,-47,-118,56,122,0,1500,392,2082,2091,1260,0x0001,0,0
0.213747860,387,81603,10,101,-70,-4,53,2,0,1500,429,2085,2088,1197,0x0001,0,0
0.214296204,388,81615,12,5,101,8,0,-13,0,1500,457,2104,2103,1201,0x0001,0,0
0.214844086,389,81627,12,-40,182,-142,50,118,0,1500,491,2098,2093,1168,0x0001,0,0
0.215392189,390,81637,10,97,-247,294,-191,0,0,1500,521,2096,2090,1211,0x0001,0,0
0.215940089,391,81649,12,97,-243,146,770,13,0,1500,556,2088,2091,1171,0x0001,0,0
0.216488175,392,81659,10,-132,44,-164,155,58,0,1500,583,2094,2096,1208,0x0001,0,0
0.217036093,393,81671,12,40,9,207,-149,-22,0,1500,618,2092,2154,1187,0x0001,0,0
0.217584290,394,81681,10,74,-128,19,36,112,0,1500,654,2088,2096,1205,0x0001,0,0
0.218132153,395,81693,12,86,-116,30,-1,-48,0,1500,684,2089,2094,1176,0x0001,0,0
0.218680478,396,81703,10,-228,-82,122,-107,7,0,1500,719,2100,2096,1177,0x0001,0,0
0.219228341,397,81715,12,5,-588,30,13,-146,0,1500,749,2082,2090,1206,0x0001,0,0
0.219776519,398,81725,10,-438,-36,294,194,-67,0,1500,786,2088,2085,1164,0x0001,0,0
0.220324660,399,81737,12,5,55,-118,120,10,0,1500,816,2082,2094,1234,0x0001,0,0
0.220872727,400,81747,10,109,-93,-16,39,119,0,1500,852,2092,2092,1238,0x0001,0,0
0.221420608,401,81759,12,109,-93,-38,44,-30,0,1500,885,2089,2087,1205,0x0001,0,0
0.221977916,402,81771,12,109,-13,-352,334,308,0,1500,921,2092,2077,1215,0x0001,0,0
0.222535482,403,81781,10,228,55,-129,899,545,0,1500,958,2096,2091,1211,0x0001,0,0
0.223090271,404,81793,12,17,67,421,-433,173,0,1500,988,2082,2095,1186,0x0001,0,0
0.223640652,405,81805,12,74,-82,8,234,-10,0,1500,1025,2107,2094,1151,0x0001,0,0
0.224190978,406,81815,10,5,-24,99,-100,33,0,1500,1055,2088,2122,1215,0x0001,0,0
0.224741397,407,81827,12,144,147,-35,203,87,0,1500,1092,2092,2100,1209,0x0001,0,0
0.225291834,408,81837,10,-212,159,-73,82,52,0,1500,1129,2087,2067,1231,0x0001,0,0
0.225840086,409,81849,12,-17,-47,-192,107,-9,0,1500,1158,2097,2092,1279,0x0001,0,0
0.226388671,410,81859,10,17,274,-279,298,-197,0,1500,1195,2076,2092,1247,0x0001,0,0
0.226936756,411,81871,12,74,-47,-95,100,18,0,1500,1225,2079,2090,1173,0x0001,0,0
0.227486619,412,81881,10,-216,9,123,409,67,0,1500,1262,2084,2093,1243,0x0001,0,0
0.228037001,413,81893,12,97,78,272,-221,-16,0,1500,1292,2112,2089,1133,0x0001,0,0
0.228585104,414,81905,12,5,-82,77,-309,-96,0,1500,1326,2072,2075,1173,0x0001,0,0
0.229133745,415,81915,10,-51,-91,31,-36,-14,0,1500,1356,2089,2100,1238,0x0001,0,0
0.229681886,416,81927,12,-28,170,114,-71,62,0,1500,1393,2091,2094,1173,0x0001,0,0
0.230230064,417,81937,10,40,-1,-27,18,15,0,1500,1428,2095,2084,1146,0x0001,0,0
0.230778352,418,81949,12,-63,-24,343,-259,56,0,1500,1458,2099,2091,1215,0x0001,0,0
0.231326530,419,81959,10,-5,251,-234,277,41,0,1500,1494,2088,2099,1210,0x0001,0,0
0.231876578,420,81971,12,28,-93,-96,53,-106,0,1500,1524,2084,2093,1201,0x0001,0,0
0.232425367,421,81981,10,-205,170,-84,145,-63,0,1500,1559,2092,2091,1214,0x0001,0,0
0.232973415,422,81993,12,51,193,-129,79,-121,0,1500,1589,2095,2094,1260,0x0001,0,0
0.233523982,423,82005,12,155,-82,-73,177,-72,0,1500,1623,2090,2123,1198,0x0001,0,0
0.234075049,424,82015,10,-51,-59,237,-156,-65,0,1500,1653,2087,2093,1271,0x0001,0,0
0.234624264,425,82027,12,74,-24,-50,114,-7,0,1500,1690,2091,2089,1232,0x0001,0,0
0.235172090,426,82037,10,17,113,-85,117,-66,0,1500,1727,2094,2089,1145,0x0001,0,0
0.235719878,427,82049,12,17,-70,-475,287,-397,0,1500,1757,2087,2096,1217,0x0001,0,0
0.236267964,428,82059,10,170,124,-210,-85,-195,0,1500,1793,2090,2085,1287,0x0001,0,0
0.236815753,429,82071,12,-17,32,-16,3,-18,0,1500,1823,2094,2092,1235,0x0001,0,0
0.237363727,430,82083,12,420,-1,-419,115,-70,0,1500,1860,2086,2089,1187,0x0001,0,0
0.237911497,431,82093,10,17,101,-153,45,90,0,1500,1890,2077,2087,1275,0x0001,0,0
0.238459712,432,82105,12,-17,-70,87,1,-19,0,1500,1929,2088,2104,1160,0x0001,0,0
0.239007427,433,82115,10,17,189,111,11,150,0,1500,1959,2093,2092,1202,0x0001,0,0
0.239555493,434,82127,12,17,-36,19,-8,60,0,1500,1996,2127,2094,1266,0x0001,0,0
0.240103634,435,82137,10,236,-1,-16,0,-110,0,1500,2033,2124,2096,1258,0x0001,0,0
0.240651664,436,82149,12,-74,-116,190,76,56,0,1500,2065,2084,2148,1185,0x0001,0,0
0.241199434,437,82159,10,63,-36,19,-36,7,0,1500,2102,2082,2096,1199,0x0001,0,0
0.241747427,438,82171,12,-40,-1,-4,21,6,0,1500,2132,2079,2116,1220,0x0001,0,0
0.242301086,439,82181,10,51,67,-118,237,-208,0,1500,2169,2112,2084,1210,0x0001,0,0
0.242851060,440,82193,12,-17,-247,-281,-33,-67,0,1500,2198,2081,2097,1255,0x0001,0,0
0.243401071,441,82205,12,-5,32,-27,16,-34,0,1500,2235,2091,2095,1244,0x0001,0,0
0.243951082,442,82215,10,-86,136,-153,118,151,0,1500,2270,2078,2094,1208,0x0001,0,0
0.244499205,443,82227,12,-74,9,-191,-2,-5,0,1500,2300,2079,2074,1227,0x0001,0,0
0.245047160,444,82237,10,-251,32,-15,32,501,0,1500,2337,2086,2098,1246,0x0001,0,0
0.245594912,445,82249,12,-97,-116,272,247,346,0,1500,2366,2080,2091,1142,0x0001,0,0
0.246142923,446,82259,10,-74,-13,41,0,62,0,1500,2401,2092,2091,1171,0x0001,0,0
0.246690953,447,82271,12,40,-59,-233,-51,-248,0,1500,2431,2083,2093,1210,0x0001,0,0
0.247238890,448,82283,12,109,136,-245,-24,166,0,1500,2465,2077,2090,1177,0x0001,0,0
0.247788938,449,82293,10,-74,-36,-38,-32,213,0,1500,2495,2086,2099,1202,0x0001,0,0
0.248339486,450,82305,12,28,216,-244,41,11,0,1500,2530,2085,2096,1179,0x0001,0,0
0.248888182,451,82315,10,-28,239,-188,179,45,0,1500,2564,2097,2092,1183,0x0001,0,0
0.249460564,452,82327,12,-178,-36,-119,-80,-121,0,1500,2594,2103,2100,1179,0x0001,0,0
0.250019075,453,82339,12,-63,9,54,-62,191,0,1500,2631,2079,2091,1213,0x0001,0,0
0.250573493,454,82349,10,-17,-59,87,-14,213,0,1500,2666,2083,2092,1252,0x0001,0,0
0.251123875,455,82361,12,97,-36,-141,-54,-138,0,1500,2695,2083,2098,1206,0x0001,0,0
0.251673830,456,82371,10,-51,-13,53,-236,130,0,1500,2730,2113,2091,1205,0x0001,0,0
0.252223878,457,82383,12,-63,21,-39,102,-53,0,1500,2760,2078,2110,1194,0x0001,0,0
0.252773649,458,82395,12,40,9,-49,97,83,0,1500,2797,2085,2089,1186,0x0001,0,0
0.253323660,459,82405,10,-5,-247,180,-149,214,0,1500,2827,2083,2095,1204,0x0001,0,0
0.253873486,460,82417,12,28,-24,252,-10,140,0,1500,2863,2081,2094,1137,0x0001,0,0
0.254423941,461,82427,10,-178,-162,122,-80,-265,0,1500,2900,2081,2088,1190,0x0001,0,0
0.254974063,462,82439,12,51,21,156,30,154,0,1500,2932,2089,2088,1236,0x0001,0,0
0.255524241,463,82449,10,251,-59,-27,168,162,0,1500,2969,2093,2090,1227,0x0001,0,0
0.256074086,464,82461,12,-5,-70,-222,-5,-237,0,1500,2999,2097,2086,1164,0x0001,0,0
0.256624078,465,82473,12,17,67,-84,31,82,0,1500,3036,2085,2088,1174,0x0001,0,0
0.257173867,466,82483,10,-51,751,-510,136,-118,0,1500,3324,2085,2086,1201,0x0001,0,0
0.257723989,467,82495,12,17,9,230,116,103,0,1500,3105,2096,2071,1200,0x0001,0,0
0.258274037,468,82505,10,216,-47,-4,-52,-116,0,1500,3142,2083,2083,1244,0x0001,0,0
0.258829660,469,82517,12,17,32,-154,0,-180,0,1500,3172,2079,2090,1243,0x0001,0,0
0.259377837,470,82527,10,-37,-13,41,30,10,0,1500,3209,2085,2094,1220,0x0001,0,0
0.259925719,471,82539,12,-51,151,7,136,-87,0,1500,3241,2091,2088,1107,0x0001,0,0
0.260474563,472,82551,12,63,-105,42,130,68,0,1500,3278,2080,2086,1162,0x0001,0,0
0.261023149,473,82561,10,97,-36,110,76,80,0,1500,3308,2072,2104,1266,0x0001,0,0
0.261571049,474,82573,12,-40,-13,53,163,203,0,1500,3344,2061,2090,1135,0x0001,0,0
0.262118819,475,82583,10,5,-47,156,132,24,0,1500,3374,2083,2075,1212,0x0001,0,0
0.262667404,476,82595,12,5,-47,42,47,109,0,1500,3411,2078,2086,1224,0x0001,0,0
0.263215286,477,82605,10,40,-1,64,71,26,0,1500,3448,2097,2091,1166,0x0001,0,0
0.263763204,478,82617,12,5,-13,31,59,-21,0,1500,3478,2088,2089,1207,0x0001,0,0
0.264311234,479,82627,10,124,-93,53,249,85,0,1500,3515,2085,2087,1257,0x0001,0,0
0.264859338,480,82639,12,-212,-47,-4,2,-9,0,1500,3545,2080,2091,1153,0x0001,0,0
0.265407164,481,82651,12,-97,101,-4,-71,-85,0,1500,3579,2069,2094,1160,0x0001,0,0
0.265955193,482,82661,10,-454,174,54,67,251,0,1500,3609,2083,2039,1188,0x0001,0,0
0.266503315,483,82673,12,-5,-36,41,346,0,0,1500,3646,2088,2091,1135,0x0001,0,0
0.267051290,484,82683,10,97,-13,99,107,12,0,1500,3676,2062,2095,1205,0x0001,0,0
0.267599023,485,82695,12,74,101,-175,-38,14,0,1500,3713,2082,2087,1190,0x0001,0,0
0.268146978,486,82705,10,120,32,19,38,89,0,1500,3747,2089,2091,1182,0x0001,0,0
0.268694897,487,82717,12,28,-151,123,68,5,0,1500,3779,2080,2090,1209,0x0001,0,0
0.269242853,488,82727,10,-261,-47,351,126,0,0,1500,3814,2089,2095,1276,0x0001,0,0
0.269790808,489,82739,12,86,-13,-141,-130,-57,0,1500,3846,2076,2079,1203,0x0001,0,0
0.270338856,490,82749,10,205,-105,88,61,-12,0,1500,3883,2076,2091,1145,0x0001,0,0
0.270886830,491,82761,12,-258,-24,64,61,22,0,1500,3913,2070,2084,1157,0x0001,0,0
0.271434601,492,82773,12,17,-1,-16,1,-118,0,1500,3950,2075,2089,1205,0x0001,0,0
0.271982575,493,82783,10,-63,9,99,114,-59,0,1500,3982,2095,2083,1182,0x0001,0,0
0.272530345,494,82795,12,155,78,-233,-11,42,0,1500,4019,2100,2085,1236,0x0001,0,0
0.273078431,495,82805,10,-40,32,-152,-159,-89,0,1500,4055,2084,2088,1142,0x0001,0,0
0.273626201,496,82817,12,5,-36,-225,-19,35,0,1500,4088,2086,2077,1122,0x0001,0,0
0.274174175,497,82827,10,74,90,-337,-343,-61,0,1500,4124,2087,2090,1152,0x0001,0,0
0.274722260,498,82839,12,51,193,-96,-99,93,0,1500,4157,2089,2095,1238,0x0001,0,0
0.275270216,499,82849,10,-251,-485,502,-12,-8,0,1500,4193,2085,2097,1212,0x0001,0,0
0.275818060,500,82861,12,17,-151,19,18,-22,0,1500,4223,2084,2112,1199,0x0001,0,0
0.276360831,501,82873,12,224,-47,-16,-11,90,0,1500,4260,2088,2109,1186,0x0001,0,0
0.276908694,502,82883,10,5,55,-129,-136,-55,0,1500,4292,2084,2091,1211,0x0001,0,0
0.277469242,503,82895,12,28,55,429,261,-272,0,1500,4329,2087,2091,1184,0x0001,0,0
0.278027938,504,82905,10,-149,-220,260,-238,42,0,1500,4364,2081,2093,1184,0x0001,0,0
0.278583967,505,82917,12,-109,-1,88,113,117,0,1500,4394,2088,2096,1232,0x0001,0,0
0.279134090,506,82929,12,-5,21,-16,127,8,0,1500,4430,2093,2101,1242,0x0001,0,0
0.279684342,507,82939,10,-155,-235,-303,-235,-223,0,1500,4460,2086,2088,1212,0x0001,0,0
0.280234779,508,82951,12,51,-47,252,150,-160,0,1500,4497,2085,2094,1251,0x0001,0,0
0.280785012,509,82961,10,-281,-24,-154,-107,-85,0,1500,4532,2087,2092,1248,0x0001,0,0
0.281335430,510,82973,12,178,44,99,77,-74,0,1500,4562,1833,2092,1243,0x0001,0,0
0.281885867,511,82983,10,-51,193,-107,-161,120,0,1500,4596,2087,2094,1177,0x0001,0,0
0.282434619,512,82995,12,63,21,8,11,6,0,1500,4626,2077,2085,1205,0x0001,0,0
0.282982575,513,83007,12,-40,-1,41,-60,-9,0,1500,4661,2101,2113,1249,0x0001,0,0
0.283530716,514,83017,10,28,-70,-61,-17,-159,0,1500,4690,2079,2111,1240,0x0001,0,0
0.284078912,515,83029,12,-109,-47,156,-513,-24,0,1500,4725,2056,2094,1248,0x0001,0,0
0.284627164,516,83039,10,74,-1,-131,-69,135,0,1500,4755,2087,2086,1241,0x0001,0,0
0.285175064,517,83051,12,109,-24,171,116,-25,0,1500,4789,2084,2086,1236,0x0001,0,0
0.285723149,518,83061,10,-40,-105,122,129,57,0,1500,4826,2086,2093,1204,0x0001,0,0
0.286271068,519,83073,12,-155,-47,202,73,-85,0,1500,4856,2077,2085,1242,0x0001,0,0
0.286819653,520,83083,10,239,55,-60,191,-45,0,1500,4891,2079,2091,1242,0x0001,0,0
0.287367701,521,83095,12,86,-24,-27,-8,31,0,1500,4921,2085,2095,1214,0x0001,0,0
0.287915823,522,83105,10,40,147,-164,85,-54,0,1500,4957,2087,2094,1203,0x0001,0,0
0.288463760,523,83117,12,-143,-24,-349,-33,457,0,1500,4990,2086,2089,1192,0x0001,0,0
0.289011882,524,83129,12,28,-93,65,-94,168,0,1500,5026,2085,2093,1196,0x0001,0,0
0.289559801,525,83139,10,40,-224,19,76,-216,0,1500,5056,2096,2094,1259,0x0001,0,0
0.290107905,526,83151,12,-17,-24,41,68,-131,0,1500,5093,2087,2087,1255,0x0001,0,0
0.290656157,527,83161,10,144,55,-187,-77,396,0,1500,5130,2078,2092,1230,0x0001,0,0
0.291204446,528,83173,12,17,205,-222,-13,51,0,1500,5160,2085,2099,1229,0x0001,0,0
0.291752401,529,83183,10,17,-13,53,15,-216,0,1500,5197,2087,2094,1222,0x0001,0,0
0.292301060,530,83195,12,86,-36,65,116,-5,0,1500,5227,2083,2082,1176,0x0001,0,0
0.292849201,531,83205,10,-261,67,260,-72,198,0,1500,5263,2097,2095,1183,0x0001,0,0
0.293397120,532,83217,12,120,21,30,-47,-58,0,1500,5293,2084,2096,1164,0x0001,0,0
0.293945223,533,83229,12,-5,562,-557,23,-149,0,1500,5330,2098,2091,1163,0x0001,0,0
0.294493660,534,83239,10,-17,9,169,-82,38,0,1500,5360,2078,2093,1182,0x0001,0,0
0.295041820,535,83251,12,-17,78,-61,495,-346,0,1500,5397,2086,2093,1278,0x0001,0,0
0.295589757,536,83261,10,-270,-1,29,-4,223,0,1500,5427,2098,2080,1218,0x0001,0,0
0.296137861,537,83273,12,5,21,230,-63,-184,0,1500,5461,2094,2091,1268,0x0001,0,0
0.296685779,538,83283,10,5,9,-164,36,-233,0,1500,5498,2102,2090,1260,0x0001,0,0
0.297233864,539,83295,12,74,-36,19,73,-1,0,1500,5528,2093,2146,1175,0x0001,0,0
0.297781838,540,83305,10,-132,-277,328,-61,-198,0,1500,5562,2087,2092,1216,0x0001,0,0
0.298330294,541,83317,12,-74,-47,52,33,-48,0,1500,5592,2083,2082,1295,0x0001,0,0
0.298877620,542,83329,12,74,32,-106,8,-31,0,1500,5627,2083,2089,1303,0x0001,0,0
0.299425168,543,83339,10,74,-47,75,-7,-77,0,1500,5657,2082,2112,1228,0x0001,0,0
0.299972679,544,83351,12,5,32,-37,-76,-163,0,1500,5691,2074,2086,1190,0x0001,0,0
0.300520338,545,83361,10,63,-243,98,2,157,0,1500,5721,2095,2088,1220,0x0001,0,0
0.301067627,546,83373,12,97,-1,416,306,-280,0,1500,5756,2078,2087,1184,0x0001,0,0
0.301615083,547,83383,10,-40,32,111,-104,-192,0,1500,5790,2078,2089,1204,0x0001,0,0
0.302162298,548,83395,12,28,-185,-99,147,180,0,1500,5820,2091,2094,1158,0x0001,0,0
0.302711179,549,83405,10,-17,9,42,-38,-481,0,1500,5855,2078,2087,1149,0x0001,0,0
0.303259653,550,83417,12,17,-70,-27,113,13,0,1500,5882,2093,2089,1238,0x0001,0,0
0.303807794,551,83427,10,-136,-47,133,215,36,0,1500,5919,2086,2145,1230,0x0001,0,0
0.304355768,552,83439,12,97,-59,-50,39,43,0,1500,5949,2080,2087,1199,0x0001,0,0
0.304914705,553,83451,12,-17,-105,122,-8,124,0,1500,5984,2042,2084,1121,0x0001,0,0
0.305472920,554,83461,10,-173,21,145,115,97,0,1500,6020,2084,2095,1233,0x0001,0,0
0.306027635,555,83473,12,-63,-24,-223,-67,251,0,1500,6050,2072,2093,1257,0x0001,0,0
0.306578961,556,83483,10,-74,-1,75,78,-9,0,1500,6087,2074,2094,1196,0x0001,0,0
0.307128416,557,83495,12,144,-59,190,-142,-407,0,1500,6117,2067,2095,1044,0x0001,0,0
0.307677983,558,83507,12,-51,-13,64,3,-320,0,1500,6154,2099,2095,1199,0x0001,0,0
0.308227364,559,83517,10,-120,90,-222,112,376,0,1500,6188,2118,2105,1423,0x0001,0,0
0.308775264,560,83529,12,224,-162,-62,-30,32,0,1500,6221,2098,2096,1161,0x0001,0,0
0.309322590,561,83539,10,17,55,-152,93,-126,0,1500,6255,2105,2099,1225,0x0001,0,0
0.309870083,562,83551,12,-51,-139,87,-74,-58,0,1500,2,2093,2092,1261,0x0001,0,0
0.310418464,563,83561,10,239,-1,-143,146,-100,0,1500,39,2101,2087,1235,0x0001,0,0
0.310966716,564,83573,12,5,-47,88,54,-141,0,1500,69,2091,2078,1198,0x0001,0,0
0.311514709,565,83585,12,5,78,-83,-70,41,0,1500,103,2094,2094,1235,0x0001,0,0
0.312062831,566,83595,10,-178,-132,-39,106,224,0,1500,133,2109,2087,1464,0x0001,0,0
0.312610916,567,83607,12,17,-1,240,9,-47,0,1500,167,2084,2083,1250,0x0001,0,0
0.313159076,568,83617,10,63,-59,145,-107,273,0,1500,202,2085,2094,1226,0x0001,0,0
0.313707068,569,83629,12,155,67,34,-53,-102,0,1500,232,2088,2106,1234,0x0001,0,0
0.314255153,570,83639,10,239,44,-72,45,16,0,1500,266,2092,2090,1247,0x0001,0,0
0.314803776,571,83651,12,5,-36,179,-182,-68,0,1500,296,2094,2092,1243,0x0001,0,0
0.315346120,572,83661,10,190,-47,42,758,-111,0,1500,331,2100,2098,1208,0x0001,0,0
0.315893428,573,83673,12,28,44,-544,248,554,0,1500,358,2089,2087,1261,0x0001,0,0
0.316440939,574,83683,10,-66,228,-165,-486,-56,0,1500,393,2086,2093,1204,0x0001,0,0
0.316988413,575,83695,12,167,-1,76,-63,-43,0,1500,423,2086,2094,1196,0x0001,0,0
0.317535720,576,83707,12,120,90,-210,90,-64,0,1500,457,2092,2093,1212,0x0001,0,0
0.318083139,577,83717,10,63,251,-141,122,-184,0,1500,485,2100,2091,1171,0x0001,0,0
0.318630650,578,83729,12,63,-24,-39,-86,-48,0,1500,520,2086,2093,1233,0x0001,0,0
0.319178180,579,83739,10,51,-174,260,-203,-35,0,1500,547,2088,2102,1197,0x0001,0,0
0.319725432,580,83751,12,-5,-105,110,22,-60,0,1500,582,2091,2095,1235,0x0001,0,0
0.320273294,581,83761,10,558,-36,-4,22,61,0,1500,616,2085,2089,1227,0x0001,0,0
0.320820676,582,83773,12,97,-82,241,-92,-37,0,1500,646,2082,2101,1239,0x0001,0,0
0.321368113,583,83783,10,-380,-36,306,178,-95,0,1500,681,2096,2090,1202,0x0001,0,0
0.321915476,584,83795,12,167,-1,88,-45,-133,0,1500,710,2094,2109,1225,0x0001,0,0
0.322463691,585,83805,10,-205,-13,76,-81,-32,0,1500,745,2091,2099,1247,0x0001,0,0
0.323011832,586,83817,12,28,44,-61,44,-954,0,1500,775,2090,2086,1230,0x0001,0,0
0.323559954,587,83829,12,5,55,-60,190,-80,0,1500,812,2093,2104,1231,0x0001,0,0
0.324107872,588,83839,10,-17,-24,-4,21,175,0,1500,842,2085,2096,1221,0x0001,0,0
0.324656069,589,83851,12,40,-70,30,5,57,0,1500,876,2095,2091,1236,0x0001,0,0
0.325203987,590,83861,10,74,32,-141,147,47,0,1500,906,2092,2095,1180,0x0001,0,0
0.325752110,591,83873,12,28,147,337,-337,159,0,1500,943,2089,2095,1182,0x0001,0,0
0.326300343,592,83883,10,97,-47,-50,56,289,0,1500,980,2093,2087,1213,0x0001,0,0
0.326848613,593,83895,12,97,78,65,-71,152,0,1500,1010,2137,2087,1171,0x0001,0,0
0.327396513,594,83905,10,-17,21,99,156,-36,0,1500,1044,2092,2097,1167,0x0001,0,0
0.327944599,595,83917,12,40,-70,-280,277,-143,0,1500,1074,2095,2090,1213,0x0001,0,0
0.328492554,596,83929,12,5,-47,42,-29,17,0,1500,1111,2076,2096,1130,0x0001,0,0
0.329040639,597,83939,10,51,96,-188,197,98,0,1500,1141,2089,2070,1132,0x0001,0,0
0.329588743,598,83951,12,109,136,-245,90,-55,0,1500,1175,2094,2081,1142,0x0001,0,0
0.330136699,599,83961,10,-51,-162,88,-107,390,0,1500,1205,2093,2100,1198,0x0001,0,0
0.330685099,600,83973,12,51,-36,241,-244,-262,0,1500,1242,2087,2097,1233,0x0001,0,0
0.331232443,601,83983,10,-5,21,-95,87,288,0,1500,1277,2095,2095,1154,0x0001,0,0
0.331779954,602,83995,12,97,-1,-96,221,-123,0,1500,1306,2090,2088,1161,0x0001,0,0
0.332336410,603,84005,10,-239,-36,41,211,53,0,1500,1341,2091,2063,1232,0x0001,0,0
0.332893606,604,84017,12,-5,-247,65,-83,209,0,1500,1371,2123,2114,1212,0x0001,0,0
0.333447524,605,84029,12,-86,44,-214,129,39,0,1500,1405,2083,2086,1119,0x0001,0,0
0.333997535,606,84039,10,51,55,-50,59,-121,0,1500,1440,2095,2099,1115,0x0001,0,0
0.334547139,607,84051,12,63,-24,-5,-62,-151,0,1500,1470,2084,2103,1176,0x0001,0,0
0.335095743,608,84061,10,-124,124,-4,64,123,0,1500,1504,2083,2100,1195,0x0001,0,0
0.335643847,609,84073,12,5,-13,-142,173,24,0,1500,1534,2095,2094,1211,0x0001,0,0
0.336192117,610,84085,12,-40,-1,41,293,41,0,1500,1569,2095,2090,1243,0x0001,0,0
0.336740943,611,84095,10,63,-178,87,-63,-192,0,1500,1599,2082,2072,1211,0x0001,0,0
0.337288824,612,84107,12,51,-24,-27,-335,-78,0,1500,1633,2099,2095,1239,0x0001,0,0
0.337836743,613,84117,10,-51,9,-14,14,249,0,1500,1663,2090,2109,1199,0x0001,0,0
0.338385273,614,84129,12,63,-93,-226,163,-153,0,1500,1698,2091,2095,1111,0x0001,0,0
0.338933136,615,84139,10,144,90,-187,144,-117,0,1500,1734,2093,2106,1156,0x0001,0,0
0.339481110,616,84151,12,-5,-116,157,-208,-1,0,1500,1764,2089,2091,1174,0x0001,0,0
0.340029343,617,84161,10,5,-82,-15,198,-50,0,1500,1801,2090,2094,1227,0x0001,0,0
0.340577891,618,84173,12,51,-36,-4,9,3,0,1500,1831,2087,2101,1184,0x0001,0,0
0.341125995,619,84185,12,51,-82,31,180,76,0,1500,1868,2093,2085,1193,0x0001,0,0
0.341673858,620,84195,10,259,67,-233,231,-107,0,1500,1898,2083,2099,1262,0x0001,0,0
0.342221869,621,84207,12,-155,-13,168,-43,-26,0,1500,1935,2087,2108,1267,0x0001,0,0
0.342770102,622,84217,10,167,320,-280,336,-93,0,1500,1965,2108,2092,1441,0x0001,0,0
0.343318595,623,84229,12,5,-1,252,-31,71,0,1500,2001,2058,2090,1152,0x0001,0,0
0.343866384,624,84239,10,132,-24,-85,-16,44,0,1500,2038,2082,2103,1217,0x0001,0,0
0.344414414,625,84251,12,-155,-1,156,-157,181,0,1500,2068,2097,2086,1202,0x0001,0,0
0.344962165,626,84261,10,239,9,-106,-246,220,0,1500,2105,2086,2093,1194,0x0001,0,0
0.345510177,627,84273,12,-17,193,99,-56,82,0,1500,2135,2103,2096,1208,0x0001,0,0
0.346057947,628,84283,10,28,-36,19,-292,356,0,1500,2169,2082,2090,1202,0x0001,0,0
0.346606569,629,84295,12,-17,-1,-85,-35,-109,0,1500,2199,2081,2086,1231,0x0001,0,0
0.347154284,630,84307,12,155,-197,42,3,-301,0,1500,2236,2087,2070,1213,0x0001,0,0
0.347702258,631,84317,10,5,-13,19,-209,198,0,1500,2266,2066,2078,1250,0x0001,0,0
0.348250010,632,84329,12,17,-13,-4,-266,258,0,1500,2300,2091,2098,1203,0x0001,0,0
0.348798003,633,84339,10,51,-13,-61,-30,-173,0,1500,2335,2099,2100,1242,0x0001,0,0
0.349345736,634,84351,12,-5,-47,52,-88,162,0,1500,2365,2080,2083,1227,0x0001,0,0
0.349893729,635,84361,10,-28,-82,352,25,43,0,1500,2399,2071,2093,1228,0x0001,0,0
0.350441795,636,84373,12,-40,-47,-567,281,-523,0,1500,2429,2162,2088,1236,0x0001,0,0
0.350989788,637,84383,10,438,-1,-281,141,59,0,1500,2464,2073,2095,1210,0x0001,0,0
0.351537929,638,84395,12,-40,21,-50,-37,-55,0,1500,2491,2081,2089,1230,0x0001,0,0
0.352085995,639,84405,10,132,216,-348,-172,96,0,1500,2526,2094,2099,1209,0x0001,0,0
0.352633970,640,84417,12,5,-36,214,14,215,0,1500,2556,2059,2082,1208,0x0001,0,0
0.353181703,641,84429,12,-132,147,-15,-140,106,0,1500,2590,2087,2091,1180,0x0001,0,0
0.353729621,642,84439,10,-51,-24,-707,-486,-196,0,1500,2618,2080,2094,1044,0x0001,0,0
0.354280799,643,84451,12,-51,-24,-181,-62,-163,0,1500,2653,2091,2093,1106,0x0001,0,0
0.354831051,644,84461,10,-155,-59,-50,-100,61,0,1500,2687,2093,2089,1215,0x0001,0,0
0.355379358,645,84473,12,63,-13,111,124,99,0,1500,2717,2088,2088,1213,0x0001,0,0
0.355927351,646,84483,10,-251,-116,202,7,222,0,1500,2751,2084,2092,1218,0x0001,0,0
0.356475196,647,84495,12,28,-59,87,-3,89,0,1500,2781,2080,2089,1185,0x0001,0,0
0.357023114,648,84507,12,40,147,-187,25,254,0,1500,2816,2080,2087,1210,0x0001,0,0
0.357570922,649,84517,10,-5,-59,52,14,51,0,1500,2846,2093,2102,1191,0x0001,0,0
0.358118840,650,84529,12,28,-47,19,34,331,0,1500,2883,2087,2082,1167,0x0001,0,0
0.358666962,651,84539,10,-40,-70,-16,-66,3,0,1500,2913,2087,2080,1198,0x0001,0,0
0.359215048,652,84551,12,-5,67,-318,-184,-221,0,1500,2949,2087,2102,1193,0x0001,0,0
0.359778429,653,84561,10,-147,-116,167,23,202,0,1500,2986,2086,2090,1194,0x0001,0,0
0.360336329,654,84573,12,-40,9,-177,81,-225,0,1500,3016,2080,2093,1209,0x0001,0,0
0.360890358,655,84585,12,-17,-105,122,16,127,0,1500,3051,2076,2090,1214,0x0001,0,0
0.361440740,656,84595,10,-28,-70,179,99,27,0,1500,3087,2081,2067,1208,0x0001,0,0
0.361990584,657,84607,12,-5,-59,-192,9,-114,0,1500,3117,2098,2085,1235,0x0001,0,0
0.362541355,658,84617,10,17,412,-452,-41,91,0,1500,3154,2082,2094,1231,0x0001,0,0
0.363091181,659,84629,12,-51,-174,52,30,44,0,1500,3184,2086,2114,1259,0x0001,0,0
0.363641303,660,84641,12,144,343,-487,22,-89,0,1500,3219,2089,2088,1193,0x0001,0,0
0.364191277,661,84651,10,17,-235,122,52,113,0,1500,3248,2055,2084,1134,0x0001,0,0
0.364741306,662,84663,12,-5,-36,297,182,188,0,1500,3285,2091,2089,1206,0x0001,0,0
0.365289669,663,84673,10,-132,-162,248,124,-28,0,1500,3320,2113,2083,1234,0x0001,0,0
0.365837458,664,84685,12,74,-24,462,110,280,0,1500,3350,2076,2088,1133,0x0001,0,0
0.366385766,665,84695,10,-2,-174,260,142,59,0,1500,3387,2081,2084,1273,0x0001,0,0
0.366933518,666,84707,12,-28,-59,167,93,145,0,1500,3416,2080,2112,1174,0x0001,0,0
0.367481510,667,84717,10,216,44,-141,-125,-20,0,1500,3451,2092,2095,1156,0x0001,0,0
0.368029244,668,84729,12,40,-24,-72,-75,-24,0,1500,3481,2083,2083,1209,0x0001,0,0
0.368577292,669,84741,12,-109,-36,145,-2,-150,0,1500,3515,2080,2093,1234,0x0001,0,0
0.369125044,670,84751,10,-86,220,-130,-134,218,0,1500,3545,2079,2099,1184,0x0001,0,0
0.369673166,671,84763,12,5,9,-14,138,-43,0,1500,3580,2120,2093,1190,0x0001,0,0
0.370220936,672,84773,10,-74,-243,271,158,58,0,1500,3610,2081,2095,1154,0x0001,0,0
0.370769188,673,84785,12,-40,-13,53,79,61,0,1500,3644,2080,2092,1174,0x0001,0,0
0.371317033,674,84795,10,-40,21,-498,-564,58,0,1500,3681,2088,2095,1216,0x0001,0,0
0.371864970,675,84807,12,86,-36,363,239,326,0,1500,3709,2093,2095,1179,0x0001,0,0
0.372412740,676,84817,10,-239,-335,524,179,55,0,1500,3745,2080,2087,1216,0x0001,0,0
0.372960714,677,84829,12,17,-47,-4,5,-21,0,1500,3775,2148,2093,1183,0x0001,0,0
0.373508577,678,84839,10,120,44,-164,87,-13,0,1500,3810,2081,2091,1249,0x0001,0,0
0.374056514,679,84851,12,-5,-224,53,46,-228,0,1500,3842,2065,2095,1174,0x0001,0,0
0.374604563,680,84863,12,109,-231,122,13,57,0,1500,3877,2078,2089,1114,0x0001,0,0
0.375152537,681,84873,10,17,220,-14,-14,506,0,1500,3907,2085,2087,1185,0x0001,0,0
0.375700455,682,84885,12,-17,-13,30,116,-6,0,1500,3943,2077,2076,1230,0x0001,0,0
0.376248226,683,84895,10,63,-1,87,96,-99,0,1500,3980,2094,2089,1143,0x0001,0,0
0.376796144,684,84907,12,63,-13,206,119,154,0,1500,4012,2078,2093,1278,0x0001,0,0
0.377343915,685,84917,10,-104,32,134,149,-32,0,1500,4049,2081,2105,1217,0x0001,0,0
0.377891852,686,84929,12,132,-70,-406,-383,-220,0,1500,4079,2078,2094,1114,0x0001,0,0
0.378439826,687,84939,10,-17,-1,29,31,1,0,1500,4116,2081,2096,1183,0x0001,0,0
0.378992985,688,84951,12,40,9,19,21,-47,0,1500,4146,2078,2093,1241,0x0001,0,0
0.379544718,689,84963,12,97,44,-141,591,289,0,1500,4183,2104,2094,1213,0x0001,0,0
0.380093229,690,84973,10,-270,21,65,63,86,0,1500,4215,2094,2096,1229,0x0001,0,0
0.380640611,691,84985,12,40,90,-130,-26,5,0,1500,4249,2075,2090,1238,0x0001,0,0
0.381188289,692,84995,10,120,44,19,13,177,0,1500,4286,2087,2092,1238,0x0001,0,0
0.381735633,693,85007,12,63,-36,-27,-97,89,0,1500,4316,2093,2075,1206,0x0001,0,0
0.382287829,694,85017,10,-28,44,-4,501,-332,0,1500,4353,2090,2094,1216,0x0001,0,0
0.382835859,695,85029,12,5,-24,31,24,-33,0,1500,4381,2059,2099,1214,0x0001,0,0
0.383383870,696,85041,12,-40,274,-234,349,-210,0,1500,4417,2091,2095,1244,0x0001,0,0
0.383931752,697,85051,10,316,216,-164,-158,-211,0,1500,4447,2080,2104,1212,0x0001,0,0
0.384479707,698,85063,12,-74,-82,156,-8,-55,0,1500,4482,2102,2091,1240,0x0001,0,0
0.385027681,699,85073,10,109,-13,8,10,-248,0,1500,4512,2096,2084,1220,0x0001,0,0
0.385575767,700,85085,12,132,-82,206,115,26,0,1500,4546,2077,2088,1242,0x0001,0,0
0.386123518,701,85095,10,-86,-105,122,132,-135,0,1500,4581,2084,2092,1152,0x0001,0,0
0.386671863,702,85107,12,17,170,325,293,-8,0,1500,4608,2066,2089,1227,0x0001,0,0
0.387230670,703,85117,10,5,-47,42,51,-2,0,1500,4643,2083,2085,1207,0x0001,0,0
0.387788144,704,85129,12,144,-24,-16,3,40,0,1500,4673,2093,2089,1208,0x0001,0,0
0.388344266,705,85141,12,-5,44,217,58,18,0,1500,4707,2084,2091,1238,0x0001,0,0
0.388894463,706,85151,10,40,-128,-39,54,-17,0,1500,4742,2080,2093,1254,0x0001,0,0
0.389444677,707,85163,12,28,-13,467,477,-123,0,1500,4772,2091,2094,1173,0x0001,0,0
0.389994615,708,85173,10,97,216,-313,215,-89,0,1500,4806,2094,2073,1209,0x0001,0,0
0.390543774,709,85185,12,-17,186,-26,-19,-237,0,1500,4834,2092,2093,1189,0x0001,0,0
0.391091581,710,85197,12,86,-208,122,-132,375,0,1500,4871,2091,2089,1200,0x0001,0,0
0.391639574,711,85207,10,120,-189,-4,25,36,0,1500,4901,2086,2147,1198,0x0001,0,0
0.392187326,712,85219,12,-51,-13,-192,17,25,0,1500,4935,2080,2091,1178,0x0001,0,0
0.392735300,713,85229,10,5,-139,144,158,86,0,1500,4972,2092,2088,1223,0x0001,0,0
0.393283107,714,85241,12,86,-36,206,9,-32,0,1500,5002,2082,2084,1170,0x0001,0,0
0.393831081,715,85251,10,5,-24,-16,17,65,0,1500,5036,2075,2094,1178,0x0001,0,0
0.394379148,716,85263,12,120,-47,18,5,-20,0,1500,5066,2082,2094,1205,0x0001,0,0
0.394927178,717,85273,10,-216,78,-61,175,35,0,1500,5103,2091,2093,1209,0x0001,0,0
0.395474930,718,85285,12,28,-36,-73,13,100,0,1500,5133,2091,2095,1273,0x0001,0,0
0.396022830,719,85297,12,-40,9,31,61,-23,0,1500,5170,2088,2102,1217,0x0001,0,0
0.396570674,720,85307,10,-74,-24,-50,32,336,0,1500,5200,2097,2092,1257,0x0001,0,0
0.397118630,721,85319,12,28,-277,249,2,-34,0,1500,5234,2104,2098,1222,0x0001,0,0
0.397666363,722,85329,10,74,9,-37,-8,-217,0,1500,5264,2081,2090,1256,0x0001,0,0
0.398214356,723,85341,12,63,32,-95,12,191,0,1500,5299,2092,2091,1234,0x0001,0,0
0.398762348,724,85351,10,120,44,7,-47,-167,0,1500,5335,2101,2085,1161,0x0001,0,0
0.399310156,725,85363,12,28,-24,-27,5,31,0,1500,5363,2076,2093,1217,0x0001,0,0
0.399858463,726,85373,10,-129,44,-16,212,-233,0,1500,5398,2076,2092,1260,0x0001,0,0
0.400406400,727,85385,12,-212,-1,8,12,-3,0,1500,5427,2085,2053,1204,0x0001,0,0
0.400954430,728,85395,10,-28,101,-73,162,-112,0,1500,5462,2078,2091,1194,0x0001,0,0
0.401502404,729,85407,12,-17,9,19,-29,229,0,1500,5492,2115,2088,1254,0x0001,0,0
0.402050360,730,85419,12,178,170,-348,26,-119,0,1500,5526,2086,2100,1100,0x0001,0,0
0.402598889,731,85429,10,-17,-93,110,40,152,0,1500,5554,2096,2088,1120,0x0001,0,0
0.403146863,732,85441,12,-40,124,-84,44,117,0,1500,5589,2105,2121,1196,0x0001,0,0
0.403694652,733,85451,10,-40,-13,41,-2,731,0,1500,5623,2082,2089,1265,0x0001,0,0
0.404242589,734,85463,12,144,-59,171,85,-183,0,1500,5653,2096,2110,1197,0x0001,0,0
0.404790341,735,85473,10,-239,-59,168,242,-25,0,1500,5687,2089,2085,1222,0x0001,0,0
0.405338315,736,85485,12,28,-59,122,-22,-123,0,1500,5715,2090,2086,1199,0x0001,0,0
0.405886067,737,85495,10,-63,44,-39,-29,-88,0,1500,5750,2098,2089,1205,0x0001,0,0
0.406434263,738,85507,12,74,-24,88,69,-88,0,1500,5777,2092,2090,1192,0x0001,0,0
0.406982071,739,85519,12,132,-1,-131,-8,-122,0,1500,5812,2097,2086,1189,0x0001,0,0
0.407530064,740,85529,10,-40,357,-303,-250,-189,0,1500,5842,2087,2081,1178,0x0001,0,0
0.408077852,741,85541,12,74,-13,-61,84,-5,0,1500,5876,2100,2079,1153,0x0001,0,0
0.408625789,742,85551,10,-132,-36,19,28,-135,0,1500,5906,2062,2090,1241,0x0001,0,0
0.409173615,743,85563,12,-5,-82,-169,134,50,0,1500,5941,2088,2084,1184,0x0001,0,0
0.409721553,744,85573,10,17,-162,294,-42,183,0,1500,5975,2069,2086,1100,0x0001,0,0
0.410269378,745,85585,12,-120,-82,42,-83,-22,0,1500,6005,2086,2095,1192,0x0001,0,0
0.410817667,746,85595,10,239,44,-72,10,-13,0,1500,6042,2098,2098,1176,0x0001,0,0
0.411360530,747,85607,12,-63,-116,42,-122,-5,0,1500,6072,2093,2096,1143,0x0001,0,0
0.411908319,748,85617,10,40,-47,-166,-60,-10,0,1500,6106,2082,2092,1265,0x0001,0,0
0.412456423,749,85629,12,74,90,-95,63,78,0,1500,6136,2090,2111,1269,0x0001,0,0
0.413004342,750,85641,12,-17,170,-153,157,187,0,1500,6173,2082,2099,1188,0x0001,0,0
0.413552334,751,85651,10,213,-212,88,51,136,0,1500,6203,2084,2087,1234,0x0001,0,0
0.414100086,752,85663,12,109,159,-268,103,-99,0,1500,6240,2084,2090,1226,0x0001,0,0
0.414656597,753,85673,10,-28,67,-72,4,-44,0,1500,6274,2101,2099,1240,0x0001,0,0
0.415218219,754,85685,12,86,-47,-73,121,-244,0,1500,21,2096,2091,1194,0x0001,0,0
0.415773452,755,85697,12,63,-47,-16,6,-438,0,1500,58,2092,2082,1210,0x0001,0,0
0.416323704,756,85707,10,-166,9,8,-16,64,0,1500,92,2085,2115,1240,0x0001,0,0
0.416872290,757,85719,12,-51,113,194,-250,-109,0,1500,122,2078,2098,1200,0x0001,0,0
0.417420153,758,85729,10,97,-185,157,0,-78,0,1500,157,2078,2084,1162,0x0001,0,0
0.417968164,759,85741,12,-17,101,503,-37,-626,0,1500,187,2096,2098,1204,0x0001,0,0
0.418516712,760,85751,10,120,44,-61,541,262,0,1500,221,2088,2093,1170,0x0001,0,0
0.419064908,761,85763,12,28,-13,225,-87,-230,0,1500,251,2106,2087,1208,0x0001,0,0
0.419612697,762,85775,12,74,-1,-73,-100,-121,0,1500,286,2105,2086,1196,0x0001,0,0
0.420160967,763,85785,10,74,-36,-27,31,-251,0,1500,313,2084,2094,1169,0x0001,0,0
0.420708793,764,85797,12,74,55,-129,-2,44,0,1500,348,2086,2106,1213,0x0001,0,0
0.421256786,765,85807,10,51,32,42,-71,39,0,1500,375,2086,2094,1182,0x0001,0,0
0.421804556,766,85819,12,-74,44,-226,-25,41,0,1500,410,2087,2089,1232,0x0001,0,0
0.422352938,767,85829,10,-40,-82,-62,125,1,0,1500,444,2096,2090,1247,0x0001,0,0
0.422901023,768,85841,12,167,-36,8,-29,31,0,1500,472,2094,2105,1226,0x0001,0,0
0.423448794,769,85851,10,-17,44,-4,234,-10,0,1500,506,2072,2105,1230,0x0001,0,0
0.423996805,770,85863,12,-28,55,-313,252,192,0,1500,536,2091,2092,1271,0x0001,0,0
0.424544612,771,85873,10,28,-174,146,-73,21,0,1500,571,2086,2096,1183,0x0001,0,0
0.425092623,772,85885,12,-17,55,-95,94,26,0,1500,599,2080,2089,1182,0x0001,0,0
0.425640375,773,85897,12,259,-93,-166,569,-108,0,1500,633,2091,2089,1169,0x0001,0,0
0.426188442,774,85907,10,-132,21,8,-43,-171,0,1500,663,2086,2092,1169,0x0001,0,0
0.426736546,775,85919,12,-40,90,-50,92,-5,0,1500,697,2112,2093,1164,0x0001,0,0
0.427284538,776,85929,10,74,90,-187,179,-22,0,1500,734,2092,2094,1215,0x0001,0,0
0.427832235,777,85941,12,109,147,0,-10,-70,0,1500,764,2091,2085,1185,0x0001,0,0
0.428375042,778,85951,10,5,-231,99,-42,21,0,1500,799,2093,2097,1177,0x0001,0,0
0.428922831,779,85963,12,28,32,196,-83,24,0,1500,829,2093,2138,1210,0x0001,0,0
0.429470768,780,85973,10,-205,-243,283,-255,162,0,1500,865,2096,2113,1189,0x0001,0,0
0.430018575,781,85985,12,-51,-1,41,-42,2,0,1500,895,2096,2089,1202,0x0001,0,0
0.430566938,782,85995,10,5,-1,-62,322,-151,0,1500,932,2088,2098,1196,0x0001,0,0
0.431114709,783,86007,12,144,-13,180,-165,-166,0,1500,962,2069,2089,1236,0x0001,0,0
0.431662720,784,86019,12,201,32,-233,68,92,0,1500,997,2088,2083,1230,0x0001,0,0
0.432211101,785,86029,10,63,9,111,-113,99,0,1500,1027,2089,2124,1223,0x0001,0,0
0.432759668,786,86041,12,-17,-266,-229,27,8,0,1500,1063,2087,2098,1225,0x0001,0,0
0.433307476,787,86051,10,-86,-116,190,-192,122,0,1500,1098,2081,2089,1222,0x0001,0,0
0.433855561,788,86063,12,-63,9,-202,25,-19,0,1500,1128,2089,2093,1173,0x0001,0,0
0.434403961,789,86073,10,170,-24,-27,22,-25,0,1500,1165,2094,2098,1289,0x0001,0,0
0.434951861,790,86085,12,120,21,65,-44,149,0,1500,1192,2088,2098,1214,0x0001,0,0
0.435500039,791,86095,10,-28,21,65,203,72,0,1500,1229,2089,2096,1202,0x0001,0,0
0.436048013,792,86107,12,17,-47,42,-33,43,0,1500,1259,2087,2095,1250,0x0001,0,0
0.436596079,793,86119,12,74,55,-129,48,-207,0,1500,1293,2089,2091,1194,0x0001,0,0
0.437144017,794,86129,10,5,-686,835,-907,110,0,1500,1323,2105,2092,1213,0x0001,0,0
0.437692120,795,86141,12,51,493,-544,-249,-2,0,1500,1358,2083,2064,1276,0x0001,0,0
0.438240020,796,86151,10,28,147,-73,111,-71,0,1500,1385,2120,2094,1221,0x0001,0,0
0.438788309,797,86163,12,-40,251,45,-6,4,0,1500,1422,2088,2112,1169,0x0001,0,0
0.439336154,798,86173,10,17,147,-107,141,19,0,1500,1457,2097,2092,1257,0x0001,0,0
0.439884387,799,86185,12,-17,-36,-4,-9,-29,0,1500,1484,2091,2107,1257,0x0001,0,0
0.440432343,800,86195,10,-216,-24,87,-68,-64,0,1500,1519,2089,2133,1215,0x0001,0,0
0.440980317,801,86207,12,97,9,-62,87,30,0,1500,1549,2093,2091,1229,0x0001,0,0
0.441528106,802,86217,10,-201,-47,248,85,-40,0,1500,1583,2089,2095,1255,0x0001,0,0
0.442076135,803,86229,12,28,-132,145,-86,-121,0,1500,1613,2093,2089,1239,0x0001,0,0
0.442633869,804,86241,12,28,-47,-237,66,-114,0,1500,1648,2086,2068,1174,0x0001,0,0
0.443192287,805,86251,10,-5,21,65,240,-60,0,1500,1685,2087,2089,1197,0x0001,0,0
0.443747057,806,86263,12,-63,-13,-95,48,-94,0,1500,1715,2086,2100,1134,0x0001,0,0
0.444297439,807,86275,12,28,101,-129,444,-748,0,1500,1749,2094,2093,1170,0x0001,0,0
0.444847487,808,86285,10,-17,-224,88,-183,-73,0,1500,1779,2061,2106,1259,0x0001,0,0
0.445395905,809,86297,12,201,481,-682,-73,450,0,1500,1816,2089,2096,1215,0x0001,0,0
0.445943805,810,86307,10,-477,32,-83,51,-7,0,1500,1846,2091,2085,1193,0x0001,0,0
0.446492317,811,86319,12,5,-24,-237,65,-38,0,1500,1882,2087,2088,1292,0x0001,0,0
0.447040383,812,86329,10,17,-13,-61,1,-47,0,1500,1919,2097,2080,1211,0x0001,0,0
0.447588209,813,86341,12,-51,32,19,5,28,0,1500,1949,2097,2093,1151,0x0001,0,0
0.448136146,814,86351,10,-239,32,31,26,-24,0,1500,1986,2092,2086,1209,0x0001,0,0
0.448683861,815,86363,12,5,-1,-16,21,-4,0,1500,2018,2085,2087,1203,0x0001,0,0
0.449231817,816,86375,12,120,9,-129,-239,124,0,1500,2053,2084,2086,1214,0x0001,0,0
0.449779587,817,86385,10,-51,-815,802,-814,190,0,1500,2085,2125,2091,1214,0x0001,0,0
0.450327913,818,86397,12,63,90,-153,-114,89,0,1500,2119,2089,2114,1235,0x0001,0,0
0.450875702,819,86407,10,-74,-24,111,-184,30,0,1500,2149,2101,2093,1221,0x0001,0,0
0.451423695,820,86419,12,51,-13,474,-237,214,0,1500,2186,2071,2092,1245,0x0001,0,0
0.451971465,821,86429,10,-17,-24,7,-25,-803,0,1500,2223,2088,2086,1205,0x0001,0,0
0.452519439,822,86441,12,-40,-59,99,-207,99,0,1500,2253,2092,2096,1215,0x0001,0,0
0.453067191,823,86451,10,-28,67,-62,60,-9,0,1500,2287,2085,2034,1254,0x0001,0,0
0.453615165,824,86463,12,5,-93,42,-67,22,0,1500,2317,2084,2092,1219,0x0001,0,0
0.454163047,825,86473,10,-106,-36,168,7,-224,0,1500,2352,2085,2098,1190,0x0001,0,0
0.454711317,826,86485,12,-97,9,-659,-200,-729,0,1500,2382,2088,2086,1203,0x0001,0,0
0.455259069,827,86497,12,247,32,-279,-76,-43,0,1500,2416,2080,2103,1166,0x0001,0,0
0.455807080,828,86507,10,-17,-224,42,-116,21,0,1500,2446,2090,2089,1176,0x0001,0,0
0.456354887,829,86519,12,-408,159,249,-74,66,0,1500,2481,2086,2099,1211,0x0001,0,0
0.456902880,830,86529,10,-40,21,-61,-3,194,0,1500,2508,2097,2085,1181,0x0001,0,0
0.457450669,831,86541,12,109,113,-222,86,-55,0,1500,2543,2080,2089,1213,0x0001,0,0
0.457998662,832,86551,10,167,297,-383,141,-455,0,1500,2577,2081,2093,1233,0x0001,0,0
0.458546876,833,86563,12,40,-93,-203,22,-3,0,1500,2607,2081,2110,1254,0x0001,0,0
0.459094665,834,86573,10,-239,-1,41,-234,-15,0,1500,2642,2082,2121,1212,0x0001,0,0
0.459642676,835,86585,12,-51,-1,7,29,5,0,1500,2672,2099,2098,1239,0x0001,0,0
0.460190799,836,86595,10,-438,9,330,-30,76,0,1500,2706,2093,2097,1219,0x0001,0,0
0.460738828,837,86607,12,28,232,-106,16,-110,0,1500,2736,2136,2087,1250,0x0001,0,0
0.461286673,838,86619,12,109,9,-118,-68,64,0,1500,2771,2082,2089,1197,0x0001,0,0
0.461834647,839,86629,10,-63,-42,-200,-242,97,0,1500,2801,2101,2076,1201,0x0001,0,0
0.462382806,840,86641,12,-28,-47,75,93,-271,0,1500,2837,2141,2088,1216,0x0001,0,0
0.462930873,841,86651,10,-86,-47,75,7,95,0,1500,2865,2083,2091,1185,0x0001,0,0
0.463478680,842,86663,12,17,-70,53,35,164,0,1500,2902,1847,2086,1207,0x0001,0,0
0.464026729,843,86673,10,-40,-128,42,-105,-11,0,1500,2939,2086,2085,1169,0x0001,0,0
0.464574517,844,86685,12,-63,-13,87,50,75,0,1500,2969,2088,2067,1186,0x0001,0,0
0.465122510,845,86695,10,-5,9,31,37,-27,0,1500,3005,2073,2088,1178,0x0001,0,0
0.465670447,846,86707,12,5,-13,167,106,137,0,1500,3038,2085,2081,1202,0x0001,0,0
0.466218384,847,86719,12,40,-1,-39,218,58,0,1500,3072,2088,2110,1209,0x0001,0,0
0.466766543,848,86729,10,-86,-105,87,36,80,0,1500,3104,2081,2098,1228,0x0001,0,0
0.467314518,849,86741,12,236,-13,-223,-26,-400,0,1500,3139,2159,2084,1232,0x0001,0,0
0.467862362,850,86751,10,17,-33,18,-164,122,0,1500,3169,2088,2089,1218,0x0001,0,0
0.468410318,851,86763,12,17,-13,-4,-108,11,0,1500,3206,2088,2046,1245,0x0001,0,0
0.468958144,852,86773,10,17,-105,42,-55,68,0,1500,3242,2094,2087,1164,0x0001,0,0
0.469506099,853,86785,12,86,193,489,63,278,0,1500,3272,2080,2088,1176,0x0001,0,0
0.470067888,854,86795,10,40,21,-61,209,104,0,1500,3307,2082,2090,1249,0x0001,0,0
0.470625380,855,86807,12,40,-70,121,71,99,0,1500,3337,2086,2072,1152,0x0001,0,0
0.471179947,856,86819,12,40,-116,76,40,50,0,1500,3373,2081,2088,1209,0x0001,0,0
0.471730125,857,86829,10,124,113,-141,-65,196,0,1500,3408,2090,2084,1164,0x0001,0,0
0.472280358,858,86841,12,-17,-13,146,43,165,0,1500,3438,2087,2119,1122,0x0001,0,0
0.472830295,859,86851,10,5,170,-175,-68,-135,0,1500,3472,2078,2094,1210,0x0001,0,0
0.473380417,860,86863,12,-109,-36,-50,-66,2,0,1500,3502,2105,2086,1220,0x0001,0,0
0.473930354,861,86875,12,51,-13,-38,33,6,0,1500,3539,2084,2109,1239,0x0001,0,0
0.474481217,862,86885,10,-5,147,-175,-103,-26,0,1500,3567,2080,2095,1154,0x0001,0,0
0.475031525,863,86897,12,17,-1,-16,-177,70,0,1500,3601,2095,2094,1167,0x0001,0,0
0.475579740,864,86907,10,28,9,42,54,-59,0,1500,3638,2092,2091,1211,0x0001,0,0
0.476127547,865,86919,12,-40,-1,237,213,106,0,1500,3668,2155,2091,1180,0x0001,0,0
0.476675521,866,86929,10,273,32,-371,101,101,0,1500,3703,2080,2092,1198,0x0001,0,0
0.477223458,867,86941,12,40,9,41,41,10,0,1500,3732,2114,2089,1176,0x0001,0,0
0.477771340,868,86951,10,120,-36,-84,398,588,0,1500,3767,2078,2091,1174,0x0001,0,0
0.478319499,869,86963,12,5,32,54,65,238,0,1500,3797,2088,2097,1197,0x0001,0,0
0.478867492,870,86975,12,51,101,-152,-497,-453,0,1500,3834,2048,2091,1200,0x0001,0,0
0.479415336,871,86985,10,-74,-197,282,260,115,0,1500,3864,2080,2097,1134,0x0001,0,0
0.479963532,872,86997,12,190,78,244,42,3,0,1500,3900,2082,2089,1132,0x0001,0,0
0.480511321,873,87007,10,-74,21,65,78,-262,0,1500,3937,2088,2093,1030,0x0001,0,0
0.481059370,874,87019,12,224,21,267,335,-88,0,1500,3967,2096,2085,1174,0x0001,0,0
0.481607344,875,87029,10,-216,-174,271,258,38,0,1500,4004,2087,2088,1218,0x0001,0,0
0.482155170,876,87041,12,-40,-13,-199,-207,31,0,1500,4034,2087,2112,1221,0x0001,0,0
0.482703533,877,87051,10,-28,-393,490,208,-30,0,1500,4073,2085,2088,1156,0x0001,0,0
0.483251507,878,87063,12,109,9,-49,-50,0,0,1500,4103,2091,2095,1239,0x0001,0,0
0.483799499,879,87075,12,17,9,-26,48,93,0,1500,4140,2094,2092,1214,0x0001,0,0
0.484347307,880,87085,10,28,170,100,102,110,0,1500,4170,2091,2093,1252,0x0001,0,0
0.484895262,881,87097,12,63,-841,778,62,-155,0,1500,4206,2098,2097,1240,0x0001,0,0
0.485443199,882,87107,10,-178,-47,156,155,-42,0,1500,4236,2085,2086,1198,0x0001,0,0
0.485991322,883,87119,12,28,32,196,27,-31,0,1500,4273,2091,2100,1242,0x0001,0,0
0.486539314,884,87129,10,-63,-36,-84,-74,49,0,1500,4310,2099,2095,1242,0x0001,0,0
0.487087177,885,87141,12,-86,21,-191,-29,69,0,1500,4340,2095,2095,1216,0x0001,0,0
0.487634837,886,87151,10,-5,-1,110,98,-42,0,1500,4374,2077,2096,1225,0x0001,0,0
0.488182718,887,87163,12,120,-13,-188,-158,160,0,1500,4404,2075,2075,1176,0x0001,0,0
0.488730433,888,87173,10,-205,-36,133,121,-79,0,1500,4441,2078,2301,1225,0x0001,0,0
0.489278351,889,87185,12,-143,-235,76,80,2,0,1500,4471,2086,2092,1179,0x0001,0,0
0.489826048,890,87197,12,86,-220,134,-16,37,0,1500,4506,2074,2097,1182,0x0001,0,0
0.490385799,891,87207,10,-373,-1,18,14,40,0,1500,4540,2069,2092,1217,0x0001,0,0
0.490941033,892,87219,12,-28,-24,237,205,-126,0,1500,4570,2095,2094,1216,0x0001,0,0
0.491500229,893,87229,10,-74,274,-200,79,-124,0,1500,4604,2083,2090,1221,0x0001,0,0
0.492055573,894,87241,12,-270,-1,-603,-385,-171,0,1500,4634,2100,2092,1277,0x0001,0,0
0.492607121,895,87253,12,-86,239,103,76,32,0,1500,4669,2091,2076,1234,0x0001,0,0
0.493157558,896,87263,10,-5,182,-85,-152,63,0,1500,4703,2091,2087,1306,0x0001,0,0
0.493707607,897,87275,12,155,-36,41,24,-40,0,1500,4731,2085,2089,1241,0x0001,0,0
0.494256062,898,87285,10,40,-197,65,-99,536,0,1500,4768,2089,2085,1206,0x0001,0,0
0.494804703,899,87297,12,-212,9,387,155,-456,0,1500,4795,2089,2088,1242,0x0001,0,0
0.495353196,900,87309,12,74,-13,-61,144,-10,0,1500,4832,2115,2088,1194,0x0001,0,0
0.495901207,901,87319,10,-74,-74,513,278,36,0,1500,5118,2086,2089,1220,0x0001,0,0
0.496449384,902,87331,12,74,-36,-38,-9,31,0,1500,4897,2091,2084,1235,0x0001,0,0
0.496997340,903,87341,10,-86,-139,134,155,-27,0,1500,4927,2084,2092,1224,0x0001,0,0
0.497558481,904,87353,12,120,-197,-729,-867,151,0,1500,4963,2086,2097,1249,0x0001,0,0
0.498116529,905,87363,10,201,-36,-165,48,4,0,1500,5000,2090,2053,1237,0x0001,0,0
0.498673503,906,87375,12,17,-116,-38,21,71,0,1500,5030,2085,2072,1172,0x0001,0,0
0.499223810,907,87387,12,120,-70,-50,10,14,0,1500,5067,2081,2096,1184,0x0001,0,0
0.499774099,908,87397,10,17,-105,-4,94,67,0,1500,5104,2087,2085,1181,0x0001,0,0
0.500324517,909,87409,12,97,9,30,69,13,0,1500,5134,2089,2089,1188,0x0001,0,0
0.500874769,910,87419,10,-216,378,-373,119,-41,0,1500,5171,2089,2082,1196,0x0001,0,0
0.501424910,911,87431,12,-51,-59,-27,56,67,0,1500,5200,2083,2092,1200,0x0001,0,0
0.501973588,912,87443,12,86,-82,-4,0,151,0,1500,5237,2098,2082,1236,0x0001,0,0
0.502521877,913,87453,10,40,-36,-50,108,115,0,1500,5267,2091,2081,1222,0x0001,0,0
0.503070055,914,87465,12,201,-93,-108,-7,39,0,1500,5304,2069,2092,1245,0x0001,0,0
0.503618158,915,87475,10,63,-254,237,242,421,0,1500,5334,2080,2085,1140,0x0001,0,0
0.504166058,916,87487,12,-40,-1,-215,-148,92,0,1500,5368,2063,2097,1164,0x0001,0,0
0.504714106,917,87497,10,155,-70,-62,87,-197,0,1500,5405,2091,2083,1275,0x0001,0,0
0.505262062,918,87509,12,97,44,8,113,31,0,1500,5435,2091,2086,1121,0x0001,0,0
0.505810110,919,87519,10,208,-59,19,-196,-242,0,1500,5470,2073,2139,1246,0x0001,0,0
0.506358288,920,87531,12,74,-13,168,208,-117,0,1500,5500,2083,2081,1251,0x0001,0,0
0.506905929,921,87543,12,74,-59,-15,-185,-101,0,1500,5534,2088,2084,1145,0x0001,0,0
0.507453162,922,87553,10,-5,-70,8,64,-251,0,1500,5564,2091,2006,1205,0x0001,0,0
0.508000599,923,87565,12,-86,-1,87,35,-106,0,1500,5599,2090,2083,1246,0x0001,0,0
0.508547944,924,87575,10,-40,-116,-73,125,91,0,1500,5884,2088,2084,1237,0x0001,0,0
0.509095955,925,87587,12,236,-36,-200,2,85,0,1500,5663,2083,2090,1224,0x0001,0,0
0.509643244,926,87597,10,40,113,-27,-116,-193,0,1500,5691,2079,2076,1197,0x0001,0,0
0.510191199,927,87609,12,-5,-139,-112,135,55,0,1500,5725,2095,2084,1191,0x0001,0,0
0.510739692,928,87619,10,-5,-139,190,53,-214,0,1500,5760,2123,2088,1167,0x0001,0,0
0.511295629,929,87631,12,5,-70,88,55,-89,0,1500,5790,2086,2086,1162,0x0001,0,0
0.511850418,930,87643,12,-293,-13,306,28,-43,0,1500,5824,2085,2086,1224,0x0001,0,0
0.512399836,931,87653,10,-327,-24,271,-72,-10,0,1500,5854,2075,2086,1181,0x0001,0,0
0.512948033,932,87665,12,63,-47,-16,-87,72,0,1500,5888,2091,2082,1224,0x0001,0,0
0.513496155,933,87675,10,5,-24,110,-51,-112,0,1500,5918,2085,2081,1237,0x0001,0,0
0.514044055,934,87687,12,97,-24,183,23,-222,0,1500,5953,2093,2090,1149,0x0001,0,0
0.514592973,935,87697,10,86,-82,237,-92,-34,0,1500,5987,2083,2095,1092,0x0001,0,0
0.515140818,936,87709,12,40,-59,52,10,-57,0,1500,6017,2091,2099,1270,0x0001,0,0
0.515688699,937,87719,10,-9,228,-154,131,-13,0,1500,6054,2080,2093,1210,0x0001,0,0
0.516236859,938,87731,12,40,-82,-84,-64,110,0,1500,6084,2089,1993,1215,0x0001,0,0
0.516784796,939,87743,12,-28,-139,167,2,112,0,1500,6121,2091,2120,1230,0x0001,0,0
0.517332881,940,87753,10,-63,-189,-108,124,1089,0,1500,6151,2090,2094,1206,0x0001,0,0
0.517881003,941,87765,12,97,-220,123,270,236,0,1500,6188,2094,2100,1286,0x0001,0,0
0.518429459,942,87775,10,-28,-247,202,-12,37,0,1500,6217,2091,2099,1119,0x0001,0,0
0.518977359,943,87787,12,-178,9,169,11,-157,0,1500,6252,2091,2076,1226,0x0001,0,0
0.519525500,944,87797,10,40,21,-49,28,-337,0,1500,6,2090,2092,1223,0x0001,0,0
0.520073622,945,87809,12,63,-36,-4,73,-40,0,1500,36,2085,2092,1229,0x0001,0,0
0.520621744,946,87819,10,86,-1,-62,-191,-118,0,1500,72,2095,2082,1248,0x0001,0,0
0.521169700,947,87831,12,-17,-105,203,48,-283,0,1500,102,2092,2076,1217,0x0001,0,0
0.521717822,948,87841,10,51,21,-72,-198,-447,0,1500,137,2096,2112,1246,0x0001,0,0
0.522265833,949,87853,12,74,-17,-96,136,269,0,1500,167,2103,2092,1218,0x0001,0,0
0.522813992,950,87865,12,-5,-24,29,197,490,0,1500,201,2098,2096,1218,0x0001,0,0
0.523356318,951,87875,10,74,32,-27,-46,80,0,1500,231,2066,2108,1226,0x0001,0,0
0.523903774,952,87887,12,17,-1,-16,109,75,0,1500,266,2103,2083,1218,0x0001,0,0
0.524451026,953,87897,10,97,182,-256,144,478,0,1500,296,2108,2095,1211,0x0001,0,0
0.525011629,954,87909,12,120,-70,53,-32,-43,0,1500,330,2098,2076,1232,0x0001,0,0
0.525568196,955,87919,10,28,-24,-4,-60,-46,0,1500,365,2089,2081,1194,0x0001,0,0
0.526122226,956,87931,12,74,-70,133,-127,-53,0,1500,395,2093,2072,1224,0x0001,0,0
0.526673533,957,87943,12,5,-13,-248,89,-38,0,1500,429,2093,2093,1210,0x0001,0,0
0.527224081,958,87953,10,132,-231,351,-256,-94,0,1500,464,2093,2093,1183,0x0001,0,0
0.527774370,959,87965,12,63,-1,77,-136,73,0,1500,491,2096,2084,1168,0x0001,0,0
0.528324381,960,87975,10,37,-139,65,7,-13,0,1500,526,2100,2086,1215,0x0001,0,0
0.528874707,961,87987,12,74,21,-129,145,6,0,1500,556,2097,2096,1204,0x0001,0,0
0.529423051,962,87999,12,120,-243,123,284,-18,0,1500,590,2086,2095,1222,0x0001,0,0
0.529971266,963,88009,10,-28,-47,99,-85,-51,0,1500,620,2096,2088,1181,0x0001,0,0
0.530519981,964,88021,12,17,-24,7,-68,-4,0,1500,655,2102,2090,1199,0x0001,0,0
0.531068066,965,88031,10,97,-59,191,-193,0,0,1500,684,2094,2086,1196,0x0001,0,0
0.531616040,966,88043,12,109,-24,-85,222,-103,0,1500,719,2114,2120,1172,0x0001,0,0
0.532164144,967,88053,10,167,-82,42,-18,-397,0,1500,756,2128,2092,1199,0x0001,0,0
0.532712081,968,88065,12,-258,21,-281,327,-135,0,1500,786,2090,2099,1173,0x0001,0,0
0.533260166,969,88075,10,-182,-82,122,143,-47,0,1500,822,2095,2087,1162,0x0001,0,0
0.533808159,970,88087,12,-17,32,-118,117,19,0,1500,852,2097,2095,1229,0x0001,0,0
0.534356504,971,88097,10,5,-13,-84,-162,115,0,1500,889,2080,2091,1247,0x0001,0,0
0.534903811,972,88109,12,-5,101,-49,46,28,0,1500,921,2082,2095,1223,0x0001,0,0
0.535451267,973,88121,12,-40,-70,110,92,44,0,1500,958,2071,2095,1274,0x0001,0,0
0.535998500,974,88131,10,86,-1,-73,77,-65,0,1500,988,2087,2097,1196,0x0001,0,0
0.536546122,975,88143,12,961,-1,-960,120,-40,0,1500,1025,2097,2096,1182,0x0001,0,0
0.537093448,976,88153,10,155,-47,-50,50,-84,0,1500,1055,2088,2095,1207,0x0001,0,0
0.537640941,977,88165,12,28,32,452,-313,127,0,1500,1092,2089,2098,1215,0x0001,0,0
0.538188211,978,88175,10,-5,113,-164,167,210,0,1500,1129,2092,2088,1211,0x0001,0,0
0.538737241,979,88187,12,97,-1,160,-34,-34,0,1500,1158,2091,2096,1273,0x0001,0,0
0.539285752,980,88197,10,17,55,-199,191,-42,0,1500,1195,2088,2091,1213,0x0001,0,0
0.539833967,981,88209,12,-5,-174,-176,174,-27,0,1500,1225,2093,2085,1203,0x0001,0,0
0.540376922,982,88219,10,51,-128,65,171,-103,0,1500,1260,2086,2093,1271,0x0001,0,0
0.540924915,983,88231,12,5,67,-73,85,43,0,1500,1290,2089,2085,1132,0x0001,0,0
0.541473167,984,88243,12,51,55,-106,-138,-124,0,1500,1326,2077,2097,1203,0x0001,0,0
0.542021271,985,88253,10,-86,105,88,-45,-108,0,1500,1356,2092,2096,1236,0x0001,0,0
0.542569893,986,88265,12,17,-36,19,245,-112,0,1500,1393,2084,2089,1176,0x0001,0,0
0.543117811,987,88275,10,-5,78,-83,94,-248,0,1500,1421,2093,2094,1149,0x0001,0,0
0.543665971,988,88287,12,-17,-36,-203,131,-24,0,1500,1458,2091,2093,1199,0x0001,0,0
0.544213889,989,88297,10,51,-82,-50,-6,57,0,1500,1492,2122,2082,1196,0x0001,0,0
0.544762030,990,88309,12,51,-13,474,-212,258,0,1500,1522,2093,2093,1182,0x0001,0,0
0.545309967,991,88575,266,216,-59,-4,226,-73,0,1500,1559,2092,2091,1221,0x0001,0,0
0.545858163,992,88331,4294967052,-63,-13,-141,106,-99,0,1500,1586,2096,2108,1235,0x0001,0,0
0.546406786,993,88341,10,239,-59,-15,228,-209,0,1500,1623,2097,2096,1178,0x0001,0,0
0.546955223,994,88353,12,17,-224,386,-224,357,0,1500,1653,2200,2092,1223,0x0001,0,0
0.547503141,995,88365,12,51,67,-118,930,-64,0,1500,1690,2096,2097,1160,0x0001,0,0
0.548051245,996,88375,10,5,-201,-27,-5,-51,0,1500,1720,2080,2087,1179,0x0001,0,0
0.548599256,997,88387,12,-86,228,-142,44,-60,0,1500,1754,2084,2076,1235,0x0001,0,0
0.549147360,998,88397,10,120,216,-394,308,16,0,1500,1787,2090,2098,1517,0x0001,0,0
0.549695371,999,88409,12,51,-1,-50,73,-178,0,1500,1823,2094,2091,1239,0x0001,0,0
0.550243475,1000,88419,10,201,-59,-234,17,106,0,1500,1860,2093,2088,1190,0x0001,0,0
0.550791782,1001,88431,12,17,-277,31,-58,-11,0,1500,1890,2084,2089,1230,0x0001,0,0
0.551339219,1002,88441,10,63,9,-14,11,-33,0,1500,1927,2099,2096,1186,0x0001,0,0
0.551886786,1003,88453,12,-17,-105,-4,-32,-30,0,1500,1959,2086,2100,1194,0x0001,0,0
0.552444778,1004,88465,12,-28,-82,110,24,-29,0,1500,1996,2080,2103,1285,0x0001,0,0
0.553002864,1005,88475,10,-86,44,-39,45,-413,0,1500,2033,2097,2085,1279,0x0001,0,0
0.553557041,1006,88487,12,-40,44,-37,33,-24,0,1500,2063,2083,2080,1188,0x0001,0,0
0.554106830,1007,88497,10,136,136,-280,137,-112,0,1500,2100,2092,2075,1180,0x0001,0,0
0.554656693,1008,88509,12,120,21,31,104,90,0,1500,2129,2092,2094,1193,0x0001,0,0
0.555206630,1009,88521,12,-178,-485,663,-6,607,0,1500,2166,2090,2090,1199,0x0001,0,0
0.555756530,1010,88531,10,132,-36,76,-5,81,0,1500,2196,2096,2085,1231,0x0001,0,0
0.556331763,1011,88543,12,97,-1,42,-69,16,0,1500,2233,2091,2088,1250,0x0001,0,0
0.556882015,1012,88555,12,97,21,-118,-194,34,0,1500,2270,2089,2093,1219,0x0001,0,0
0.557431804,1013,88565,10,63,-36,8,-12,-253,0,1500,2556,2080,2128,1239,0x0001,0,0
0.557979500,1014,88577,12,-28,124,-96,-16,86,0,1500,2334,2104,2071,1253,0x0001,0,0
0.558528271,1015,88587,10,316,-128,19,-137,-16,0,1500,2364,2100,2088,1179,0x0001,0,0
0.559076374,1016,88599,12,155,21,80,-35,46,0,1500,2401,2096,2092,1212,0x0001,0,0
0.559624552,1017,88609,10,63,-174,30,-186,37,0,1500,2435,2090,2086,1249,0x0001,0,0
0.560172674,1018,88621,12,213,90,-47,-46,-116,0,1500,2465,2094,2097,1152,0x0001,0,0
0.560720834,1019,88631,10,740,-1,-534,-238,-87,0,1500,2500,2089,2088,1216,0x0001,0,0
0.561284826,1020,88643,12,5,-224,76,-31,73,0,1500,2530,2088,2091,1229,0x0001,0,0
0.561860559,1021,88655,12,17,32,65,-61,61,0,1500,2564,2088,2091,1170,0x0001,0,0
0.563434982,1022,88667,12,28,-82,-60,-26,-60,0,1500,2659,2092,2086,1209,0x0001,0,0
0.564012271,1023,88697,30,-17,-36,53,-45,79,0,1500,2693,2078,2099,1166,0x0001,0,0
0.564567763,1024,88709,12,28,9,-118,-69,-276,0,1500,2730,2140,2090,1242,0x0001,0,0
0.565128774,1025,88721,12,109,-116,-108,-117,164,0,1500,2760,2085,2088,1159,0x0001,0,0
0.565683415,1026,88733,12,5,-151,146,-66,30,0,1500,2797,2086,2133,1225,0x0001,0,0
0.566233445,1027,88743,10,-5,-139,248,32,85,0,1500,2827,2084,2087,1184,0x0001,0,0
0.566781678,1028,88755,12,51,-162,-145,115,-210,0,1500,2863,2087,2068,1168,0x0001,0,0
0.567329097,1029,88765,10,155,55,203,229,-6,0,1500,2900,2093,2089,1176,0x0001,0,0
0.567876700,1030,88777,12,178,21,-222,-153,-185,0,1500,2930,2087,2090,1231,0x0001,0,0
0.568423952,1031,88787,10,-495,-24,282,-35,-119,0,1500,2967,2095,2095,1219,0x0001,0,0
0.569023018,1032,88799,12,51,21,-72,213,9,0,1500,3006,2100,2093,1192,0x0001,0,0
0.569590029,1033,88811,12,109,-174,179,-17,-252,0,1500,3043,2079,2093,1260,0x0001,0,0
0.570149410,1034,88823,12,120,32,-26,-15,-22,0,1500,3073,2093,2097,1180,0x0001,0,0
0.570702588,1035,88833,10,17,-116,99,234,-38,0,1500,3110,2088,2097,1193,0x0001,0,0
0.571260525,1036,88845,12,-17,-59,99,39,-165,0,1500,3142,2096,2121,1214,0x0001,0,0
0.571812407,1037,88857,12,-109,101,-248,-97,14,0,1500,3179,2086,2107,1237,0x0001,0,0
0.572374010,1038,88867,10,182,262,-325,-83,139,0,1500,3215,2087,2098,1209,0x0001,0,0
0.572936447,1039,88879,12,63,-247,-142,-248,-253,0,1500,3245,2100,2097,1152,0x0001,0,0
0.573491347,1040,88891,12,74,21,-95,-117,-132,0,1500,3282,2080,2077,1190,0x0001,0,0
0.574041617,1041,88901,10,74,9,-106,-107,-89,0,1500,3319,2076,2093,1198,0x0001,0,0
0.574589814,1042,88913,12,51,-24,-118,-92,-77,0,1500,3349,2088,2078,1245,0x0001,0,0
0.575137621,1043,88923,10,97,-93,-62,-147,-97,0,1500,3386,2091,2068,1202,0x0001,0,0
0.575684947,1044,88935,12,109,21,-27,-3,-34,0,1500,3416,2074,2090,1169,0x0001,0,0
0.576232384,1045,88945,10,-17,-162,179,74,111,0,1500,3452,2082,2087,1139,0x0001,0,0
0.576779766,1046,88957,12,63,-70,-154,-219,-238,0,1500,3485,2093,2093,1224,0x0001,0,0
0.577328462,1047,88969,12,-74,-59,133,-113,-399,0,1500,3519,2096,2093,1254,0x0001,0,0
0.577876473,1048,88979,10,-247,151,42,110,179,0,1500,3549,2084,2085,1190,0x0001,0,0
0.578424392,1049,88991,12,-178,-220,142,113,-69,0,1500,3586,2085,2072,1200,0x0001,0,0
0.578971810,1050,89001,10,51,-1,-177,-204,129,0,1500,3623,2086,2099,1153,0x0001,0,0
0.579519284,1051,89013,12,5,9,242,26,59,0,1500,3650,2084,2075,1178,0x0001,0,0
0.580066888,1052,89023,10,5,-36,31,14,92,0,1500,3687,2080,2093,1182,0x0001,0,0
0.580638991,1053,89035,12,63,-93,8,-10,-220,0,1500,3717,2082,2084,1155,0x0001,0,0
0.581197058,1054,89047,12,-40,-59,99,3,36,0,1500,3754,2086,2102,1137,0x0001,0,0
0.581763328,1055,89057,10,-63,113,-50,-222,-191,0,1500,3791,2086,2095,1225,0x0001,0,0
0.582321858,1056,89069,12,-109,-231,157,81,62,0,1500,3821,2097,2087,1234,0x0001,0,0
0.582876350,1057,89081,12,132,9,-141,-79,4,0,1500,3857,2090,2091,1196,0x0001,0,0
0.583426528,1058,89091,10,216,-24,-50,191,-47,0,1500,3894,2091,2088,1172,0x0001,0,0
0.583974335,1059,89103,12,51,-116,434,335,413,0,1500,3926,2092,2086,1263,0x0001,0,0
0.584521846,1060,89113,10,28,-13,-84,-97,-42,0,1500,3963,2084,2092,1244,0x0001,0,0
0.585069135,1061,89125,12,-28,-36,54,60,-30,0,1500,3993,2065,2093,1169,0x0001,0,0
0.585616591,1062,89137,12,63,-1,-62,129,39,0,1500,4032,2102,2095,1180,0x0001,0,0
0.586163880,1063,89147,10,-74,-36,145,139,-200,0,1500,4062,2089,2112,1200,0x0001,0,0
0.586712798,1064,89159,12,17,-13,-4,201,150,0,1500,4101,2091,2080,1288,0x0001,0,0
0.587260976,1065,89169,10,5,-36,-50,-54,183,0,1500,4131,2091,2087,1145,0x0001,0,0
0.587809080,1066,89181,12,-51,-47,-158,-83,-44,0,1500,4168,2091,2088,1194,0x0001,0,0
0.588357128,1067,89191,10,40,193,-107,-108,-93,0,1500,4205,2091,2089,1237,0x0001,0,0
0.588905232,1068,89203,12,74,-13,-84,-84,1,0,1500,4237,2084,2104,1211,0x0001,0,0
0.589453058,1069,89213,10,74,-13,-177,-167,38,0,1500,4274,2077,2091,1209,0x0001,0,0
0.590001254,1070,89225,12,190,-1,271,259,-130,0,1500,4304,2075,2092,1231,0x0001,0,0
0.590549580,1071,89235,10,5,-70,65,70,117,0,1500,4341,2069,2088,1231,0x0001,0,0
0.591097036,1072,89247,12,-28,-40,19,21,-242,0,1500,4371,2081,2093,1171,0x0001,0,0
0.591644325,1073,89259,12,86,-82,-4,203,35,0,1500,4407,2091,2094,1217,0x0001,0,0
0.592191780,1074,89269,10,97,488,-281,-318,-122,0,1500,4437,2089,2084,1182,0x0001,0,0
0.592739069,1075,89281,12,-132,-13,145,-39,126,0,1500,4472,2084,2091,1179,0x0001,0,0
0.593286377,1076,89291,10,-86,44,260,186,42,0,1500,4502,2088,2088,1202,0x0001,0,0
0.593833906,1077,89303,12,28,-59,31,191,-134,0,1500,4539,2096,2086,1178,0x0001,0,0
0.594381954,1078,89313,10,167,-47,42,50,-55,0,1500,4573,2087,2084,1168,0x0001,0,0
0.594930225,1079,89325,12,5,21,237,280,50,0,1500,4603,2072,2092,1177,0x0001,0,0
0.595478143,1080,89335,10,170,-36,-96,-45,1,0,1500,4637,2083,2088,1179,0x0001,0,0
0.596026247,1081,89347,12,109,44,42,75,55,0,1500,4667,2093,2092,1220,0x0001,0,0
0.596574166,1082,89357,10,5,-70,65,-178,-123,0,1500,4702,2089,2089,1218,0x0001,0,0
0.597122306,1083,89369,12,17,-82,19,25,-251,0,1500,4732,2087,2094,1197,0x0001,0,0
0.597670206,1084,89381,12,190,-70,-120,-18,64,0,1500,4766,2081,2087,1191,0x0001,0,0
0.598218477,1085,89391,10,40,-116,29,16,482,0,1500,4796,2091,2092,1209,0x0001,0,0
0.598766692,1086,89403,12,86,-59,229,273,-48,0,1500,4833,2091,2089,1178,0x0001,0,0
0.599315092,1087,89413,10,-132,-82,87,96,-100,0,1500,4868,2084,2089,1161,0x0001,0,0
0.599863232,1088,89425,12,144,-1,369,487,-59,0,1500,4898,2084,2089,1190,0x0001,0,0
0.600411355,1089,89435,10,-253,-47,75,64,34,0,1500,4934,2088,2121,1213,0x0001,0,0
0.600959255,1090,89447,12,155,9,168,202,-33,0,1500,4964,2093,2092,1236,0x0001,0,0
0.601507636,1091,89457,10,213,32,-129,193,-43,0,1500,5001,2100,2091,1245,0x0001,0,0
0.602055573,1092,89469,12,5,-525,789,763,-375,0,1500,5033,2088,2087,1201,0x0001,0,0
0.602604214,1093,89481,12,-40,-185,225,-7,119,0,1500,5070,2081,2088,1196,0x0001,0,0
0.603152114,1094,89491,10,-143,-1,-269,-21,-188,0,1500,5100,2086,2097,1133,0x0001,0,0
0.603700310,1095,89503,12,86,-82,-4,71,-113,0,1500,5137,2088,2094,1182,0x0001,0,0
0.604248229,1096,89513,10,-74,-300,180,302,294,0,1500,5167,2093,2088,1223,0x0001,0,0
0.604796481,1097,89525,12,-132,-36,168,52,-111,0,1500,5204,2074,2087,1245,0x0001,0,0
0.605344585,1098,89535,10,-40,216,-440,-219,45,0,1500,5240,2091,2088,1256,0x0001,0,0
0.605892503,1099,89547,12,40,-1,-108,5,125,0,1500,5270,2081,2097,1234,0x0001,0,0
0.606440940,1100,89557,10,239,-1,-4,-254,24,0,1500,5307,2131,2074,1243,0x0001,0,0
0.606988248,1101,89569,12,51,21,88,88,-56,0,1500,5337,2089,2099,1117,0x0001,0,0
0.607560888,1102,89581,12,-143,-59,202,58,-8,0,1500,5374,2090,2087,1170,0x0001,0,0
0.608118325,1103,89591,10,-216,-59,156,34,-118,0,1500,5408,2073,2088,1284,0x0001,0,0
0.608672188,1104,89603,12,63,-47,31,32,-20,0,1500,5438,2064,2085,1098,0x0001,0,0
0.609221680,1105,89615,12,63,21,-84,96,-50,0,1500,5475,2081,2087,1206,0x0001,0,0
0.609771303,1106,89625,10,-17,-59,-38,26,-209,0,1500,5505,2053,2086,1156,0x0001,0,0
0.610322332,1107,89637,12,-40,-13,53,64,-110,0,1500,5539,2093,2090,1088,0x0001,0,0
0.610873362,1108,89647,10,86,67,-107,-36,-55,0,1500,5574,2081,2074,1193,0x0001,0,0
0.611423577,1109,89659,12,-143,-128,398,-69,-415,0,1500,5604,2083,2075,1247,0x0001,0,0
0.611973829,1110,89669,10,17,-611,514,-39,-160,0,1500,5638,2084,2106,1192,0x0001,0,0
0.612523914,1111,89681,12,-74,-36,87,-26,166,0,1500,5668,2090,2088,1177,0x0001,0,0
0.613074203,1112,89693,12,-51,9,42,-132,65,0,1500,5703,2077,2088,1193,0x0001,0,0
0.613624177,1113,89703,10,155,-47,42,32,216,0,1500,5733,2093,2090,1172,0x0001,0,0
0.614174966,1114,89715,12,-28,-116,-112,97,50,0,1500,5767,2087,2092,1208,0x0001,0,0
0.614725754,1115,89725,10,78,-47,-62,92,14,0,1500,5802,2085,2082,1236,0x0001,0,0
0.615275895,1116,89737,12,51,-47,-119,-120,127,0,1500,5832,2089,2094,1230,0x0001,0,0
0.615825962,1117,89747,10,17,113,-222,19,-21,0,1500,5866,2095,2084,1231,0x0001,0,0
0.616375936,1118,89759,12,86,-82,65,35,186,0,1500,5896,2085,2088,1283,0x0001,0,0
0.616924410,1119,89771,12,5,-59,54,304,-700,0,1500,5931,2069,2088,1234,0x0001,0,0
0.617472384,1120,89781,10,63,-13,190,-65,74,0,1500,5961,2094,2057,1128,0x0001,0,0
0.618022192,1121,89793,12,40,-13,-283,263,462,0,1500,5997,2089,2096,1182,0x0001,0,0
0.618573129,1122,89803,10,-5,-24,7,21,-104,0,1500,6032,2114,2098,1288,0x0001,0,0
0.619123769,1123,89815,12,97,-47,-96,-43,114,0,1500,6062,2084,2093,1142,0x0001,0,0
0.619671855,1124,89825,10,63,-1,-4,5,37,0,1500,6099,2078,2094,1209,0x0001,0,0
0.620219755,1125,89837,12,28,-1,-27,-110,70,0,1500,6129,2089,2102,1211,0x0001,0,0
0.620767155,1126,89849,12,5,-1,-4,-275,20,0,1500,6165,2089,2093,1134,0x0001,0,0
0.621315647,1127,89859,10,86,21,-37,1,41,0,1500,6195,2089,2123,1279,0x0001,0,0
0.621863362,1128,89871,12,650,9,-659,11,-104,0,1500,6232,2083,2078,1192,0x0001,0,0
0.622412577,1129,89881,10,17,78,-256,173,198,0,1500,6262,2091,2107,1267,0x0001,0,0
0.622960792,1130,89893,12,-5,-82,-425,123,292,0,1500,13,2096,2091,1167,0x0001,0,0
0.623508970,1131,89903,10,155,-266,249,5,41,0,1500,50,2093,2089,1193,0x0001,0,0
0.624056870,1132,89915,12,28,67,19,15,-33,0,1500,80,2110,2088,1189,0x0001,0,0
0.624604955,1133,89925,10,236,44,-118,84,120,0,1500,115,2090,2086,1223,0x0001,0,0
0.625152966,1134,89937,12,40,-24,110,-96,-65,0,1500,144,2089,2105,1218,0x0001,0,0
0.625701292,1135,89949,12,-63,21,42,122,128,0,1500,179,2096,2079,1179,0x0001,0,0
0.626248618,1136,89959,10,190,159,238,-308,213,0,1500,209,2088,2110,1187,0x0001,0,0
0.626797036,1137,89971,12,86,493,-579,-95,-77,0,1500,243,2100,2089,1210,0x0001,0,0
0.627345659,1138,89981,10,397,44,-360,367,-95,0,1500,273,2102,2084,1189,0x0001,0,0
0.627894225,1139,89993,12,-201,78,-133,-40,83,0,1500,308,2113,2104,1206,0x0001,0,0
0.628442699,1140,90003,10,74,-231,180,-28,-1,0,1500,342,2105,2085,1236,0x0001,0,0
0.628991044,1141,90015,12,247,-36,122,29,-230,0,1500,370,2058,2089,1235,0x0001,0,0
0.629539351,1142,90025,10,97,-13,-73,93,-108,0,1500,404,2101,2083,1203,0x0001,0,0
0.630087307,1143,90037,12,-28,9,64,-42,-52,0,1500,432,2094,2088,1211,0x0001,0,0
0.630636114,1144,90049,12,190,-139,-51,-454,-98,0,1500,467,2090,2084,1177,0x0001,0,0
0.631184070,1145,90059,10,97,-97,-15,40,-34,0,1500,497,2080,2081,1192,0x0001,0,0
0.631733711,1146,90071,12,28,-59,31,331,193,0,1500,529,2123,2085,1223,0x0001,0,0
0.632281722,1147,90081,10,132,-47,-534,642,-5,0,1500,559,2101,2098,1176,0x0001,0,0
0.632829937,1148,90093,12,74,21,-351,363,-24,0,1500,593,2094,2094,1196,0x0001,0,0
0.633386281,1149,90103,10,132,-508,376,70,5,0,1500,628,2100,2086,1238,0x0001,0,0
0.633942292,1150,90115,12,63,209,-360,403,226,0,1500,658,2118,2087,1223,0x0001,0,0
0.634494044,1151,90127,12,40,-162,122,-98,-20,0,1500,692,2094,2086,1237,0x0001,0,0
0.635063869,1152,90137,10,-251,-47,75,188,7,0,1500,727,2096,2092,1183,0x0001,0,0
0.635621769,1153,90149,12,40,-128,42,-30,727,0,1500,757,2030,2086,1257,0x0001,0,0
0.636176762,1154,90161,12,247,-139,-108,126,-12,0,1500,793,2096,2121,1233,0x0001,0,0
0.636727254,1155,90171,10,-5,-47,19,-8,-47,0,1500,823,2080,2099,1213,0x0001,0,0
0.637277562,1156,90183,12,-63,9,-202,135,-11,0,1500,858,2089,2089,1203,0x0001,0,0
0.637827647,1157,90193,10,5,-47,-16,25,42,0,1500,895,2090,2100,1245,0x0001,0,0
0.638378677,1158,90205,12,-270,-36,-95,97,-5,0,1500,924,2085,2097,1206,0x0001,0,0
0.638928873,1159,90215,10,190,-70,-4,-244,80,0,1500,961,2089,2101,1223,0x0001,0,0
0.639478940,1160,90227,12,63,174,-37,39,248,0,1500,991,2103,2090,1181,0x0001,0,0
0.640029377,1161,90239,12,-51,-1,52,28,-43,0,1500,1026,2128,2079,1217,0x0001,0,0
0.640579499,1162,90249,10,17,-105,122,-122,23,0,1500,1056,2082,2089,1197,0x0001,0,0
0.641129714,1163,90261,12,51,-13,-38,18,-217,0,1500,1092,2090,2092,1183,0x0001,0,0
0.641679762,1164,90271,10,132,9,-37,37,1,0,1500,1127,2091,2092,1119,0x0001,0,0
0.642230088,1165,90283,12,5,78,52,-52,7,0,1500,1157,2082,2087,1209,0x0001,0,0
0.642780766,1166,90293,10,17,-105,88,-96,45,0,1500,1194,2084,2089,1167,0x0001,0,0
0.643328351,1167,90305,12,-51,-70,42,-48,220,0,1500,1224,2096,2094,1125,0x0001,0,0
0.643876047,1168,90317,12,97,286,-383,-74,-151,0,1500,1258,2093,2085,1227,0x0001,0,0
0.644423558,1169,90327,10,17,-132,156,-150,45,0,1500,1288,2090,2094,1137,0x0001,0,0
0.644970866,1170,90339,12,-17,193,-176,54,7,0,1500,1323,2105,2094,1172,0x0001,0,0
0.645518340,1171,90349,10,40,21,-72,64,-90,0,1500,1352,2085,2109,1251,0x0001,0,0
0.646065610,1172,90361,12,-74,-151,-31,11,-15,0,1500,1387,2094,2118,1203,0x0001,0,0
0.646614195,1173,90371,10,51,-24,7,-15,-132,0,1500,1424,2093,2096,1115,0x0001,0,0
0.647162336,1174,90383,12,63,-47,-142,62,-218,0,1500,1451,2096,2109,1234,0x0001,0,0
0.647710403,1175,90393,10,-74,-105,168,93,-21,0,1500,1488,2092,2087,1191,0x0001,0,0
0.648258451,1176,90405,12,28,113,-395,488,92,0,1500,1516,2092,2094,1199,0x0001,0,0
0.648806555,1177,90417,12,-74,101,-27,72,-73,0,1500,1550,2092,2089,1223,0x0001,0,0
0.649354436,1178,90427,10,28,-212,87,-78,-216,0,1500,1580,2081,2092,1197,0x0001,0,0
0.649902373,1179,90439,12,443,90,-533,101,-148,0,1500,1615,2086,2096,1187,0x0001,0,0
0.650451051,1180,90449,10,-17,78,-175,140,149,0,1500,1645,2088,2108,1194,0x0001,0,0
0.650998988,1181,90461,12,-17,67,-306,422,65,0,1500,1679,2096,2089,1193,0x0001,0,0
0.651547110,1182,90471,10,201,-1,29,-14,-120,0,1500,1716,2137,2101,1154,0x0001,0,0
0.652095010,1183,90483,12,144,9,-153,-12,-202,0,1500,1746,2089,2093,1161,0x0001,0,0
0.652643077,1184,90493,10,144,55,-72,69,103,0,1500,1783,2092,2077,1225,0x0001,0,0
0.653191088,1185,90505,12,-28,-70,-119,202,40,0,1500,1813,2087,2149,1231,0x0001,0,0
0.653739173,1186,90515,10,97,9,-95,-220,328,0,1500,1849,2098,2097,1135,0x0001,0,0
0.654287314,1187,90527,12,-143,-257,479,-543,151,0,1500,1879,2100,2087,1279,0x0001,0,0
0.654835418,1188,90539,12,-155,-289,444,173,-250,0,1500,1916,2097,2091,1220,0x0001,0,0
0.655383411,1189,90549,10,-86,-13,-27,-7,-40,0,1500,1946,2092,2045,1202,0x0001,0,0
0.655931533,1190,90561,12,-28,-59,-169,-17,-161,0,1500,1983,2096,2087,1251,0x0001,0,0
0.656479433,1191,90571,10,109,-24,-4,-22,0,0,1500,2020,2093,2099,1115,0x0001,0,0
0.657027500,1192,90583,12,-17,9,-248,-3,-198,0,1500,2050,2093,2101,1198,0x0001,0,0
0.657575437,1193,90593,10,228,-47,30,-47,-32,0,1500,2086,2081,2088,1174,0x0001,0,0
0.658123651,1194,90605,12,5,-1,64,-58,41,0,1500,2116,2088,2069,1208,0x0001,0,0
0.658671848,1195,90615,10,28,-24,-16,-26,263,0,1500,2153,2087,2090,1202,0x0001,0,0
0.659219396,1196,90627,12,28,136,53,-164,-18,0,1500,2181,2089,2097,1244,0x0001,0,0
0.659766777,1197,90639,12,5,32,-37,-64,-45,0,1500,2218,2076,1816,1215,0x0001,0,0
0.660314511,1198,90649,10,97,-280,272,-301,429,0,1500,2248,2117,2085,1234,0x0001,0,0
0.660861781,1199,90661,12,51,-36,-15,0,-53,0,1500,2282,2078,2070,1241,0x0001,0,0
0.661409274,1200,90671,10,74,-139,-85,-174,111,0,1500,2312,2076,2077,1229,0x0001,0,0
0.661956748,1201,90683,12,-97,78,-237,19,-10,0,1500,2346,2096,2091,1255,0x0001,0,0
0.662519018,1202,90693,10,-40,-24,110,-249,23,0,1500,2383,2095,2094,1239,0x0001,0,0
0.663077270,1203,90705,12,97,-128,144,-106,125,0,1500,2411,2100,2087,1226,0x0001,0,0
0.663631596,1204,90717,12,74,-70,-4,-76,-239,0,1500,2445,2093,2085,1248,0x0001,0,0
0.664182070,1205,90727,10,97,-82,54,-71,193,0,1500,2480,2076,2087,1239,0x0001,0,0
0.664732007,1206,90739,12,201,-59,114,-27,27,0,1500,2510,2082,2094,1225,0x0001,0,0
0.665282111,1207,90749,10,97,-36,31,-26,0,0,1500,2544,2110,2080,1189,0x0001,0,0
0.665830714,1208,90761,12,40,9,-37,17,-37,0,1500,2572,2079,2089,1170,0x0001,0,0
0.666379948,1209,90771,10,-362,-162,524,-153,-63,0,1500,2607,2093,2087,1212,0x0001,0,0
0.666927737,1210,90783,12,-5,174,-106,-52,-107,0,1500,2634,2081,2085,1189,0x0001,0,0
0.667475581,1211,90795,12,120,78,-198,-240,-223,0,1500,2669,2087,2087,1214,0x0001,0,0
0.668026833,1212,90805,10,-408,-59,191,56,-69,0,1500,2699,2086,2086,1200,0x0001,0,0
0.668585714,1213,90817,12,5,-243,75,50,71,0,1500,2733,2093,2076,1208,0x0001,0,0
0.669146947,1214,90827,10,109,-24,-85,-101,208,0,1500,2770,2096,2067,1233,0x0001,0,0
0.669700773,1215,90839,12,63,-247,-269,-240,-230,0,1500,2797,2092,2092,1202,0x0001,0,0
0.670249044,1216,90851,12,74,113,69,-69,45,0,1500,2834,2078,2091,1226,0x0001,0,0
0.670797907,1217,90861,10,190,101,-268,-100,57,0,1500,2869,2085,2090,1191,0x0001,0,0
0.671345214,1218,90873,12,-17,-24,-215,-243,-186,0,1500,2899,2089,2094,1224,0x0001,0,0
0.671893151,1219,90883,10,-14,44,-4,45,-10,0,1500,2936,2088,2131,1239,0x0001,0,0
0.672452329,1220,90895,12,74,-13,31,-12,-220,0,1500,2965,2088,2098,1184,0x0001,0,0
0.673013358,1221,90907,12,-86,9,-179,-56,-130,0,1500,3002,2094,2085,1195,0x0001,0,0
0.673567351,1222,90917,10,213,21,-4,18,-384,0,1500,3037,2089,2095,1220,0x0001,0,0
0.674117288,1223,90929,12,97,-47,-61,-12,-62,0,1500,3069,2088,2111,1184,0x0001,0,0
0.674666725,1224,90939,10,216,-24,-50,-74,-24,0,1500,3104,2090,2092,1184,0x0001,0,0
0.675214755,1225,90951,12,-40,32,-15,-52,11,0,1500,3133,2092,2093,1201,0x0001,0,0
0.675762710,1226,90963,12,144,-105,-39,-588,-333,0,1500,3170,2093,2099,1196,0x0001,0,0
0.676310536,1227,90973,10,155,-224,133,102,-163,0,1500,3200,2092,2096,1141,0x0001,0,0
0.676858492,1228,90985,12,213,9,-222,42,288,0,1500,3235,2080,2106,1152,0x0001,0,0
0.677406225,1229,90995,10,282,32,238,282,-171,0,1500,3265,2108,2101,1192,0x0001,0,0
0.677954088,1230,91007,12,109,21,-130,-53,-6,0,1500,3301,2094,2103,1238,0x0001,0,0
0.678502136,1231,91017,10,-5,55,-164,-130,-43,0,1500,3336,2080,2090,1176,0x0001,0,0
0.679049703,1232,91029,12,74,-24,462,285,91,0,1500,3366,2081,2088,1224,0x0001,0,0
0.679596992,1233,91039,10,17,-59,54,-246,-16,0,1500,3403,2100,2083,1206,0x0001,0,0
0.680144762,1234,91051,12,109,-105,-60,-61,-25,0,1500,3430,2092,2083,1197,0x0001,0,0
0.680692255,1235,91061,10,-507,-13,294,67,63,0,1500,3467,2084,2095,1198,0x0001,0,0
0.681239729,1236,91073,12,51,-36,432,474,108,0,1500,3497,2098,2090,1202,0x0001,0,0
0.681787092,1237,91085,12,-40,-669,709,-117,124,0,1500,3531,2091,2088,1216,0x0001,0,0
0.682334862,1238,91095,10,-120,-151,53,-18,115,0,1500,3561,2087,2094,1210,0x0001,0,0
0.682882281,1239,91107,12,-17,90,-73,133,184,0,1500,3596,2082,2105,1182,0x0001,0,0
0.683429774,1240,91117,10,-40,-1,75,87,5,0,1500,3626,2090,2087,1202,0x0001,0,0
0.683977229,1241,91129,12,40,67,-107,-285,90,0,1500,3660,2092,2087,1192,0x0001,0,0
0.684524537,1242,91139,10,-258,-59,54,28,129,0,1500,3695,2105,2088,1184,0x0001,0,0
0.685072011,1243,91151,12,-28,-93,121,53,114,0,1500,3725,2088,2085,1182,0x0001,0,0
0.685619281,1244,91161,10,-40,-185,225,168,-39,0,1500,3759,2086,2085,1165,0x0001,0,0
0.686166755,1245,91173,12,120,-36,-27,-99,164,0,1500,3789,2094,2088,1247,0x0001,0,0
0.686714766,1246,91183,10,984,-1,-799,-144,45,0,1500,3826,2080,2095,1240,0x0001,0,0
0.687263000,1247,91195,12,201,9,-26,-27,-4,0,1500,3856,2080,2109,1236,0x0001,0,0
0.687811011,1248,91207,12,51,-47,-4,-179,-16,0,1500,3893,2099,2092,1154,0x0001,0,0
0.688358966,1249,91217,10,74,174,-187,-171,-84,0,1500,3923,2089,2095,1208,0x0001,0,0
0.688906792,1250,91229,12,155,182,-337,252,-180,0,1500,3959,2091,2091,1178,0x0001,0,0
0.689480785,1251,91239,10,49,90,-95,-340,-190,0,1500,3996,2083,2093,1154,0x0001,0,0
0.690038907,1252,91251,12,-212,-59,8,-12,-140,0,1500,4026,2080,2077,1218,0x0001,0,0
0.690595529,1253,91263,12,5,67,-72,-150,-122,0,1500,4063,2092,2089,1156,0x0001,0,0
0.691145688,1254,91273,10,120,9,-14,-15,-1,0,1500,4100,2081,2088,1253,0x0001,0,0
0.691695885,1255,91285,12,97,21,19,15,58,0,1500,4132,2090,2087,1176,0x0001,0,0
0.692245673,1256,91295,10,193,32,-129,-131,109,0,1500,4169,2083,2100,1259,0x0001,0,0
0.692796518,1257,91307,12,-74,186,-61,-61,11,0,1500,4199,2091,2089,1211,0x0001,0,0
0.693346325,1258,91319,12,-86,-47,133,133,-14,0,1500,4233,2085,2104,1215,0x0001,0,0
0.693896281,1259,91329,10,97,55,-50,-52,225,0,1500,4266,2073,2090,1182,0x0001,0,0
0.694446385,1260,91341,12,5,147,-408,-259,206,0,1500,4300,2088,2086,1206,0x0001,0,0
0.694996266,1261,91351,10,28,-116,76,88,-37,0,1500,4337,2077,2097,1205,0x0001,0,0
0.695546407,1262,91363,12,5,-24,444,478,157,0,1500,4367,2054,2091,1186,0x0001,0,0
0.696096251,1263,91373,10,-66,-59,145,-117,48,0,1500,4401,2089,2091,1180,0x0001,0,0
0.696646355,1264,91385,12,132,-13,167,160,-54,0,1500,4431,2104,2092,1180,0x0001,0,0
0.697196181,1265,91397,12,5,-105,100,-93,-148,0,1500,4466,2084,2084,1186,0x0001,0,0
0.697925764,1266,91407,10,5,-13,-50,-34,57,0,1500,4507,2096,2067,1229,0x0001,0,0
0.698487756,1267,91423,16,-74,-24,-158,-10,15,0,1500,4542,2085,2087,1215,0x0001,0,0
0.699041489,1268,91433,10,40,-59,122,113,44,0,1500,4576,2079,2101,1188,0x0001,0,0
0.699593297,1269,91445,12,74,-82,64,50,-46,0,1500,4606,2091,2066,1164,0x0001,0,0
0.700224603,1270,91455,10,5,-1,-4,-1,10,0,1500,4645,2092,2076,1228,0x0001,0,0
0.700781318,1271,91469,14,144,9,29,32,-4,0,1500,4675,2085,2089,1225,0x0001,0,0
0.701330773,1272,91479,10,208,-1,-119,-69,-19,0,1500,4710,2079,2085,1240,0x0001,0,0
0.701880507,1273,91491,12,5,-1,237,140,-227,0,1500,4737,2045,2095,1312,0x0001,0,0
0.702428684,1274,91503,12,-17,9,8,-89,-23,0,1500,4772,2075,2089,1213,0x0001,0,0
0.702976325,1275,91513,10,132,-70,54,80,22,0,1500,4802,2089,2088,1240,0x0001,0,0
0.703523633,1276,91525,12,5,-47,42,25,2,0,1500,4836,2093,2091,1215,0x0001,0,0
0.704071144,1277,91535,10,-5,-47,121,86,-4,0,1500,4866,2097,2104,1255,0x0001,0,0
0.704618488,1278,91547,12,-74,-93,167,156,-93,0,1500,4901,2096,2084,1144,0x0001,0,0
0.705165944,1279,91557,10,5,32,88,5,36,0,1500,4937,2088,2088,1177,0x0001,0,0
0.705713159,1280,91569,12,178,435,-101,-3,101,0,1500,4967,2071,2088,1207,0x0001,0,0
0.706260614,1281,91579,10,147,-36,-27,22,-103,0,1500,5004,2082,2091,1205,0x0001,0,0
0.706808237,1282,91591,12,74,-24,-4,89,85,0,1500,5034,2063,2093,1236,0x0001,0,0
0.707355748,1283,91601,10,5,-1,-16,255,-48,0,1500,5069,2092,2087,1238,0x0001,0,0
0.707902963,1284,91613,12,-51,-247,157,184,-55,0,1500,5098,2089,2087,1217,0x0001,0,0
0.708450455,1285,91625,12,213,90,-303,36,3,0,1500,5135,2094,2050,1242,0x0001,0,0
0.708997670,1286,91635,10,17,-36,156,26,-172,0,1500,5165,2087,2088,1180,0x0001,0,0
0.709545070,1287,91647,12,-28,67,-39,283,-129,0,1500,5202,2113,2091,1205,0x0001,0,0
0.710092229,1288,91657,10,5,-13,30,13,229,0,1500,5230,2092,2087,1196,0x0001,0,0
0.710639648,1289,91669,12,-40,-116,156,160,-91,0,1500,5266,2086,2081,1226,0x0001,0,0
0.711186844,1290,91679,10,-28,-82,-27,86,-157,0,1500,5301,2097,2081,1220,0x0001,0,0
0.711734244,1291,91691,12,132,-13,137,43,-51,0,1500,5331,2088,2091,1138,0x0001,0,0
0.712281570,1292,91701,10,182,90,-130,-78,-156,0,1500,5365,2094,2085,1204,0x0001,0,0
0.712834526,1293,91713,12,97,9,892,625,-715,0,1500,5395,2098,2090,1267,0x0001,0,0
0.713388185,1294,91725,12,120,-13,-107,2,127,0,1500,5430,2101,2087,1170,0x0001,0,0
0.713938196,1295,91735,10,63,-315,203,293,-120,0,1500,5460,2089,2089,1202,0x0001,0,0
0.714486022,1296,91747,12,167,55,-222,25,47,0,1500,5494,2079,2091,1288,0x0001,0,0
0.715033348,1297,91757,10,28,366,-257,-328,-84,0,1500,5522,2096,2086,1187,0x0001,0,0
0.715580785,1298,91769,12,63,21,-84,155,248,0,1500,5556,2091,2088,1145,0x0001,0,0
0.716128000,1299,91779,10,-51,-105,-27,130,-123,0,1500,5591,2078,2082,1209,0x0001,0,0
0.716702844,1300,91791,12,-63,-24,41,10,-40,0,1500,5621,2084,2088,1247,0x0001,0,0
0.717260225,1301,91803,12,-63,-24,87,159,-128,0,1500,5655,2133,2090,1147,0x0001,0,0
0.717815588,1302,91813,10,185,21,-118,-222,311,0,1500,5690,2086,2089,1175,0x0001,0,0
0.718367062,1303,91825,12,86,-93,1228,774,-1191,0,1500,5717,2073,2088,1165,0x0001,0,0
0.718917629,1304,91837,12,28,-565,537,-162,36,0,1500,5752,2092,2091,1216,0x0001,0,0
0.719467714,1305,91847,10,5,209,-233,-45,-21,0,1500,5780,2092,2082,1183,0x0001,0,0
0.720018429,1306,91859,12,17,-36,19,-17,-179,0,1500,5814,2092,2102,1231,0x0001,0,0
0.720568440,1307,91869,10,-5,-47,87,-2,-194,0,1500,5849,2089,2088,1185,0x0001,0,0
0.721118655,1308,91881,12,28,-47,284,137,-300,0,1500,5878,2091,2086,1240,0x0001,0,0
0.721668573,1309,91891,10,-14,-47,156,199,0,0,1500,5913,2101,2084,1226,0x0001,0,0
0.722218751,1310,91903,12,-51,-70,144,24,-152,0,1500,5943,2087,2076,1177,0x0001,0,0
0.722769596,1311,91915,12,109,32,-141,101,41,0,1500,5977,2106,2086,1090,0x0001,0,0
0.723319551,1312,91925,10,74,55,-234,163,201,0,1500,6007,2083,2089,1181,0x0001,0,0
0.723869692,1313,91937,12,144,9,-153,14,155,0,1500,6042,2061,2089,1200,0x0001,0,0
0.724419703,1314,91947,10,63,90,-62,-46,177,0,1500,6079,2080,2087,1117,0x0001,0,0
0.724969862,1315,91959,12,97,136,-38,10,37,0,1500,6109,2079,2087,1263,0x0001,0,0
0.725519836,1316,91969,10,17,-24,19,9,100,0,1500,6143,2084,2086,1172,0x0001,0,0
0.726070162,1317,91981,12,40,-235,29,-26,-21,0,1500,6173,2088,2101,1190,0x0001,0,0
0.726618896,1318,91993,12,51,1471,-1522,36,50,0,1500,6210,2108,2096,1247,0x0001,0,0
0.727188221,1319,92003,10,51,-185,157,-218,26,0,1500,6244,2086,2092,1198,0x0001,0,0
0.727743806,1320,92015,12,213,-24,271,-59,-278,0,1500,6277,2095,2090,1216,0x0001,0,0
0.728299058,1321,92027,12,63,44,-107,30,67,0,1500,28,2122,2088,1155,0x0001,0,0
0.728849866,1322,92037,10,17,-208,-120,325,-107,0,1500,62,2094,2071,1201,0x0001,0,0
0.729398117,1323,92049,12,155,-59,-96,97,-7,0,1500,92,2098,2084,1170,0x0001,0,0
0.729946110,1324,92059,10,466,-93,76,5,-229,0,1500,127,2098,2054,1184,0x0001,0,0
0.730495010,1325,92071,12,51,113,-199,154,132,0,1500,157,2097,2098,1154,0x0001,0,0
0.731043151,1326,92081,10,-182,-13,30,-21,-574,0,1500,191,2082,2098,1165,0x0001,0,0
0.731591329,1327,92093,12,-17,-24,65,-138,38,0,1500,221,2097,2088,1187,0x0001,0,0
0.732139303,1328,92105,12,97,21,-118,-262,-75,0,1500,256,2093,2098,1210,0x0001,0,0
0.732687481,1329,92115,10,397,140,-188,175,-167,0,1500,286,2102,2090,1180,0x0001,0,0
0.733235418,1330,92127,12,-17,-59,76,4,-118,0,1500,320,2096,2092,1190,0x0001,0,0
0.733783336,1331,92137,10,-51,159,-187,94,151,0,1500,348,2088,2089,1213,0x0001,0,0
0.734331921,1332,92149,12,-40,-59,-157,114,-7,0,1500,382,2093,2087,1239,0x0001,0,0
0.734879877,1333,92159,10,74,170,-210,124,-679,0,1500,417,2095,2088,1226,0x0001,0,0
0.735427981,1334,92171,12,-5,-70,-85,166,-91,0,1500,444,2099,2086,1201,0x0001,0,0
0.735975844,1335,92181,10,5,-24,-166,206,11,0,1500,479,2088,2091,1196,0x0001,0,0
0.736523966,1336,92193,12,109,-47,-4,81,-126,0,1500,506,2082,2081,1214,0x0001,0,0
0.737071884,1337,92205,12,-17,-82,99,189,-48,0,1500,541,2102,2086,1155,0x0001,0,0
0.737620118,1338,92215,10,144,-36,-27,56,-50,0,1500,571,2088,2083,1181,0x0001,0,0
0.738168055,1339,92227,12,-28,-59,87,195,133,0,1500,605,2067,2091,1202,0x0001,0,0
0.738716529,1340,92237,10,74,-93,225,-215,-71,0,1500,633,2098,2086,1172,0x0001,0,0
0.739264281,1341,92249,12,120,-13,-107,150,-115,0,1500,670,2088,2085,1218,0x0001,0,0
0.739811977,1342,92259,10,236,-24,-73,93,-50,0,1500,704,2091,2088,1237,0x0001,0,0
0.740359266,1343,92271,12,28,67,-351,309,-7,0,1500,734,2098,2090,1210,0x0001,0,0
0.740906814,1344,92281,10,-159,9,8,-11,-44,0,1500,769,2083,2089,1236,0x0001,0,0
0.741454140,1345,92293,12,5,-59,-371,398,-52,0,1500,799,2083,2099,1212,0x0001,0,0
0.742001633,1346,92303,10,17,-13,-27,-223,35,0,1500,836,2093,2099,1201,0x0001,0,0
0.742550070,1347,92315,12,74,-36,-118,108,70,0,1500,865,2088,2065,1183,0x0001,0,0
0.743098396,1348,92327,12,-17,67,-50,41,7,0,1500,902,2080,2087,1180,0x0001,0,0
0.743646352,1349,92337,10,-166,-224,-50,56,205,0,1500,932,2102,2076,1209,0x0001,0,0
0.744214751,1350,92349,12,51,-24,-283,366,-186,0,1500,967,2095,2096,1201,0x0001,0,0
0.744773614,1351,92359,10,120,-13,-107,121,-51,0,1500,1003,2079,2079,1195,0x0001,0,0
0.745328866,1352,92371,12,51,-174,54,-52,191,0,1500,1033,2093,2098,1213,0x0001,0,0
0.745879303,1353,92383,12,132,-151,-237,62,67,0,1500,1070,2100,2094,1199,0x0001,0,0
0.746429907,1354,92393,10,581,-13,-4,3,151,0,1500,1105,2086,2084,1198,0x0001,0,0
0.746980399,1355,92405,12,40,-1,-295,315,-10,0,1500,1135,2095,2100,1164,0x0001,0,0
0.747598243,1356,92671,266,17,-105,-4,2,238,0,1500,1169,2088,2104,1232,0x0001,0,0
0.748159272,1357,92429,4294967054,155,147,-46,23,126,0,1500,1206,2089,2090,1155,0x0001,0,0
0.748713783,1358,92439,10,97,55,-199,187,-187,0,1500,1240,2108,2090,1259,0x0001,0,0
0.749264535,1359,92451,12,51,-1,-258,213,-228,0,1500,1270,2085,2088,1170,0x0001,0,0
0.749814676,1360,92463,12,86,309,-395,-456,560,0,1500,1305,2092,2079,1168,0x0001,0,0
0.750371965,1361,92473,10,-28,113,-85,104,-201,0,1500,1335,2101,2088,1183,0x0001,0,0
0.750921513,1362,92485,12,51,67,138,-136,235,0,1500,1369,2089,2090,1258,0x0001,0,0
0.751470042,1363,92495,10,40,21,-141,114,409,0,1500,1404,2111,2085,1233,0x0001,0,0
0.752017924,1364,92507,12,144,90,-26,28,-1,0,1500,1434,2095,2094,1163,0x0001,0,0
0.752566065,1365,92517,10,-251,-36,64,195,55,0,1500,1468,2091,2057,1242,0x0001,0,0
0.753114020,1366,92529,12,190,21,940,-587,952,0,1500,1496,2085,2082,1255,0x0001,0,0
0.753662106,1367,92541,12,63,-59,-4,159,-275,0,1500,1530,2090,2096,1279,0x0001,0,0
0.754210043,1368,92551,10,-97,-166,19,-57,-64,0,1500,1560,2070,2092,1281,0x0001,0,0
0.754758443,1369,92563,12,-86,78,8,79,-99,0,1500,1595,2094,2100,1246,0x0001,0,0
0.755306657,1370,92573,10,-17,-197,248,-255,-449,0,1500,1625,2093,2097,1259,0x0001,0,0
0.755854613,1371,92585,12,5,67,-72,0,-5,0,1500,1659,2072,2124,1205,0x0001,0,0
0.756397532,1372,92595,10,97,-93,-4,-62,-38,0,1500,1696,2100,2094,1247,0x0001,0,0
0.756945432,1373,92607,12,97,-36,195,-288,37,0,1500,1724,2095,2096,1167,0x0001,0,0
0.757493498,1374,92617,10,28,-13,-96,27,31,0,1500,1761,2097,2090,1211,0x0001,0,0
0.758041398,1375,92629,12,-74,9,41,-16,44,0,1500,1790,2091,2084,1289,0x0001,0,0
0.758589798,1376,92639,10,86,-24,-85,6,-93,0,1500,1827,2096,2093,1253,0x0001,0,0
0.759137717,1377,92651,12,51,-13,-72,76,-28,0,1500,1857,2125,2093,1193,0x0001,0,0
0.759685784,1378,92663,12,-109,-59,168,50,-192,0,1500,1894,2096,2092,1255,0x0001,0,0
0.760234184,1379,92673,10,109,-97,248,-112,-26,0,1500,1924,2093,2090,1160,0x0001,0,0
0.760782324,1380,92685,12,385,-24,-361,-7,-40,0,1500,1961,2088,2085,1175,0x0001,0,0
0.761330373,1381,92695,10,51,-116,88,-119,-235,0,1500,1993,2089,2050,1266,0x0001,0,0
0.761878439,1382,92707,12,-63,274,813,-1030,507,0,1500,2030,2090,2089,1229,0x0001,0,0
0.762426765,1383,92717,10,51,-1,-39,0,-66,0,1500,2064,2080,2088,1238,0x0001,0,0
0.762974406,1384,92729,12,120,90,46,-82,27,0,1500,2096,2091,2050,1219,0x0001,0,0
0.763521621,1385,92739,10,-182,21,65,-233,-17,0,1500,2131,2085,2073,1218,0x0001,0,0
0.764069188,1386,92751,12,97,-24,111,18,132,0,1500,2161,2092,2090,1194,0x0001,0,0
0.764616421,1387,92761,10,118,-1,-62,248,-107,0,1500,2198,2076,2075,1221,0x0001,0,0
0.765163914,1388,92773,12,74,-36,8,36,23,0,1500,2228,2083,2087,1171,0x0001,0,0
0.765711165,1389,92785,12,259,-13,-246,-39,-19,0,1500,2262,2094,2089,1175,0x0001,0,0
0.766258677,1390,92795,10,339,-1,-85,-45,-105,0,1500,2292,2086,2088,1225,0x0001,0,0
0.766806503,1391,92807,12,-201,55,146,-8,125,0,1500,2329,2092,2085,1175,0x0001,0,0
0.767353921,1392,92817,10,40,-70,190,-22,-64,0,1500,2356,2097,2092,1209,0x0001,0,0
0.767901451,1393,92829,12,-28,-13,41,7,151,0,1500,2393,2081,2094,1230,0x0001,0,0
0.768448758,1394,92839,10,-212,-24,-73,-54,-94,0,1500,2428,2088,2097,1230,0x0001,0,0
0.768996288,1395,92851,12,144,21,-165,-44,-81,0,1500,2455,2072,2104,1199,0x0001,0,0
0.769543577,1396,92861,10,5,32,-60,10,156,0,1500,2492,2090,2085,1189,0x0001,0,0
0.770091125,1397,92873,12,86,-174,-50,-78,-58,0,1500,2520,2085,2111,1192,0x0001,0,0
0.770639229,1398,92883,10,228,124,-210,37,30,0,1500,2554,2091,2075,1201,0x0001,0,0
0.771206073,1399,92895,12,63,-82,54,-66,-206,0,1500,2584,2114,2088,1184,0x0001,0,0
0.771764380,1400,92907,12,63,-93,110,-5,110,0,1500,2619,2084,2085,1249,0x0001,0,0
0.772318947,1401,92917,10,28,-266,146,-220,-27,0,1500,2653,2061,2081,1255,0x0001,0,0
0.772868995,1402,92929,12,-28,-247,87,-211,100,0,1500,2681,2096,2085,1260,0x0001,0,0
0.773419228,1403,92941,12,-17,-47,64,29,143,0,1500,2715,2102,2096,1228,0x0001,0,0
0.773969165,1404,92951,10,-28,-111,30,-178,52,0,1500,2745,2092,2093,1214,0x0001,0,0
0.774520010,1405,92963,12,5,-13,-248,-118,-125,0,1500,2782,2092,2069,1232,0x0001,0,0
0.775069410,1406,92973,10,-17,-243,238,-97,-85,0,1500,2817,2082,2077,1235,0x0001,0,0
0.775618847,1407,92985,12,28,-24,-62,-154,-28,0,1500,2847,2086,2097,1246,0x0001,0,0
0.776168099,1408,92995,10,228,-82,54,-48,587,0,1500,2883,2094,2096,1238,0x0001,0,0
0.776717536,1409,93007,12,74,-70,-141,-6,-146,0,1500,2913,2044,2097,1184,0x0001,0,0
0.777266862,1410,93019,12,-120,136,-16,-21,75,0,1500,2950,2090,2095,1189,0x0001,0,0
0.777814725,1411,93029,10,-40,-201,570,432,-64,0,1500,2980,2084,2089,1197,0x0001,0,0
0.778362477,1412,93041,12,-304,9,295,-146,-168,0,1500,3017,2084,2093,1193,0x0001,0,0
0.778909840,1413,93051,10,51,32,-452,-390,192,0,1500,3047,2092,2101,1238,0x0001,0,0
0.779457480,1414,93063,12,155,21,80,129,46,0,1500,3084,2090,2089,1238,0x0001,0,0
0.780004991,1415,93073,10,5,-1,64,61,-55,0,1500,3120,2109,2095,1259,0x0001,0,0
0.780552540,1416,93085,12,109,-47,-62,-98,-120,0,1500,3150,2068,2097,1237,0x0001,0,0
0.781099773,1417,93095,10,97,32,-106,179,22,0,1500,3187,2088,2081,1242,0x0001,0,0
0.781647340,1418,93107,12,5,-70,-60,-10,-67,0,1500,3217,2092,2111,1226,0x0001,0,0
0.782194573,1419,93117,10,63,-105,77,-18,-67,0,1500,3252,2092,2095,1138,0x0001,0,0
0.782743084,1420,93129,12,-40,-1,76,27,75,0,1500,3281,2088,2112,1129,0x0001,0,0
0.783291169,1421,93141,12,74,9,-83,-64,-71,0,1500,3318,2113,2105,1238,0x0001,0,0
0.783839329,1422,93151,10,-63,55,-106,-69,-82,0,1500,3348,2087,2093,1110,0x0001,0,0
0.784387266,1423,93163,12,28,-36,8,-63,-40,0,1500,3383,2092,2092,1192,0x0001,0,0
0.784935536,1424,93173,10,28,-24,-27,-50,52,0,1500,3413,2096,2095,1190,0x0001,0,0
0.785483547,1425,93185,12,97,-24,183,68,123,0,1500,3449,2086,2088,1107,0x0001,0,0
0.786031670,1426,93195,10,5,-59,99,67,371,0,1500,3484,2093,2087,1185,0x0001,0,0
0.786579884,1427,93207,12,51,-220,238,43,323,0,1500,3514,2116,2082,1195,0x0001,0,0
0.787127451,1428,93217,10,-251,-13,202,223,276,0,1500,3548,2096,2073,1141,0x0001,0,0
0.787674666,1429,93229,12,63,-47,88,38,97,0,1500,3578,2100,2050,1140,0x0001,0,0
0.788222288,1430,93239,10,144,170,-314,-253,-2,0,1500,3613,2100,2085,1160,0x0001,0,0
0.788769577,1431,93251,12,17,186,-118,-117,220,0,1500,3643,2086,2079,1141,0x0001,0,0
0.789317070,1432,93263,12,120,-347,227,-331,-53,0,1500,3677,2099,2088,1168,0x0001,0,0
0.789864285,1433,93273,10,-28,-13,54,29,58,0,1500,3707,2100,2089,1165,0x0001,0,0
0.790413222,1434,93285,12,190,44,22,78,65,0,1500,3742,2105,2079,1148,0x0001,0,0
0.790961492,1435,93295,10,74,-13,-27,-37,-110,0,1500,3778,2088,2082,1170,0x0001,0,0
0.791509318,1436,93307,12,282,-13,243,116,252,0,1500,3808,2116,2081,1226,0x0001,0,0
0.792057422,1437,93317,10,5,-197,123,59,108,0,1500,3845,2097,2091,1173,0x0001,0,0
0.792605211,1438,93329,12,51,-36,-16,-18,5,0,1500,3875,2086,2085,1150,0x0001,0,0
0.793153148,1439,93339,10,-40,9,19,-232,114,0,1500,3912,2064,2079,1180,0x0001,0,0
0.793700900,1440,93351,12,97,32,-314,-327,8,0,1500,3942,2089,2090,1247,0x0001,0,0
0.794248948,1441,93363,12,305,-59,-246,0,38,0,1500,3979,2086,2094,1166,0x0001,0,0
0.794797089,1442,93373,10,97,-247,156,148,315,0,1500,4009,2089,2083,1204,0x0001,0,0
0.795344970,1443,93385,12,28,343,-371,-637,265,0,1500,4045,2095,2097,1130,0x0001,0,0
0.795892703,1444,93395,10,109,-93,639,666,72,0,1500,4078,2089,2095,1139,0x0001,0,0
0.796440677,1445,93407,12,51,-70,19,62,36,0,1500,4114,2086,2089,1223,0x0001,0,0
0.796988429,1446,93417,10,40,-47,30,28,-46,0,1500,4151,2094,2089,1209,0x0001,0,0
0.797536329,1447,93429,12,28,9,219,156,46,0,1500,4181,2081,2059,1209,0x0001,0,0
0.798084026,1448,93695,266,-205,-36,87,87,-3,0,1500,4218,2088,2037,1236,0x0001,0,0
0.798652574,1449,93451,4294967052,51,-247,-280,-270,-65,0,1500,4248,2082,2087,1174,0x0001,0,0
0.799210251,1450,93463,12,-28,-24,52,80,43,0,1500,4285,2098,2091,1200,0x0001,0,0
0.799764762,1451,93473,10,239,-1,-50,-46,-27,0,1500,4319,2052,2088,1197,0x0001,0,0
0.800315385,1452,93485,12,132,-1,41,44,10,0,1500,4351,2089,2091,1171,0x0001,0,0
0.800865673,1453,93497,12,190,-36,-154,-18,-73,0,1500,4386,2057,2099,1181,0x0001,0,0
0.801415796,1454,93507,10,-63,-47,77,85,-224,0,1500,4416,2121,2088,1207,0x0001,0,0
0.801965733,1455,93519,12,5,44,-49,-75,93,0,1500,4453,2091,2059,1172,0x0001,0,0
0.802516596,1456,93529,10,40,44,53,27,147,0,1500,4487,2085,2090,1193,0x0001,0,0
0.803066681,1457,93541,12,74,170,-84,-81,24,0,1500,4517,2088,2089,1184,0x0001,0,0
0.803616748,1458,93551,10,109,-82,-73,491,-336,0,1500,4552,2083,2092,1214,0x0001,0,0
0.804166666,1459,93563,12,-28,-162,52,58,2,0,1500,4581,2085,2100,1184,0x0001,0,0
0.804716788,1460,93575,12,190,-93,-97,364,-442,0,1500,4616,2085,2093,1172,0x0001,0,0
0.805266836,1461,93585,10,-63,-36,-27,0,63,0,1500,4644,2086,2091,1168,0x0001,0,0
0.805815273,1462,93597,12,5,-1,252,26,-39,0,1500,4678,2091,2093,1218,0x0001,0,0
0.806363414,1463,93607,10,5,-243,271,297,-304,0,1500,4715,2085,2093,1478,0x0001,0,0
0.806911555,1464,93619,12,63,9,-72,5,17,0,1500,4743,2089,2069,1263,0x0001,0,0
0.807459529,1465,93629,10,-251,-1,29,16,-55,0,1500,4777,2105,2084,1236,0x0001,0,0
0.808007596,1466,93641,12,28,-1,-384,-184,404,0,1500,4807,2079,2097,1228,0x0001,0,0
0.808555644,1467,93651,10,224,-105,-27,60,132,0,1500,4844,2099,2101,1242,0x0001,0,0
0.809103840,1468,93663,12,63,-47,-267,-302,53,0,1500,4871,2107,2088,1229,0x0001,0,0
0.809651722,1469,93675,12,40,-1,-39,38,-1,0,1500,4908,2083,2092,1232,0x0001,0,0
0.810199826,1470,93685,10,-396,-155,-39,-12,-212,0,1500,4938,2080,2094,1187,0x0001,0,0
0.810748040,1471,93697,12,-120,136,-16,28,34,0,1500,4975,2085,2089,1196,0x0001,0,0
0.811296144,1472,93707,10,-17,-1,-50,-12,-199,0,1500,5005,2087,2088,1200,0x0001,0,0
0.811844044,1473,93719,12,28,44,-72,-176,125,0,1500,5042,2141,2089,1205,0x0001,0,0
0.812387018,1474,93729,10,-74,-93,-189,46,43,0,1500,5079,2080,2088,1252,0x0001,0,0
0.812935011,1475,93741,12,5,-36,31,159,-133,0,1500,5108,2088,2102,1246,0x0001,0,0
0.813482948,1476,93751,10,228,-47,7,45,180,0,1500,5145,2087,2085,1258,0x0001,0,0
0.814031070,1477,93763,12,-109,-128,156,90,-128,0,1500,5175,2089,2064,1206,0x0001,0,0
0.814579841,1478,93773,10,40,32,-72,221,20,0,1500,5212,2089,2099,1248,0x0001,0,0
0.815128092,1479,93785,12,-63,-47,-131,24,165,0,1500,5242,2096,2091,1193,0x0001,0,0
0.815675993,1480,93797,12,316,-24,-292,57,-56,0,1500,5279,2094,2090,1207,0x0001,0,0
0.816224059,1481,93807,10,109,-93,-27,39,-207,0,1500,5309,2069,2087,1185,0x0001,0,0
0.816771978,1482,93819,12,74,-162,88,99,162,0,1500,5343,2086,2087,1124,0x0001,0,0
0.817320063,1483,93829,10,-51,-13,-50,21,-193,0,1500,5629,2075,2091,1101,0x0001,0,0
0.817867889,1484,93841,12,97,32,127,9,-90,0,1500,5410,2085,2087,1241,0x0001,0,0
0.818416530,1485,93851,10,40,-13,-73,31,-25,0,1500,5444,2090,2085,1102,0x0001,0,0
0.818964541,1486,93863,12,86,-24,-62,43,77,0,1500,5474,2089,2133,1188,0x0001,0,0
0.819512589,1487,93873,10,74,-59,-4,67,137,0,1500,5509,2077,2090,1182,0x0001,0,0
0.820060896,1488,93885,12,5,-70,317,218,-275,0,1500,5539,2085,2081,1100,0x0001,0,0
0.820609056,1489,93897,12,-28,-59,87,34,-22,0,1500,5573,2102,2087,1175,0x0001,0,0
0.821156956,1490,93907,10,-97,-208,202,24,-201,0,1500,5603,2093,2090,1213,0x0001,0,0
0.821705078,1491,93919,12,-17,-13,30,186,-215,0,1500,5638,2109,2086,1203,0x0001,0,0
0.822252959,1492,93929,10,63,-114,167,80,-161,0,1500,5665,2092,2088,1161,0x0001,0,0
0.822801378,1493,93941,12,-28,9,-237,21,247,0,1500,5700,2085,2086,1205,0x0001,0,0
0.823349297,1494,93951,10,-143,-70,87,34,17,0,1500,5734,2071,2082,1211,0x0001,0,0
0.823897437,1495,93963,12,155,-47,148,-28,-237,0,1500,5764,2091,2086,1204,0x0001,0,0
0.824445319,1496,93973,10,426,-70,-315,16,-129,0,1500,5799,2088,2091,1174,0x0001,0,0
0.824993404,1497,93985,12,28,-59,-14,-1,15,0,1500,5826,2090,2105,1229,0x0001,0,0
0.825552489,1498,93995,10,190,32,-222,185,217,0,1500,5863,2089,2080,1252,0x0001,0,0
0.826110445,1499,94007,12,-28,-47,-73,105,-140,0,1500,5898,2085,2090,1223,0x0001,0,0
0.826667215,1500,94019,12,5,-70,64,-6,-64,0,1500,5925,2079,2084,1199,0x0001,0,0
0.827217633,1501,94029,10,193,-47,-27,74,112,0,1500,5962,2096,2084,1092,0x0001,0,0
0.827767941,1502,94041,12,40,105,-4,-46,14,0,1500,5992,2080,2091,1181,0x0001,0,0
0.828317989,1503,94053,12,224,-1,-223,-17,223,0,1500,6027,2083,2096,1251,0x0001,0,0
0.828866667,1504,94063,10,28,174,-50,-57,-187,0,1500,6056,2090,2053,1203,0x0001,0,0
0.829414585,1505,94075,12,120,-47,183,-92,-37,0,1500,6093,2083,2097,1229,0x0001,0,0
0.829962689,1506,94085,10,-201,67,-39,-38,-33,0,1500,6130,2072,2137,1229,0x0001,0,0
0.830510904,1507,94097,12,97,-36,-61,35,39,0,1500,6160,2090,2091,1262,0x0001,0,0
0.831058971,1508,94107,10,-86,-208,259,232,254,0,1500,6197,2137,2094,1290,0x0001,0,0
0.831606796,1509,94119,12,17,-70,328,-291,-223,0,1500,6227,2088,2090,1162,0x0001,0,0
0.832155604,1510,94129,10,63,-24,-96,-137,-245,0,1500,6261,2095,2080,1219,0x0001,0,0
0.832703430,1511,94141,12,-17,-189,-637,720,61,0,1500,8,2092,2099,1201,0x0001,0,0
0.833251571,1512,94153,12,28,-70,42,-32,-97,0,1500,45,2093,2089,1214,0x0001,0,0
0.833799526,1513,94163,10,120,-370,273,72,136,0,1500,75,2096,2089,1203,0x0001,0,0
0.834347963,1514,94175,12,97,-220,379,65,-426,0,1500,109,2140,2086,1189,0x0001,0,0
0.834896030,1515,94185,10,51,-36,-223,271,54,0,1500,146,2092,2093,1241,0x0001,0,0
0.835444097,1516,94197,12,-316,9,-205,137,85,0,1500,176,2120,2092,1158,0x0001,0,0
0.835991997,1517,94463,266,144,55,-175,-111,-142,0,1500,210,2094,2086,1243,0x0001,0,0
0.836540045,1518,94219,4294967052,5,-24,284,25,-414,0,1500,240,2089,2090,1188,0x0001,0,0
0.837088186,1519,94229,10,170,78,-129,337,884,0,1500,275,2102,2090,1224,0x0001,0,0
0.837636067,1520,94241,12,120,163,-84,78,-217,0,1500,305,2085,2083,1220,0x0001,0,0
0.838184171,1521,94253,12,28,-231,203,127,69,0,1500,339,2093,2090,1232,0x0001,0,0
0.838732404,1522,94263,10,155,163,-83,89,-232,0,1500,367,2093,2080,1214,0x0001,0,0
0.839280452,1523,94275,12,63,-59,252,17,-92,0,1500,401,2076,2074,1240,0x0001,0,0
0.839828593,1524,94285,10,144,-312,215,-36,-233,0,1500,436,2077,2091,1224,0x0001,0,0
0.840376660,1525,94297,12,28,-82,54,-78,-145,0,1500,466,2108,2090,1216,0x0001,0,0
0.840924541,1526,94307,10,63,-82,-62,121,-100,0,1500,500,2096,2087,1178,0x0001,0,0
0.841472571,1527,94319,12,74,44,-188,191,44,0,1500,530,2086,2091,1208,0x0001,0,0
0.842020415,1528,94329,10,-89,-116,294,-20,-104,0,1500,565,2094,2086,1181,0x0001,0,0
0.842568834,1529,94341,12,28,-93,-50,76,-41,0,1500,592,2090,2110,1167,0x0001,0,0
0.843116086,1530,94353,12,109,-531,422,-232,21,0,1500,629,2094,2087,1191,0x0001,0,0
0.843663560,1531,94363,10,63,-70,-97,141,-89,0,1500,657,2098,2090,1207,0x0001,0,0
0.844211034,1532,94375,12,63,78,-141,1,-25,0,1500,694,2098,2068,1169,0x0001,0,0
0.844758916,1533,94385,10,5,32,-72,70,-47,0,1500,724,2096,2088,1168,0x0001,0,0
0.845306705,1534,94397,12,28,-93,65,-5,-47,0,1500,758,2101,2125,1202,0x0001,0,0
0.845854771,1535,94407,10,28,-105,8,23,29,0,1500,795,2096,2065,1184,0x0001,0,0
0.846403523,1536,94419,12,51,67,-118,148,-11,0,1500,825,2090,2085,1264,0x0001,0,0
0.846951497,1537,94429,10,17,205,-233,209,126,0,1500,862,2096,2115,1234,0x0001,0,0
0.847499786,1538,94441,12,-28,-59,-95,102,-28,0,1500,892,2092,2085,1195,0x0001,0,0
0.848047945,1539,94451,10,17,-36,-73,83,-33,0,1500,928,2108,2090,1215,0x0001,0,0
0.848595845,1540,94463,12,109,-178,-50,63,-145,0,1500,961,2091,2095,1223,0x0001,0,0
0.849143505,1541,94475,12,-109,159,-50,181,-80,0,1500,997,2097,2077,1185,0x0001,0,0
0.849691368,1542,94485,10,155,-13,-38,41,167,0,1500,1027,2104,2086,1237,0x0001,0,0
0.850276397,1543,94497,12,178,-231,236,-238,128,0,1500,1064,2088,2093,1192,0x0001,0,0
0.850843926,1544,94509,12,51,9,-60,32,-132,0,1500,1101,2090,2091,1199,0x0001,0,0
0.851394974,1545,94519,10,51,67,-107,-148,277,0,1500,1138,2096,2102,1147,0x0001,0,0
0.851954819,1546,94531,12,97,255,-38,46,-193,0,1500,1168,2091,2108,1271,0x0001,0,0
0.852509552,1547,94543,12,-28,136,-108,110,12,0,1500,1202,2102,2053,1229,0x0001,0,0
0.853075193,1548,94553,10,5,-47,-39,24,-196,0,1500,1239,2085,2106,1231,0x0001,0,0
0.853633222,1549,94565,12,155,-82,-4,3,251,0,1500,1269,2096,2109,1237,0x0001,0,0
0.854188881,1550,94577,12,-40,21,-493,395,-326,0,1500,1306,2090,2092,1188,0x0001,0,0
0.854741022,1551,94587,10,247,-47,-131,89,61,0,1500,1340,2088,2103,1277,0x0001,0,0
0.855289329,1552,94599,12,51,-24,190,-156,137,0,1500,1370,2094,2096,1207,0x0001,0,0
0.855837359,1553,94609,10,170,9,-72,314,-102,0,1500,1407,2112,2092,1181,0x0001,0,0
0.856385574,1554,94621,12,5,147,144,-114,105,0,1500,1437,2077,2086,1158,0x0001,0,0
0.856933659,1555,94633,12,-17,90,-73,91,2,0,1500,1471,2090,2075,1238,0x0001,0,0
0.857481781,1556,94643,10,74,13,-210,176,-119,0,1500,1501,2091,2118,1233,0x0001,0,0
0.858029700,1557,94655,12,51,-59,8,-76,-54,0,1500,1536,2088,2098,1248,0x0001,0,0
0.858578044,1558,94665,10,-51,-47,7,-31,-40,0,1500,1566,2084,2090,1219,0x0001,0,0
0.859126241,1559,94677,12,74,32,150,-46,-39,0,1500,1603,2077,2104,1254,0x0001,0,0
0.859674178,1560,94687,10,190,-93,156,-141,-128,0,1500,1637,2089,2097,1242,0x0001,0,0
0.860222874,1561,94699,12,-17,-47,-192,60,57,0,1500,1667,2079,2096,1179,0x0001,0,0
0.860770144,1562,94709,10,40,-47,-50,-10,25,0,1500,1704,2099,2056,1127,0x0001,0,0
0.861317619,1563,94721,12,-63,-151,-141,91,-113,0,1500,1734,2096,2082,1130,0x0001,0,0
0.861864907,1564,94731,10,193,-13,-73,17,21,0,1500,1770,2088,2081,1167,0x0001,0,0
0.862412604,1565,94743,12,74,243,-187,135,-131,0,1500,1800,2089,2093,1255,0x0001,0,0
0.862960059,1566,94755,12,201,-116,-85,334,-142,0,1500,1837,2072,2100,1191,0x0001,0,0
0.863507552,1567,94765,10,97,67,-268,205,-432,0,1500,1869,2092,2090,1461,0x0001,0,0
0.864054767,1568,94777,12,28,-24,-4,-5,-101,0,1500,1906,2087,2104,1235,0x0001,0,0
0.864602241,1569,94787,10,-28,-13,-15,-8,92,0,1500,1936,2087,2100,1159,0x0001,0,0
0.865149474,1570,94799,12,97,-36,-317,80,-377,0,1500,1973,2082,2085,1227,0x0001,0,0
0.865696893,1571,94809,10,28,147,-267,168,-68,0,1500,2010,2092,2089,1140,0x0001,0,0
0.866244108,1572,94821,12,109,-24,65,5,81,0,1500,2042,2088,2097,1252,0x0001,0,0
0.866792526,1573,94831,10,51,-24,-154,-19,79,0,1500,2079,2085,2083,1242,0x0001,0,0
0.867340445,1574,94843,12,51,205,53,-186,-43,0,1500,2109,2080,2087,1197,0x0001,0,0
0.867888512,1575,94855,12,51,170,-221,-92,31,0,1500,2146,2089,2082,1193,0x0001,0,0
0.868436375,1576,94865,10,51,-33,-62,-79,150,0,1500,2175,2069,2081,1183,0x0001,0,0
0.868984534,1577,94877,12,-224,78,146,-118,-5,0,1500,2212,2084,2090,1181,0x0001,0,0
0.869532323,1578,94887,10,28,-59,-15,-66,213,0,1500,2242,2096,2084,1220,0x0001,0,0
0.870080315,1579,94899,12,28,55,429,-117,332,0,1500,2279,2087,2090,1213,0x0001,0,0
0.870628864,1580,94909,10,-86,21,-16,19,81,0,1500,2314,2094,2091,1220,0x0001,0,0
0.871176671,1581,94921,12,51,-24,485,-47,293,0,1500,2343,2103,2091,1232,0x0001,0,0
0.871724645,1582,94931,10,132,-36,8,218,-180,0,1500,2380,2056,2089,1224,0x0001,0,0
0.872272397,1583,94943,12,5,170,29,8,32,0,1500,2410,2084,2089,1206,0x0001,0,0
0.872820353,1584,94953,10,216,-36,31,-29,99,0,1500,2445,2094,2084,1216,0x0001,0,0
0.873368123,1585,94965,12,28,-24,283,-53,278,0,1500,2475,2090,2085,1167,0x0001,0,0
0.873916060,1586,94977,12,74,-36,-38,-43,-9,0,1500,2509,2084,2093,1223,0x0001,0,0
0.874464090,1587,94987,10,-40,220,-152,-11,-155,0,1500,2539,2088,2087,1182,0x0001,0,0
0.875012138,1588,94999,12,-17,-24,41,37,101,0,1500,2574,2098,2087,1202,0x0001,0,0
0.875560093,1589,95009,10,51,-70,30,-64,-792,0,1500,2608,2097,2103,1230,0x0001,0,0
0.876108086,1590,95021,12,109,-13,-96,-51,-14,0,1500,2638,2085,2088,1218,0x0001,0,0
0.876655819,1591,95031,10,144,-93,76,-60,128,0,1500,2675,2094,2089,1252,0x0001,0,0
0.877203756,1592,95043,12,236,-59,-143,-95,-135,0,1500,2702,2128,2089,1203,0x0001,0,0
0.877751656,1593,95053,10,170,9,-210,123,-75,0,1500,2739,2100,2089,1232,0x0001,0,0
0.878299816,1594,95065,12,97,-24,19,37,13,0,1500,2769,2093,2090,1196,0x0001,0,0
0.878851345,1595,95077,12,5,-59,54,45,127,0,1500,2806,2093,2086,1234,0x0001,0,0
0.879402134,1596,95087,10,-17,-116,88,-63,-153,0,1500,2836,2090,2090,1175,0x0001,0,0
0.879961423,1597,95099,12,120,-82,-72,-22,-69,0,1500,2873,2094,2091,1178,0x0001,0,0
0.880519323,1598,95109,10,17,-1,-16,-15,-251,0,1500,2909,2091,2095,1182,0x0001,0,0
0.881073297,1599,95121,12,-63,90,-27,12,-32,0,1500,2939,2092,2095,1233,0x0001,0,0
0.881623178,1600,95133,12,-17,-1,-238,-35,-101,0,1500,2976,2098,2091,1232,0x0001,0,0
0.882172856,1601,95143,10,224,-36,122,72,-59,0,1500,3013,2092,2096,1253,0x0001,0,0
0.882723867,1602,95155,12,109,-105,-130,57,-169,0,1500,3045,2062,2093,1183,0x0001,0,0
0.883274767,1603,95165,10,-193,-174,271,-177,-239,0,1500,3082,2092,2094,1178,0x0001,0,0
0.883822815,1604,95177,12,-17,32,99,60,80,0,1500,3112,2095,2105,1219,0x0001,0,0
0.884370956,1605,95189,12,5,90,-95,-167,-160,0,1500,3149,2090,2087,1159,0x0001,0,0
0.884918893,1606,95199,10,28,-143,-50,-64,493,0,1500,3181,2092,2091,1247,0x0001,0,0
0.885467034,1607,95211,12,5,9,-14,-146,135,0,1500,3218,2097,2093,1244,0x0001,0,0
0.886015008,1608,95221,10,132,113,-268,-176,-52,0,1500,3248,2080,2096,1105,0x0001,0,0
0.886566834,1609,95233,12,97,9,-106,9,-56,0,1500,3285,2087,2097,1211,0x0001,0,0
0.887114456,1610,95243,10,484,32,-291,-286,-71,0,1500,3321,2092,2097,1142,0x0001,0,0
0.887662079,1611,95255,12,17,-93,-60,-39,-47,0,1500,3351,2089,2103,1151,0x0001,0,0
0.888209405,1612,95265,10,300,-59,-234,-53,-147,0,1500,3388,2086,2093,1223,0x0001,0,0
0.888756953,1613,95277,12,28,21,-129,-101,-83,0,1500,3418,2096,2107,1206,0x0001,0,0
0.889304260,1614,95289,12,97,124,-221,5,73,0,1500,3455,2092,2086,1160,0x0001,0,0
0.889852660,1615,95299,10,63,-93,145,86,-133,0,1500,3485,2100,2094,1312,0x0001,0,0
0.890401208,1616,95311,12,178,-82,-96,14,85,0,1500,3522,2089,2083,1243,0x0001,0,0
0.890951682,1617,95321,10,144,-82,709,756,52,0,1500,3551,2095,2088,1171,0x0001,0,0
0.891501008,1618,95333,12,190,67,255,-40,90,0,1500,3588,2085,2077,1168,0x0001,0,0
0.892049816,1619,95343,10,-63,9,123,147,58,0,1500,3623,2089,2090,1189,0x0001,0,0
0.892602660,1620,95355,12,74,-1,-4,-12,13,0,1500,3653,2088,2139,1162,0x0001,0,0
0.893159912,1621,95367,12,74,-59,-15,480,49,0,1500,3689,2084,2094,1170,0x0001,0,0
0.893713053,1622,95377,10,51,-70,-62,-108,76,0,1500,3719,2080,2086,1173,0x0001,0,0
0.894337544,1623,95389,12,224,-116,-108,-143,26,0,1500,3763,2085,2090,1199,0x0001,0,0
0.894904629,1624,95401,12,-40,-24,-39,-55,344,0,1500,3798,2097,2083,1227,0x0001,0,0
0.895459381,1625,95413,12,97,-70,42,-9,143,0,1500,3830,2081,2091,1168,0x0001,0,0
0.896011762,1626,95423,10,51,32,-83,429,36,0,1500,3867,2091,2083,1111,0x0001,0,0
0.896564329,1627,95435,12,-17,163,-245,-214,119,0,1500,3897,2080,2080,1205,0x0001,0,0
0.897118896,1628,95447,12,28,-13,-15,-192,-53,0,1500,3933,2081,2097,1254,0x0001,0,0
0.897670444,1629,95457,10,-189,136,-233,-223,149,0,1500,3973,2090,2088,1159,0x0001,0,0
0.898221307,1630,95469,12,109,-70,180,142,208,0,1500,4002,2085,2105,1154,0x0001,0,0
0.898777336,1631,95479,10,-5,-36,41,-9,-44,0,1500,4039,2100,2089,1190,0x0001,0,0
0.899334755,1632,95491,12,97,573,-499,-449,-177,0,1500,4071,2089,2090,1192,0x0001,0,0
0.899885414,1633,95503,12,-17,-24,-215,-75,24,0,1500,4108,2081,2071,1260,0x0001,0,0
0.900436018,1634,95513,10,-178,355,-315,-301,30,0,1500,4147,2080,2088,1233,0x0001,0,0
0.900987269,1635,95525,12,5,-47,248,250,-70,0,1500,4177,2088,2091,1134,0x0001,0,0
0.901538281,1636,95535,10,5,44,-49,-50,199,0,1500,4214,2083,2088,1204,0x0001,0,0
0.902091662,1637,95547,12,-224,-257,445,459,24,0,1500,4244,2089,2096,1217,0x0001,0,0
0.902642969,1638,95559,12,-86,-47,133,138,-81,0,1500,4281,2089,2107,1221,0x0001,0,0
0.903195036,1639,95569,10,63,-82,8,17,192,0,1500,4318,2096,2087,1204,0x0001,0,0
0.903745584,1640,95581,12,28,9,122,139,97,0,1500,4348,2092,2119,1248,0x0001,0,0
0.904297632,1641,95591,10,-216,-13,41,39,-12,0,1500,4384,2092,2082,1235,0x0001,0,0
0.904849236,1642,95603,12,-51,-201,-27,3,139,0,1500,4414,2089,2091,1178,0x0001,0,0
0.905401099,1643,95615,12,28,-289,261,378,-355,0,1500,4451,2089,2093,1246,0x0001,0,0
0.905952925,1644,95625,10,-258,-1,64,52,-72,0,1500,4486,2083,2120,1217,0x0001,0,0
0.906504047,1645,95637,12,40,113,-153,0,88,0,1500,4516,2083,2094,1202,0x0001,0,0
0.907094761,1646,95647,10,86,-36,-142,-99,141,0,1500,4552,2092,2092,1240,0x0001,0,0
0.907659309,1647,95659,12,351,9,-360,253,24,0,1500,4587,2077,2081,1234,0x0001,0,0
0.908210265,1648,95671,12,51,232,-244,-236,-182,0,1500,4617,2081,2093,1250,0x0001,0,0
0.908761331,1649,95683,12,51,44,-95,-18,154,0,1500,4651,2101,2087,1253,0x0001,0,0
0.909312065,1650,95693,10,132,-1,41,26,-137,0,1500,4686,2089,2095,1257,0x0001,0,0
0.909862298,1651,95705,12,-40,401,-361,-366,-120,0,1500,4716,2117,2089,1263,0x0001,0,0
0.910413402,1652,95715,10,193,101,-221,-184,98,0,1500,4753,2081,2095,1225,0x0001,0,0
0.910963728,1653,95727,12,109,-36,-73,-36,77,0,1500,4780,2083,2071,1230,0x0001,0,0
0.911514165,1654,95739,12,293,-24,-269,8,97,0,1500,4817,2086,2092,1205,0x0001,0,0
0.912064065,1655,95749,10,40,-247,52,24,201,0,1500,4847,2082,2084,1248,0x0001,0,0
0.912614557,1656,95761,12,-166,147,19,102,-104,0,1500,4881,2108,2088,1238,0x0001,0,0
0.913163068,1657,95771,10,247,-47,19,43,-46,0,1500,4918,2089,2078,1195,0x0001,0,0
0.913713357,1658,95783,12,190,9,-199,-43,110,0,1500,4948,2077,2090,1212,0x0001,0,0
0.914263257,1659,95793,10,-216,-24,190,77,4,0,1500,4985,2091,2086,1222,0x0001,0,0
0.914814250,1660,95805,12,190,136,7,22,11,0,1500,5015,2086,2065,1176,0x0001,0,0
0.915364317,1661,95817,12,40,-162,122,61,240,0,1500,5052,2091,2085,1188,0x0001,0,0
0.915914402,1662,95827,10,86,-82,98,60,178,0,1500,5084,2105,2087,1218,0x0001,0,0
0.916464580,1663,95839,12,-28,-47,75,157,51,0,1500,5121,2090,2090,1205,0x0001,0,0
0.917014517,1664,95849,10,155,458,-338,-468,89,0,1500,5155,2089,2086,1234,0x0001,0,0
0.917564805,1665,95861,12,74,-1,183,60,-24,0,1500,5187,2106,2093,1241,0x0001,0,0
0.918113150,1666,95871,10,296,-47,-327,37,46,0,1500,5224,2090,2085,1228,0x0001,0,0
0.918663235,1667,95883,12,109,251,-4,13,12,0,1500,5254,2093,2109,1152,0x0001,0,0
0.919213228,1668,95895,12,28,-116,88,-43,21,0,1500,5289,2069,2091,1166,0x0001,0,0
0.919763443,1669,95905,10,5,-105,42,57,-18,0,1500,5321,2083,2087,1256,0x0001,0,0
0.920313861,1670,95917,12,132,504,-636,32,-31,0,1500,5355,2082,2093,1195,0x0001,0,0
0.920864020,1671,95927,10,63,9,-49,-2,-185,0,1500,5392,2082,2107,1221,0x0001,0,0
0.921414883,1672,95939,12,5,-13,8,-4,-33,0,1500,5422,2091,2081,1149,0x0001,0,0
0.922017745,1673,95949,10,5,-105,248,117,-224,0,1500,5457,2079,2045,1180,0x0001,0,0
0.922574016,1674,95963,14,328,-13,-315,32,73,0,1500,5493,2081,2095,1260,0x0001,0,0
0.923125823,1675,95973,10,17,-105,467,-134,253,0,1500,5523,2098,2083,1157,0x0001,0,0
0.923676334,1676,95985,12,-51,-36,87,28,-177,0,1500,5558,2090,2086,1163,0x0001,0,0
0.924226105,1677,95995,10,-143,-116,-62,156,-16,0,1500,5592,2091,2084,1253,0x0001,0,0
0.924775894,1678,96007,12,-74,-93,98,12,-98,0,1500,5622,2088,2121,1222,0x0001,0,0
0.925344275,1679,96017,10,-74,55,19,17,-248,0,1500,5657,2070,2082,1193,0x0001,0,0
0.925897230,1680,96029,12,-28,-47,259,-74,-221,0,1500,5691,2115,2089,1183,0x0001,0,0
0.926450649,1681,96041,12,5,-139,134,92,-199,0,1500,5721,2113,2087,1189,0x0001,0,0
0.927004901,1682,96051,10,-14,-105,133,-210,60,0,1500,5756,2085,2090,1200,0x0001,0,0
0.927565430,1683,96063,12,28,-24,54,142,200,0,1500,5786,2091,2082,1197,0x0001,0,0
0.928123460,1684,96075,12,-28,90,-62,38,13,0,1500,5820,2095,2086,1208,0x0001,0,0
0.928677137,1685,96085,10,-230,101,8,134,66,0,1500,5855,2103,2046,1209,0x0001,0,0
0.929227463,1686,96097,12,-17,-13,353,193,-378,0,1500,5885,2085,2088,1240,0x0001,0,0
0.929778159,1687,96109,12,17,-36,19,14,-21,0,1500,5919,2093,2083,1248,0x0001,0,0
0.930329819,1688,96119,10,-166,-139,121,-11,-122,0,1500,5949,2078,2100,1221,0x0001,0,0
0.930878497,1689,96131,12,40,-36,252,13,-22,0,1500,5986,2089,2094,1130,0x0001,0,0
0.931427878,1690,96141,10,28,-1,18,-13,-47,0,1500,6020,2088,2094,1269,0x0001,0,0
0.931977759,1691,96153,12,120,-70,-50,85,63,0,1500,6050,2091,2093,1232,0x0001,0,0
0.932527400,1692,96163,10,228,-24,-73,-166,-77,0,1500,6087,2089,2073,1211,0x0001,0,0
0.933077060,1693,96175,12,5,-162,31,-37,-18,0,1500,6117,2079,2106,1286,0x0001,0,0
0.933626774,1694,96187,12,-431,32,399,127,213,0,1500,6154,2093,2092,1167,0x0001,0,0
0.934176211,1695,96197,10,109,21,99,-115,199,0,1500,6184,2101,2100,1392,0x0001,0,0
0.934746722,1696,96209,12,-28,-47,52,-49,-35,0,1500,6221,2079,2078,1127,0x0001,0,0
0.935302418,1697,96219,10,63,32,-95,60,147,0,1500,6257,2077,2094,1224,0x0001,0,0
0.935855874,1698,96231,12,120,-13,-62,155,238,0,1500,4,2088,2096,1203,0x0001,0,0
0.936407404,1699,96243,12,-28,44,-16,62,-33,0,1500,39,2104,2084,1232,0x0001,0,0
0.936957118,1700,96253,10,97,-70,65,1,458,0,1500,75,2117,2079,1234,0x0001,0,0
0.937511611,1701,96265,12,28,-47,433,10,-540,0,1500,105,2098,2080,1209,0x0001,0,0
0.938062863,1702,96275,10,144,90,-234,176,232,0,1500,140,2093,2097,1244,0x0001,0,0
0.938614689,1703,96287,12,120,136,-4,-76,-189,0,1500,170,2086,2094,1184,0x0001,0,0
0.939173774,1704,96299,12,63,9,184,-159,-7,0,1500,204,2096,2099,1232,0x0001,0,0
0.939726803,1705,96309,10,97,32,-106,91,139,0,1500,239,2096,2077,1222,0x0001,0,0
0.940276777,1706,96321,12,-40,9,65,-117,26,0,1500,269,2104,2098,1241,0x0001,0,0
0.940826677,1707,96333,12,40,-13,-27,95,55,0,1500,303,2096,2118,1200,0x0001,0,0
0.941374633,1708,96343,10,97,-1,111,-1,-166,0,1500,331,2088,2082,1216,0x0001,0,0
0.941924033,1709,96355,12,-74,-93,167,79,-35,0,1500,365,2090,2110,1172,0x0001,0,0
0.942474155,1710,96365,10,51,-185,18,109,-44,0,1500,400,2098,2072,1209,0x0001,0,0
0.943024185,1711,96377,12,120,-24,-96,44,83,0,1500,430,2097,2090,1174,0x0001,0,0
0.943573844,1712,96387,10,705,-47,-580,186,192,0,1500,464,2086,2082,1202,0x0001,0,0
0.944123670,1713,96399,12,-17,-47,-84,105,-9,0,1500,492,2095,2078,1188,0x0001,0,0
0.944673422,1714,96411,12,-201,-36,237,-40,-128,0,1500,526,2089,2083,1269,0x0001,0,0
0.945223174,1715,96421,10,120,147,-72,72,-237,0,1500,554,2089,2081,1029,0x0001,0,0
0.945772889,1716,96433,12,259,21,-280,47,-85,0,1500,589,2095,2075,1246,0x0001,0,0
0.946322789,1717,96443,10,-74,-47,-73,107,90,0,1500,623,2086,2104,1233,0x0001,0,0
0.946872689,1718,96455,12,17,-70,-203,5,-2,0,1500,653,2095,2088,1214,0x0001,0,0
0.947422348,1719,96465,10,40,-24,-73,93,-143,0,1500,687,2114,2090,1112,0x0001,0,0
0.947972063,1720,96477,12,155,-13,-476,431,209,0,1500,717,2089,2087,1214,0x0001,0,0
0.948521666,1721,96487,10,-17,-70,87,182,-77,0,1500,752,2090,2082,1225,0x0001,0,0
0.949071344,1722,96499,12,109,220,-72,61,-203,0,1500,782,2095,2106,1221,0x0001,0,0
0.949620874,1723,96511,12,-500,9,491,271,169,0,1500,819,2095,2101,1219,0x0001,0,0
0.950170737,1724,96521,10,-28,-47,42,-34,218,0,1500,849,2089,2095,1223,0x0001,0,0
0.950720600,1725,96533,12,-74,-47,-135,118,15,0,1500,883,2087,2107,1231,0x0001,0,0
0.951270685,1726,96543,10,-28,90,-164,162,-3,0,1500,920,2086,2092,1207,0x0001,0,0
0.951818659,1727,96555,12,-40,32,-38,34,45,0,1500,950,2102,2064,1253,0x0001,0,0
0.952367985,1728,96565,10,74,21,-95,98,-79,0,1500,987,2095,2083,1216,0x0001,0,0
0.952917570,1729,96577,12,97,-128,-210,206,122,0,1500,1017,2093,2088,1215,0x0001,0,0
0.953467322,1730,96589,12,-63,55,8,27,-57,0,1500,1051,2113,2088,1222,0x0001,0,0
0.954016944,1731,96599,10,97,-116,-96,92,-126,0,1500,1081,2092,2090,1187,0x0001,0,0
0.954567066,1732,96611,12,5,-174,169,-9,-37,0,1500,1118,2085,2089,1215,0x0001,0,0
0.955116911,1733,96621,10,63,-36,-61,54,-53,0,1500,1152,2093,2087,1267,0x0001,0,0
0.955666792,1734,96633,12,-166,-47,-187,184,-42,0,1500,1182,2099,2089,1143,0x0001,0,0
0.956216637,1735,96643,10,228,-24,-39,-482,-21,0,1500,1219,2090,2107,1191,0x0001,0,0
0.956773000,1736,96655,12,-17,-231,-4,-17,-109,0,1500,1249,2085,2088,1230,0x0001,0,0
0.957327196,1737,96667,12,-63,-185,248,103,-83,0,1500,1283,2082,2095,1177,0x0001,0,0
0.957885799,1738,96677,10,40,-59,-15,-4,43,0,1500,1318,2093,2108,1250,0x0001,0,0
0.958444959,1739,96689,12,-40,-24,-16,11,-15,0,1500,1348,2084,2090,1252,0x0001,0,0
0.959030673,1740,96701,12,28,67,19,-6,39,0,1500,1382,2064,2110,1218,0x0001,0,0
0.959592702,1741,96711,10,17,-24,7,1191,-119,0,1500,1419,2092,2094,1189,0x0001,0,0
0.960150806,1742,96723,12,5,-24,87,-72,-2,0,1500,1454,2087,2094,1234,0x0001,0,0
0.960707595,1743,96735,12,28,-70,-141,99,-123,0,1500,1484,2090,2092,1262,0x0001,0,0
0.961386993,1744,96745,10,63,-47,-272,378,-205,0,1500,1523,2098,2092,1228,0x0001,0,0
0.961941578,1745,96759,14,5,-36,-27,253,-51,0,1500,1557,2095,2092,1251,0x0001,0,0
0.962536311,1746,96771,12,109,-47,7,-32,8,0,1500,1594,2059,2094,1275,0x0001,0,0
0.963098507,1747,96783,12,109,32,-15,43,-730,0,1500,1622,2104,2080,1229,0x0001,0,0
0.963649074,1748,96795,12,-5,55,-50,40,-90,0,1500,1658,2086,2092,1276,0x0001,0,0
0.964198714,1749,96805,10,28,-24,-50,6,131,0,1500,1693,2085,2096,1127,0x0001,0,0
0.964748503,1750,96817,12,51,21,-72,75,-133,0,1500,1723,2092,1972,1183,0x0001,0,0
0.965298144,1751,96827,10,-182,21,-16,-235,98,0,1500,1760,2083,2105,1209,0x0001,0,0
0.965847951,1752,96839,12,-132,-70,-290,253,-154,0,1500,1790,2088,2092,1251,0x0001,0,0
0.966398740,1753,96851,12,-258,-105,363,47,-6,0,1500,1824,2089,2092,1218,0x0001,0,0
0.966948733,1754,96861,10,17,-235,455,-128,253,0,1500,1856,2084,2090,1159,0x0001,0,0
0.967498429,1755,96873,12,-74,9,-191,117,-8,0,1500,1891,2081,2099,1227,0x0001,0,0
0.968046663,1756,96883,10,17,-162,202,-185,30,0,1500,1928,2089,2070,1185,0x0001,0,0
0.968595822,1757,96895,12,5,-59,-202,83,-27,0,1500,1960,2087,2093,1172,0x0001,0,0
0.969145611,1758,96905,10,228,-1,-39,-253,-94,0,1500,1994,2093,2088,1247,0x0001,0,0
0.969695289,1759,96917,12,63,90,8,-35,-15,0,1500,2027,2085,2092,1242,0x0001,0,0
0.970245040,1760,96927,10,-74,-82,156,83,-129,0,1500,2061,2083,2081,1220,0x0001,0,0
0.970795237,1761,96939,12,109,-174,-315,-10,-115,0,1500,2093,2084,2089,1171,0x0001,0,0
0.971345303,1762,96951,12,-132,9,123,-48,-17,0,1500,2128,2099,2089,1219,0x0001,0,0
0.971893444,1763,96961,10,17,205,-200,198,121,0,1500,2158,2099,2083,1183,0x0001,0,0
0.972442826,1764,96973,12,74,-36,-38,-53,-54,0,1500,2195,2109,2085,1226,0x0001,0,0
0.972992374,1765,96983,10,28,-36,-15,216,107,0,1500,2229,2093,2104,1250,0x0001,0,0
0.973542163,1766,96995,12,51,55,76,-25,72,0,1500,2259,2088,2091,1213,0x0001,0,0
0.974092192,1767,97005,10,155,-36,-119,191,-432,0,1500,2294,2096,2088,1214,0x0001,0,0
0.974641240,1768,97017,12,190,-201,145,-27,143,0,1500,2323,2092,2083,1243,0x0001,0,0
0.975190807,1769,97029,12,5,-312,307,-46,54,0,1500,2358,2095,2113,1178,0x0001,0,0
0.975740392,1770,97039,10,144,-93,88,-76,72,0,1500,2388,2097,2092,1171,0x0001,0,0
0.976290218,1771,97051,12,-17,-93,-146,-68,-18,0,1500,2422,2092,2085,1177,0x0001,0,0
0.976839840,1772,97061,10,40,-13,53,6,182,0,1500,2457,2100,2096,1208,0x0001,0,0
0.977389685,1773,97073,12,155,21,77,-60,68,0,1500,2487,2092,2092,1179,0x0001,0,0
0.977939455,1774,97083,10,124,-13,8,-11,-4,0,1500,2521,2088,2076,1236,0x0001,0,0
0.978487966,1775,97095,12,51,-185,-131,-134,-140,0,1500,2549,2090,2081,1313,0x0001,0,0
0.979037089,1776,97107,12,477,-24,-453,-67,73,0,1500,2583,2088,2083,1210,0x0001,0,0
0.979586952,1777,97117,10,5,163,-175,70,-176,0,1500,2611,2093,2092,1034,0x0001,0,0
0.980136703,1778,97129,12,74,9,173,10,64,0,1500,2646,2093,2083,1232,0x0001,0,0
0.980686511,1779,97139,10,63,-93,-4,-110,155,0,1500,2680,2081,2085,1162,0x0001,0,0
0.981236041,1780,97151,12,144,-70,145,-51,150,0,1500,2710,2088,2088,1206,0x0001,0,0
0.981785941,1781,97161,10,5,-162,157,-78,-233,0,1500,2745,2086,2091,1186,0x0001,0,0
0.982334322,1782,97173,12,-40,-1,-108,-132,-88,0,1500,2774,2061,2088,1209,0x0001,0,0
0.982883759,1783,97185,12,-5,-47,52,-27,59,0,1500,2811,2146,2084,1189,0x0001,0,0
0.983433381,1784,97195,10,86,-47,8,-113,-480,0,1500,2839,2081,2095,1206,0x0001,0,0
0.983983189,1785,97207,12,144,67,-211,-37,112,0,1500,2876,2100,2107,1220,0x0001,0,0
0.984532774,1786,97217,10,17,101,-221,-72,-23,0,1500,2913,2084,2094,1247,0x0001,0,0
0.985082470,1787,97229,12,-5,-70,75,47,137,0,1500,2942,2090,2097,1208,0x0001,0,0
0.985632259,1788,97239,10,170,-128,111,215,-43,0,1500,2979,2098,2091,1211,0x0001,0,0
0.986180289,1789,97251,12,63,90,-210,-132,-174,0,1500,3009,2088,2095,1235,0x0001,0,0
0.986730096,1790,97261,10,74,-24,19,-8,-21,0,1500,3044,2081,2092,1230,0x0001,0,0
0.987279718,1791,97273,12,144,9,-106,-21,147,0,1500,3074,2060,2095,1211,0x0001,0,0
0.987829470,1792,97285,12,190,-36,-154,34,-179,0,1500,3110,2080,2090,1212,0x0001,0,0
0.988379055,1793,97295,10,97,-105,77,-29,-408,0,1500,3140,2087,2093,1189,0x0001,0,0
0.988928826,1794,97307,12,17,-105,-168,-135,-110,0,1500,3177,2081,2075,1255,0x0001,0,0
0.989484374,1795,97317,10,-239,-381,409,-201,3,0,1500,3212,2092,2101,1206,0x0001,0,0
0.990035441,1796,97329,12,155,-70,444,346,299,0,1500,3242,2095,2095,1142,0x0001,0,0
0.990585841,1797,97341,12,97,-70,-27,67,-57,0,1500,3278,2098,2092,1202,0x0001,0,0
0.991135944,1798,97351,10,51,9,-16,2,-21,0,1500,3308,2082,2098,1204,0x0001,0,0
0.991685474,1799,97363,12,-40,21,19,23,-26,0,1500,3343,2082,2098,1125,0x0001,0,0
0.992235170,1800,97373,10,144,32,-49,-27,-88,0,1500,3380,2089,2129,1230,0x0001,0,0
0.992784700,1801,97385,12,-63,-59,122,-8,35,0,1500,3410,2094,2090,1159,0x0001,0,0
0.993334452,1802,97395,10,-228,9,100,-137,88,0,1500,3444,2106,2092,1114,0x0001,0,0
0.993883944,1803,97407,12,51,-13,179,132,122,0,1500,3474,2080,2085,1172,0x0001,0,0
0.994433900,1804,97417,10,40,-542,502,-84,170,0,1500,3508,2086,2085,1094,0x0001,0,0
0.994983744,1805,97429,12,51,-59,99,72,69,0,1500,3538,2086,2093,1160,0x0001,0,0
0.995533607,1806,97441,12,-40,-13,53,-29,33,0,1500,3573,2088,2086,1145,0x0001,0,0
0.996081581,1807,97451,10,144,-70,7,-37,68,0,1500,3603,2100,2050,1164,0x0001,0,0
0.996630944,1808,97463,12,51,-47,252,52,60,0,1500,3637,2088,2089,1152,0x0001,0,0
0.997180863,1809,97473,10,190,-59,99,80,70,0,1500,3674,2088,2086,1165,0x0001,0,0
0.997730392,1810,97485,12,109,-59,87,56,80,0,1500,3704,2091,2092,1145,0x0001,0,0
0.998284329,1811,97495,10,190,-1,-189,-66,-5,0,1500,3739,2081,2095,1157,0x0001,0,0
0.998841174,1812,97507,12,17,174,-164,-152,192,0,1500,3768,2088,2087,1174,0x0001,0,0
0.999390574,1813,97519,12,51,205,0,124,19,0,1500,3805,2093,2093,1140,0x0001,0,0
0.999940566,1814,97529,10,28,-13,-50,-62,29,0,1500,3840,2085,2113,1180,0x0001,0,0
